﻿<?xml version="1.0" encoding="utf-8"?>
<!--Generated with LocalizationBuddy.-->
<!--Copyright Firaxis Games 2010-->
<!--All Rights Reserved-->
<GameData>
  <Language_KO_KR>
    <Row Tag="TXT_KEY_LEADER_ATTILA">
      <Text>아틸라</Text>
	  <Plurality>2</Plurality>
    </Row>
    <Row Tag="TXT_KEY_LEADER_BOUDICCA">
      <Text>부디카</Text>
	  <Plurality>2</Plurality>
    </Row>
    <Row Tag="TXT_KEY_LEADER_DIDO">
      <Text>디도</Text>
	  <Plurality>2</Plurality>
    </Row>
    <Row Tag="TXT_KEY_LEADER_GUSTAVUS_ADOLPHUS">
      <Text>구스타프 아돌프</Text>
	  <Plurality>2</Plurality>
    </Row>
    <Row Tag="TXT_KEY_LEADER_ISABELLA">
      <Text>이사벨라</Text>
	  <Plurality>2</Plurality>
    </Row>
    <Row Tag="TXT_KEY_LEADER_MARIA">
      <Text>마리아 테레지아</Text>
	  <Plurality>2</Plurality>
    </Row>
    <Row Tag="TXT_KEY_LEADER_PACAL">
      <Text>파칼</Text>
    </Row>
    <Row Tag="TXT_KEY_LEADER_SELASSIE">
      <Text>하일레 셀라시에</Text>
	  <Plurality>2</Plurality>
    </Row>
    <Row Tag="TXT_KEY_LEADER_THEODORA">
      <Text>테오도라</Text>
	  <Plurality>2</Plurality>
    </Row>
    <Row Tag="TXT_KEY_LEADER_WILLIAM">
      <Text>빌렘 반 오라녜</Text>
	  <Plurality>2</Plurality>
    </Row>
  </Language_KO_KR>
</GameData>