﻿<?xml version="1.0" encoding="utf-8"?>
<!--Generated with LocalizationBuddy.-->
<!--Copyright Firaxis Games 2010-->
<!--All Rights Reserved-->
<GameData>
  <Language_KO_KR>
    <Row Tag="TXT_KEY_MEDIEVAL_SCENARIO_CITYSTATE_AUGSBURG">
      <Text>아우구스부르크</Text>
	  <Plurality>2</Plurality>
    </Row>
    <Row Tag="TXT_KEY_MEDIEVAL_SCENARIO_CITYSTATE_AUGSBURG_ADJ">
      <Text>아우구스부르크</Text>
	  <Plurality>2</Plurality>
    </Row>
    <Row Tag="TXT_KEY_MEDIEVAL_SCENARIO_CITYSTATE_COLOGNE">
      <Text>퀼른</Text>
    </Row>
    <Row Tag="TXT_KEY_MEDIEVAL_SCENARIO_CITYSTATE_COLOGNE_ADJ">
      <Text>퀼른</Text>
    </Row>
    <Row Tag="TXT_KEY_MEDIEVAL_SCENARIO_CITYSTATE_GDANSK">
      <Text>그단스크</Text>
	  <Plurality>2</Plurality>
    </Row>
    <Row Tag="TXT_KEY_MEDIEVAL_SCENARIO_CITYSTATE_GDANSK_ADJ">
      <Text>그단스크</Text>
	  <Plurality>2</Plurality>
    </Row>
    <Row Tag="TXT_KEY_MEDIEVAL_SCENARIO_CITYSTATE_MECCA">
      <Text>메카</Text>
	  <Plurality>2</Plurality>
    </Row>
    <Row Tag="TXT_KEY_MEDIEVAL_SCENARIO_CITYSTATE_MECCA_ADJ">
      <Text>메카</Text>
	  <Plurality>2</Plurality>
    </Row>
    <Row Tag="TXT_KEY_MEDIEVAL_SCENARIO_CITYSTATE_NAPLES">
      <Text>나폴리</Text>
	  <Plurality>2</Plurality>
    </Row>
    <Row Tag="TXT_KEY_MEDIEVAL_SCENARIO_CITYSTATE_NAPLES_ADJ">
      <Text>나폴리</Text>
	  <Plurality>2</Plurality>
    </Row>
    <Row Tag="TXT_KEY_MEDIEVAL_SCENARIO_CITYSTATE_POLOTSK">
      <Text>폴로츠크</Text>
	  <Plurality>2</Plurality>
    </Row>
    <Row Tag="TXT_KEY_MEDIEVAL_SCENARIO_CITYSTATE_POLOTSK_ADJ">
      <Text>폴로츠크</Text>
	  <Plurality>2</Plurality>
    </Row>
    <Row Tag="TXT_KEY_MEDIEVAL_SCENARIO_CITYSTATE_RIGA">
      <Text>리가</Text>
	  <Plurality>2</Plurality>
    </Row>
    <Row Tag="TXT_KEY_MEDIEVAL_SCENARIO_CITYSTATE_RIGA_ADJ">
      <Text>리가</Text>
	  <Plurality>2</Plurality>
    </Row>
    <Row Tag="TXT_KEY_MEDIEVAL_SCENARIO_CITYSTATE_TUNIS">
      <Text>튀니스</Text>
	  <Plurality>2</Plurality>
    </Row>
    <Row Tag="TXT_KEY_MEDIEVAL_SCENARIO_CITYSTATE_TUNIS_ADJ">
      <Text>튀니스</Text>
	  <Plurality>2</Plurality>
    </Row>
  </Language_KO_KR>
</GameData>