﻿<?xml version="1.0" encoding="utf-8"?>
<!--Generated with LocalizationBuddy.-->
<!--Copyright Firaxis Games 2010-->
<!--All Rights Reserved-->
<GameData>
  <Language_KO_KR>
    <Row Tag="TXT_KEY_BUILDING_ALHAMBRA">
      <Text>알함브라 궁전</Text>
    </Row>
    <Row Tag="TXT_KEY_BUILDING_AMPHITHEATER">
      <Text>원형 극장</Text>
    </Row>
    <Row Tag="TXT_KEY_BUILDING_BOMB_SHELTER">
      <Text>방공호</Text>
			<Plurality>2</Plurality>
    </Row>
    <Row Tag="TXT_KEY_BUILDING_CATHEDRAL">
      <Text>대성당</Text>
    </Row>
    <Row Tag="TXT_KEY_BUILDING_CEILIDH_HALL">
      <Text>연회장</Text>
    </Row>
    <Row Tag="TXT_KEY_BUILDING_CN_TOWER">
      <Text>CN 타워</Text>
	  			<Plurality>2</Plurality>
    </Row>
    <Row Tag="TXT_KEY_BUILDING_COFFEE_HOUSE">
      <Text>카페</Text>
	  			<Plurality>2</Plurality>
    </Row>
    <Row Tag="TXT_KEY_BUILDING_CONSTABLE">
      <Text>경찰대</Text>
	  			<Plurality>2</Plurality>
    </Row>
    <Row Tag="TXT_KEY_BUILDING_GREAT_FIREWALL">
      <Text>인터넷 검열 시스템</Text>
    </Row>
    <Row Tag="TXT_KEY_BUILDING_HUBBLE">
      <Text>허블 우주 망원경</Text>
    </Row>
    <Row Tag="TXT_KEY_BUILDING_INTELLIGENCE_AGENCY">
      <Text>국가 정보국</Text>
    </Row>
    <Row Tag="TXT_KEY_BUILDING_LEANING_TOWER">
      <Text>피사의 사탑</Text>
    </Row>
    <Row Tag="TXT_KEY_BUILDING_MAYA_PYRAMID">
      <Text>마야 피라미드</Text>
	  			<Plurality>2</Plurality>
    </Row>
    <Row Tag="TXT_KEY_BUILDING_MOSQUE">
      <Text>모스크</Text>
	  			<Plurality>2</Plurality>
    </Row>
    <Row Tag="TXT_KEY_BUILDING_MOSQUE_OF_DJENNE">
      <Text>젠네 모스크</Text>
	  			<Plurality>2</Plurality>
    </Row>
    <Row Tag="TXT_KEY_BUILDING_NEUSCHWANSTEIN">
      <Text>노이슈반슈타인 성</Text>
    </Row>
    <Row Tag="TXT_KEY_BUILDING_PAGODA">
      <Text>파고다</Text>
	  			<Plurality>2</Plurality>
    </Row>
    <Row Tag="TXT_KEY_BUILDING_PETRA">
      <Text>페트라</Text>
	  			<Plurality>2</Plurality>
    </Row>
    <Row Tag="TXT_KEY_BUILDING_POLICE_STATION">
      <Text>경찰서</Text>
	  			<Plurality>2</Plurality>
    </Row>
    <Row Tag="TXT_KEY_BUILDING_RECYCLING_CENTER">
      <Text>재활용 센터</Text>
	  			<Plurality>2</Plurality>
    </Row>
    <Row Tag="TXT_KEY_BUILDING_SHRINE">
      <Text>성소</Text>
	  			<Plurality>2</Plurality>
    </Row>
    <Row Tag="TXT_KEY_BUILDING_STELE">
      <Text>스텔레</Text>
	  			<Plurality>2</Plurality>
    </Row>
    <Row Tag="TXT_KEY_BUILDING_TERRACOTTA_ARMY">
      <Text>병마용</Text>
    </Row>
    <Row Tag="TXT_KEY_BUILDING_GRAND_TEMPLE">
      <Text>대사원</Text>
    </Row>
  </Language_KO_KR>
</GameData>