﻿<?xml version="1.0" encoding="utf-8"?>
<!--Generated with LocalizationBuddy.-->
<!--Copyright Firaxis Games 2010-->
<!--All Rights Reserved-->
<GameData>
  <Language_KO_KR>
    <Row Tag="TXT_KEY_BUILDING_AERODROME">
      <Text>비행장</Text>
    </Row>
    <Row Tag="TXT_KEY_BUILDING_AETHERIUM_FABRICATOR">
      <Text>에더리움 조작기</Text>
	  			<Plurality>2</Plurality>
    </Row>
    <Row Tag="TXT_KEY_BUILDING_AETHERIUM_FACTORY">
      <Text>에더리움 공장</Text>
    </Row>
    <Row Tag="TXT_KEY_BUILDING_AIRSHIP_HANGAR">
      <Text>비행선 격납고</Text>
	  			<Plurality>2</Plurality>
    </Row>
    <Row Tag="TXT_KEY_BUILDING_ANALYTICAL_ENGINE">
      <Text>분석 엔진</Text>
    </Row>
    <Row Tag="TXT_KEY_BUILDING_AUTOMATED_FACTORY">
      <Text>자동화 공장</Text>
    </Row>
    <Row Tag="TXT_KEY_BUILDING_BILTMORE_HOUSE">
      <Text>빌트모어하우스</Text>
	  			<Plurality>2</Plurality>
    </Row>
    <Row Tag="TXT_KEY_BUILDING_CARNEGIE_HALL">
      <Text>카네기홀</Text>
    </Row>
    <Row Tag="TXT_KEY_BUILDING_CHATEAU">
      <Text>샤토</Text>
    </Row>
    <Row Tag="TXT_KEY_BUILDING_DIFFERENCE_ENGINE">
      <Text>차분기관</Text>
    </Row>
    <Row Tag="TXT_KEY_BUILDING_GRAND_MANSION">
      <Text>대저택</Text>
    </Row>
    <Row Tag="TXT_KEY_BUILDING_GRANDSTAND">
      <Text>그랜드스탠드</Text>
	  			<Plurality>2</Plurality>
    </Row>
    <Row Tag="TXT_KEY_BUILDING_HOV">
      <Text>호브</Text>
	  			<Plurality>2</Plurality>
    </Row>
    <Row Tag="TXT_KEY_BUILDING_INVENTORS_HALL">
      <Text>발명가의 홀</Text>
    </Row>
    <Row Tag="TXT_KEY_BUILDING_LUBORIC_FACTORY">
      <Text>루보릭 공장</Text>
    </Row>
    <Row Tag="TXT_KEY_BUILDING_LUBORIC_REFINERY">
      <Text>루보릭 정제기</Text>
	  			<Plurality>2</Plurality>
    </Row>
    <Row Tag="TXT_KEY_BUILDING_MADRASAH">
      <Text>마드라사</Text>
	  			<Plurality>2</Plurality>
    </Row>
    <Row Tag="TXT_KEY_BUILDING_MEAD_HALL">
      <Text>미드홀</Text>
    </Row>
    <Row Tag="TXT_KEY_BUILDING_PATENT_OFFICE">
      <Text>특허국</Text>
    </Row>
    <Row Tag="TXT_KEY_BUILDING_PERPETUAL_MOTION_ENGINE">
      <Text>영구운동 엔진</Text>
    </Row>
    <Row Tag="TXT_KEY_BUILDING_PHILANTHROPORIUM">
      <Text>자선시장</Text>
    </Row>
    <Row Tag="TXT_KEY_BUILDING_STAVE_CHURCH">
      <Text>목조교회</Text>
	  			<Plurality>2</Plurality>
    </Row>
    <Row Tag="TXT_KEY_BUILDING_SUBTERRANEAN_COLONY">
      <Text>지하 식민지</Text>
	  			<Plurality>2</Plurality>
    </Row>
    <Row Tag="TXT_KEY_BUILDING_SUBTERRANEAN_OUTPOST">
      <Text>지하 전초기지</Text>
	  			<Plurality>2</Plurality>
    </Row>
    <Row Tag="TXT_KEY_BUILDING_TESLA_COIL">
      <Text>테슬라코일</Text>
    </Row>
    <Row Tag="TXT_KEY_BUILDING_TORUS_DYNAMO">
      <Text>토루스 발전기</Text>
	  			<Plurality>2</Plurality>
    </Row>
    <Row Tag="TXT_KEY_BUILDING_TRADE_COLLEGE">
      <Text>전문대학</Text>
    </Row>
    <Row Tag="TXT_KEY_MEDIEVAL_SCENARIO_BUILDING_UNITED_NATIONS">
      <Text>산피에트로 대성당</Text>
    </Row>
  </Language_KO_KR>
</GameData>