﻿<?xml version="1.0" encoding="utf-8"?>
<!--Generated with LocalizationBuddy.-->
<!--Copyright Firaxis Games 2010-->
<!--All Rights Reserved-->
<GameData>
  <Language_KO_KR>
    <Row Tag="TXT_KEY_STEAMPUNK_SCENARIO_ERA_5">
      <Text>증기기관 시대</Text>
	  <Plurality>2</Plurality>
    </Row>
    <Row Tag="TXT_KEY_STEAMPUNK_SCENARIO_ERA_6">
      <Text>비행선 시대</Text>
	  <Plurality>2</Plurality>
    </Row>
    <Row Tag="TXT_KEY_STEAMPUNK_SCENARIO_ERA_7">
      <Text>미래 시대</Text>
	  <Plurality>2</Plurality>
    </Row>
    <Row Tag="TXT_KEY_STEAMPUNK_SCENARIO_RESOURCE_ALUMINUM">
      <Text>에더리움</Text>
    </Row>
    <Row Tag="TXT_KEY_STEAMPUNK_SCENARIO_RESOURCE_URANIUM">
      <Text>루보릭</Text>
    </Row>
  </Language_KO_KR>
</GameData>