﻿<?xml version="1.0" encoding="utf-8"?>
<!--Generated with LocalizationBuddy.-->
<!--Copyright Firaxis Games 2010-->
<!--All Rights Reserved-->
<GameData>
  <Language_KO_KR>
    <Row Tag="TXT_KEY_FOR_SCENARIO_LEADER_ASKIA">
      <Text>가이세리크</Text>
    </Row>
    <Row Tag="TXT_KEY_FOR_SCENARIO_LEADER_AUGUSTUS">
      <Text>호노리우스</Text>
	  <Plurality>2</Plurality>
    </Row>
    <Row Tag="TXT_KEY_FOR_SCENARIO_LEADER_BISMARCK">
      <Text>알라리크 1세</Text>
	  <Plurality>2</Plurality>
    </Row>
    <Row Tag="TXT_KEY_FOR_SCENARIO_LEADER_DARIUS">
      <Text>바흐람 10세</Text>
	  <Plurality>2</Plurality>
    </Row>
    <Row Tag="TXT_KEY_FOR_SCENARIO_LEADER_NAPOLEON">
      <Text>클로디오</Text>
	  <Plurality>2</Plurality>
    </Row>
    <Row Tag="TXT_KEY_MEDIEVAL_SCENARIO_LEADER_ASKIA">
      <Text>살라딘</Text>
    </Row>
    <Row Tag="TXT_KEY_MEDIEVAL_SCENARIO_LEADER_HARUN">
      <Text>야쿠브 알 만수르</Text>
	  <Plurality>2</Plurality>
    </Row>
    <Row Tag="TXT_KEY_MEDIEVAL_SCENARIO_LEADER_NAPOLEON">
      <Text>프랑시스 1세</Text>
	  <Plurality>2</Plurality>
    </Row>
    <Row Tag="TXT_KEY_STEAMPUNK_SCENARIO_LEADER_BARBARIAN">
      <Text>러다이트</Text>
	  <Plurality>2</Plurality>
    </Row>
    <Row Tag="TXT_KEY_STEAMPUNK_SCENARIO_LEADER_BISMARCK">
      <Text>시루스 로데램</Text>
    </Row>
    <Row Tag="TXT_KEY_STEAMPUNK_SCENARIO_LEADER_CATHERINE">
      <Text>이그네이스 커르노우</Text>
	  <Plurality>2</Plurality>
    </Row>
    <Row Tag="TXT_KEY_STEAMPUNK_SCENARIO_LEADER_ELIZABETH">
      <Text>옥타비우스 커틀러</Text>
	  <Plurality>2</Plurality>
    </Row>
    <Row Tag="TXT_KEY_STEAMPUNK_SCENARIO_LEADER_GUSTAVUS_ADOLPHUS">
      <Text>루터 그리그스</Text>
	  <Plurality>2</Plurality>
    </Row>
    <Row Tag="TXT_KEY_STEAMPUNK_SCENARIO_LEADER_NAPOLEON">
      <Text>클린턴 엘더다이스</Text>
	  <Plurality>2</Plurality>
    </Row>
  </Language_KO_KR>
</GameData>