﻿<?xml version="1.0" encoding="utf-8"?>
<!--Generated with LocalizationBuddy.-->
<!--Copyright Firaxis Games 2010-->
<!--All Rights Reserved-->
<GameData>
  <Language_KO_KR>
    <Row Tag="TXT_KEY_BELIEF_CLERICAL_MARRIAGE_SHORT">
      <Text>기혼 성직자</Text>
	  <Plurality>2</Plurality>
    </Row>
    <Row Tag="TXT_KEY_BELIEF_HAJJ_SHORT">
      <Text>하즈</Text>
	  <Plurality>2</Plurality>
    </Row>
    <Row Tag="TXT_KEY_BELIEF_ICONOGRAPHY_SHORT">
      <Text>도상학</Text>
    </Row>
    <Row Tag="TXT_KEY_BELIEF_INDULGENCES_SHORT">
      <Text>면죄부</Text>
	  <Plurality>2</Plurality>
    </Row>
    <Row Tag="TXT_KEY_BELIEF_SALAT_SHORT">
      <Text>살라트</Text>
	  <Plurality>2</Plurality>
    </Row>
    <Row Tag="TXT_KEY_BELIEF_THIRD_ROME_SHORT">
      <Text>제3 로마제국</Text>
    </Row>
    <Row Tag="TXT_KEY_BELIEF_WORK_ETHIC_SHORT">
      <Text>직업윤리</Text>
	  <Plurality>2</Plurality>
    </Row>
    <Row Tag="TXT_KEY_MEDIEVAL_SCENARIO_BELIEF_CHURCH_PROPERTY_SHORT">
      <Text>부권제</Text>
	  <Plurality>2</Plurality>
    </Row>
    <Row Tag="TXT_KEY_MEDIEVAL_SCENARIO_BELIEF_ITINERANT_PREACHERS_SHORT">
      <Text>슬라브족 사도</Text>
	  <Plurality>2</Plurality>
    </Row>
    <Row Tag="TXT_KEY_MEDIEVAL_SCENARIO_BELIEF_MESSIAH_SHORT">
      <Text>개혁가</Text>
	  <Plurality>2</Plurality>
    </Row>
    <Row Tag="TXT_KEY_MEDIEVAL_SCENARIO_BELIEF_MISSIONARY_ZEAL_SHORT">
      <Text>다와</Text>
	  <Plurality>2</Plurality>
    </Row>
    <Row Tag="TXT_KEY_MEDIEVAL_SCENARIO_BELIEF_RELIGIOUS_TEXTS_SHORT">
      <Text>성경 번역</Text>
    </Row>
    <Row Tag="TXT_KEY_MEDIEVAL_SCENARIO_BELIEF_TITHE_SHORT">
      <Text>자카트</Text>
	  <Plurality>2</Plurality>
    </Row>
    <Row Tag="TXT_KEY_MEDIEVAL_SCENARIO_RELIGION_CHRISTIANITY">
      <Text>로마 가톨릭</Text>
    </Row>
    <Row Tag="TXT_KEY_RELIGION_ORTHODOXY">
      <Text>동방 정교</Text>
	  <Plurality>2</Plurality>
    </Row>
    <Row Tag="TXT_KEY_RELIGION_PROTESTANTISM">
      <Text>개신교</Text>
	  <Plurality>2</Plurality>
    </Row>
  </Language_KO_KR>
</GameData>