<?xml version="1.0" encoding="utf-8"?>
<!-- DLC Civilopedia Entries -->
<GameData>
	<Language_KO_KR>
		<Row Tag="TXT_KEY_CIV5_INCA_TITLE">
			<Text>잉카</Text>
		</Row>
		<Row Tag="TXT_KEY_CIV5_INCA_HEADING_1">
			<Text>역사</Text>
		</Row>
		<Row Tag="TXT_KEY_CIV5_INCA_HEADING_2">
			<Text>지리와 기후</Text>
		</Row>
		<Row Tag="TXT_KEY_CIV5_INCA_HEADING_3">
			<Text>초기 역사: 쿠스코 왕국</Text>
		</Row>
		<Row Tag="TXT_KEY_CIV5_INCA_HEADING_4">
			<Text>계속된 확장</Text>
		</Row>
		<Row Tag="TXT_KEY_CIV5_INCA_HEADING_5">
			<Text>백인의 등장</Text>
		</Row>
		<Row Tag="TXT_KEY_CIV5_INCA_HEADING_6">
			<Text>제국의 멸망</Text>
		</Row>
		<Row Tag="TXT_KEY_CIV5_INCA_STATBOX">
			<Text>[NEWLINE]        지도자: 파차쿠티[NEWLINE]        고유 유닛: 투석병[NEWLINE]        고유 시설: 계단식 농장[NEWLINE][NEWLINE]</Text>
		</Row>
		<Row Tag="TXT_KEY_CIV5_INCA_TEXT_1">
			<Text>콜럼버스가 아메리카 대륙을 발견하기 전 아메리카에서 가장 큰 제국이었던 잉카 제국은 안데스 산맥을 따라 페루에서 칠레까지 뻗어 있었습니다. 이 거대한 제국은 처음엔 작은 왕국으로 초라하게 시작했지만, 나중에는 "문명화"되어 남아메리카의 모든 지역을 지배하게 되었습니다. 제국은 비록 짧은 한 세기 동안만 지속하였지만, 산봉우리에 사는 다른 부족의 인종과 문화를 통합하는 일을 활발하게 진행했습니다. 잉카는 거의 멸망했음에도, 많은 유물과 과학적 구조물은 여전히 존재합니다. 예를 들면, 한때 잉카의 왕이 행사하던 권력의 증거로 마추픽추 같은 것이 있습니다.</Text>
		</Row>
		<Row Tag="TXT_KEY_CIV5_INCA_TEXT_2">
			<Text>
				제국은 안데스 산맥의 중심부에 있었으며, 오늘날의 아르헨티나, 에콰도르, 페루, 칠레, 볼리비아, 콜롬비아의 일부 지역을 포함하고 있었습니다. 산지가 많은 지형이었지만, 초기 잉카인은 계단식 농업 기법을 완성하여 산봉우리에서도 손쉽게 생활했습니다. 산봉우리 사이에 자리 잡고 있는 비옥한 골짜기는 잉카인이 생활하고 번식할 수 있는 풍요로운 장소로 제공했습니다.
			</Text>
		</Row>
		<Row Tag="TXT_KEY_CIV5_INCA_TEXT_3">
			<Text>
				잉카는 강대한 제국이 되기 전에 페루 서부 쪽에 있던 자그마한 쿠스코 왕국의 출신이었습니다. 쿠스코 왕국은 제9대 사파 잉카(유일한 왕)인 파차쿠티의 통치 아래, 주변에 있는 부족을 통일하기 위해 정복계획에 착수했습니다. 파차쿠티와 그의 아들 투팍은 군사적인 정복과 평화적인 흡수라는 두 가지 방법을 사용하여 타우안틴수유 제국(잉카 제국)의 기반을 닦아놓았습니다. 제국의 이름은 북서부의 친차수유, 북동부의 안티수유, 남서부에 콘티수유, 그리고 남동부에 콜라수유의 4개로 나누어진 지방의 글자 그대로 따와 지어졌습니다.[NEWLINE][NEWLINE]파차쿠티는 자신의 입지를 계속 유지할 수 있도록 새로운 정치 제도를 마련했습니다. 지배층 가문의 아이들은 쿠스코 (수도)로 이동하여 잉카인에게 직접 배우도록 했으며, 잉카의 문화와 생활 방식을 주입했습니다. 일단 아이들이 나이가 들었다면, 자신들의 원래 지방으로 되돌아가 잉카의 문화가 퍼질 수 있도록 도왔습니다.
			</Text>
		</Row>
		<Row Tag="TXT_KEY_CIV5_INCA_TEXT_4">
			<Text>1471년 파차쿠티의 죽음 이후, 그의 아들인 투팍 잉카 유판키는 북쪽에서 새로운 정복을 시작했습니다. 이 당시, 잉카의 하나뿐인 최대 경쟁자는 서쪽 기슭에 함께 있던 치모르 부족밖에 없었습니다. 투팍은 서둘러 그들을 해치웠고 그들의 영토를 확장 중인 제국으로 편입했습니다.[NEWLINE][NEWLINE]나중에 투팍의 아들인 와이나 카팍은 오늘날의 에콰도르라 할 수 있는 일부 지역을 편입했지만, 그의 남부 확장은 마울레 전투로 멈추게 되었습니다. 마푸체 부족은 이들의 진로 방향에서 잉카를 저지하였습니다. 이 지역의 영토 대부분이 주로 사막 불모지였기 때문에 잉카로서는 그다지 손해가 아니었고, 대다수 인구가 안데스 산맥에 그대로 남아 있었습니다.</Text>
		</Row>
		<Row Tag="TXT_KEY_CIV5_INCA_TEXT_5">
			<Text>1526년에 잉카가 지배하는 땅의 크기는 급격히 줄어들기 시작했습니다. 스페인 정복자 프란시스코 피사로는 파나마에서 남쪽으로 탐험하다 잉카의 영토에 이르렀고, 즉각 왕에게 침략을 허가해 줄 것을 청원했는데, 이 땅이 보물로 무르익었으리라고 굳게 믿었습니다.[NEWLINE][NEWLINE]그는 손에 쥐기만 하면 될 왕국을 찾아 1532년에 작은 부대와 함께 돌아왔습니다. 와이나의 두 아들 와스카르와 아타왈파는 영토 지배를 놓고 내전 중이었고, 천연두가 유입되어 주민에게 상당히 큰 피해를 줬습니다. 피사로의 병력(168명, 대포 1기, 말 27필)은 숫자상으로 잉카와 대적이 안 되었지만, 우월한 과학기술과 군사 전술로 끝내 버틸 수 있었습니다.[NEWLINE][NEWLINE]피사로의 첫 전투인 푸나 전투는 오늘날의 에콰도르 과야킬 인근에서 그 해 느지막히 일어났는데, 쉽게 이겼습니다. 피사로가 이 지역에서 새 도시인 피우라를 발견하고는 더 내륙을 탐험하기 위해 부하 중 한 명인 에르난도 드 소토를 보냈습니다. 드 소토는 큰 승리를 거둔 아타왈파와 만나게 되고, 만나자는 초대와 함께 피사로에게 돌아갔습니다. 스페인은 잉카에게 찰스 1세를 황제로 받아들이고 즉시 기독교로 개종하라고 요구했습니다. 아마도 언어 장벽이나 일반적인 의사소통 기술 부족 탓에 아타왈파는 회담의 정확한 뜻을 완전히 이해하지 못하여 추가 설명을 요구하는 의사소통을 더 시도했습니다. 불만이 커지고 화가 난 스페인은 더 나은 통역자를 찾는 대신에 아타왈파의 주둔지를 공격했고, 지휘관을 인질로 잡았습니다.[NEWLINE][NEWLINE]잉카 왕은 인질 석방 조건으로 피사로에게 막대한 양의 금과 은을 제의하자, 그는 바로 받아들였습니다. 그러나 피사로는 약속을 충실히 이행하지 않고 아타왈파를 잉카에 풀어주는 것을 거절했습니다. 이러던 중 와스카르가 암살당했는데, 피사로는 이 기회를 이용해서 아타왈파가 이 더러운 행위의 배후라고 주장했습니다. 스페인에 의해 진행된 수상한 구석이 있는 재판을 통해 아타왈파는 1533년 8월에 사형에 처했습니다.</Text>
		</Row>
		<Row Tag="TXT_KEY_CIV5_INCA_TEXT_6">
			<Text>아타왈파와 와스카르가 둘 다 그림에서 사라지자, 스페인은 이들의 동생인 망코를 왕으로 추대했는데, 그는 당분간은 그들에게 충실하게 협조했습니다. 망코는 자신의 세력 기반이 확고해지자 1536년에 쿠스코를 점령하고 제국을 되찾으려고 했지만, 스페인 침략자에 대적이 안 되었습니다. 그와 왕실은 페루 산맥까지 도망가서 이후 36년간 계속 통치했습니다. 그러나 1572년에 마지막 잉카 근거지가 무너졌고, 망코의 아들과 당시 왕인 투팍 아마루는 처형당했습니다.[NEWLINE][NEWLINE]잉카 왕족은 모두 죽고, 새 스페인 지배자는 원주민을 무참히 억압해서 그들의 문화, 종교, 전통을 벗겨 내려 했습니다. 각각의 잉카 가정은 한 명을 스페인 금광과 은광에서 일하도록 보내야 했고, 일하다가 죽으면 다른 사람이 즉각 대신해야 했는데, 열악한 노동 환경때문에 이런 일은 어림잡아 한두 해마다 일어났습니다. 천연두가 남은 제국 전체에 계속해서 빠르게 퍼져, 60%에서 90% 사이의 인구가 죽었습니다. 발진티푸스, 유행성 감기, 디프테리아, 홍역이 나머지를 모두 떠맡아서 1618년이 되자 거의 모든 잉카 문화의 흔적이 사라졌습니다. 한때 영예로운 문명이었지만 오늘날 남은 것은 흩어진 부족민 소수와 드러난 돌, 먼 과거의 유물뿐입니다.</Text>
		</Row>
		<Row Tag="TXT_KEY_CIV5_INCA_FACTOID_HEADING">
			<Text>잉카 정보</Text>
		</Row>
		<Row Tag="TXT_KEY_CIV5_INCA_FACTOID_TEXT">
			<Text>잉카에서는 회계 정보를 저장하는데 염색된 실로 매듭을 묶는 방법을 이용했습니다.[NEWLINE][NEWLINE]잉카인은 코카나무가 신성하면서도 마력이 있다고 믿어서, 그 나뭇잎을 수많은 종교의식에 사용했습니다.[NEWLINE][NEWLINE]지금까지 발견된 최고도의 영속적 잉카 정착지는 대략 해발 5,300미터에 자리 잡고 있습니다.</Text>
		</Row>
		<Row Tag="TXT_KEY_CIV5_PACHACUTI_LIVED">
			<Text>서기 약 1410년 - 1471년</Text>
		</Row>
		<Row Tag="TXT_KEY_CIV5_PACHACUTI_NAME">
			<Text>파차쿠티</Text>
		</Row>
		<Row Tag="TXT_KEY_CIV5_PACHACUTI_SUBTITLE">
			<Text>잉카의 지도자</Text>
		</Row>
		<Row Tag="TXT_KEY_CIV5_PACHACUTI_TITLES_1">
			<Text>사파 잉카</Text>
		</Row>
		<Row Tag="TXT_KEY_CIV5_PACHACUTI_HEADING_1">
			<Text>역사</Text>
		</Row>
		<Row Tag="TXT_KEY_CIV5_PACHACUTI_HEADING_2">
			<Text>왕좌에 등극</Text>
		</Row>
		<Row Tag="TXT_KEY_CIV5_PACHACUTI_HEADING_3">
			<Text>제국의 탄생</Text>
		</Row>
		<Row Tag="TXT_KEY_CIV5_PACHACUTI_HEADING_4">
			<Text>역사의 평가</Text>
		</Row>
		<Row Tag="TXT_KEY_CIV5_PACHACUTI_TEXT_1">
			<Text>파차쿠티는 쿠스코 왕국의 아홉 번째 통치자였는데, 그의 치세 중 조그마한 왕국을 광활한 제국 영토인 타완틴수유로 확장시켰습니다. 파차쿠티의 잉카 제국은 오늘날의 칠레에서 에콰도르까지 뻗어 나가서 페루, 볼리비아, 아르헨티나 북부 대부분을 포함했으며, 이후의 더 넓은 잉카 제국으로 성장할 기반을 닦았습니다.</Text>
		</Row>
		<Row Tag="TXT_KEY_CIV5_PACHACUTI_TEXT_2">
			<Text>
				파차쿠티는 잉카 비라코차의 아들이었는데, 왕위 서열상 형 우르코에 이어 두 번째였습니다. 이 시기 쿠스코 왕국은 다소 작았고, 주변 찬카 부족의 위협을 계속 받았습니다. 파차쿠티의 젊은 시절에 대해서는 알려진 것이 많지 않지만, 어느 찬카족의 침공 때 아버지에게 깊은 인상을 줄 기회를 잡으면서부터는 그렇지 않습니다. 아버지와 형은 전장에서 도망갔지만 파차쿠티는 남은 병력을 규합해서 그날 전투에서 이겼을 뿐만 아니라 찬카족을 완벽히 진압하였고, 전해지는 바로는 그가 싸울 때 땅이 들썩였다고 합니다. "대지를 뒤흔드는 자"라 불리는 파차쿠티는 새 왕세자이자 쿠스코의 공동 통치자로까지 임명되었습니다.
			</Text>
		</Row>
		<Row Tag="TXT_KEY_CIV5_PACHACUTI_TEXT_3">
			<Text>
				1438년에 파차쿠티는 아버지가 죽자 왕국의 유일한 통치자가 되었고, 거의 즉시 이웃 왕국에 여러 번의 성공적인 침공을 단행했습니다. 그의 새 제국은 에콰도르에서 칠레까지 뻗어 나갔고, 남아메리카에서 가공할 만한 왕국 중 하나가 되었습니다.[NEWLINE][NEWLINE]많은 왕국을 정복을 통해서 얻었지만, 파차쿠티는 새 지역을 얻기 위해 더 기만적인 전술을 쓰기도 했습니다. 그는 먼저 관심 있는 지역에 첩자를 보내서, 재력과 군사력에 대한 정보를 얻었습니다. 만약 호기심이 생기면 그는 그 땅의 통치자에게 순순히 넘길 것을 청하면서, 잉카의 지배 아래에서 사는 장점을 찬미했습니다. 많은 이들이 (찬카족의 운명을 반복하길 원치 않아) 받아들이고, 자식들을 쿠스코에서 살도록 보냈는데, 이곳에서 이들은 잉카의 법에 따라 교육되었습니다. 그런 후 그들은 사상을 주입받고 잉카 귀족과 혼인한 후 원래의 땅을 통치하러 되돌려 보내졌는데, 이로써 제국의 확대와 평화의 지속을 확고히 하였습니다.[NEWLINE][NEWLINE]새 땅을 정리하기 위해 그는 네 개의 지방으로 나눴는데, 각 지방은 일상의 업무를 처리하는 지역 통치자가 지배했습니다. 또, 그는 성직자와 군대 양자로 권력을 분립했는데, 최초의 견제와 균형 체제 중 하나를 이루었습니다. 쿠스코 자체는 제국의 수도 역할을 하도록 재건설했는데, 각 지방은 이 도시에서 각자의 구역을 맡았습니다. 또한, 이 시기 동안 그는 아주 유명한 마추픽추를 건설했는데, 오늘날에는 이것이 그가 개인적으로 사용한 사유 산이었다고 생각됩니다.[NEWLINE][NEWLINE]1471년에 그가 죽은 후, 파차쿠티의 어린 아들 투팍이 잉카 제국의 다음 황제가 되었는데, 형 아마루가 아버지 같은 전사가 되지 못해 무시당했기 때문입니다.
			</Text>
		</Row>
		<Row Tag="TXT_KEY_CIV5_PACHACUTI_TEXT_4">
			<Text>파차쿠티는 페루에서 국가 영웅으로 대접받으며, 그가 제국 곳곳에 건설한 기념비도 여전히 여럿 남아 있습니다. 그가 정치적, 군사적 능력으로 잘 알려졌지만, 그는 매우 자애로운 통치자는 아니었습니다. 제국의 영속성을 확고히 하기 위해 그는 수십만의 사람들을 쫓아내고, 제국 곳곳에 그가 보기에 알맞은 곳으로 이동시켰습니다. 비록 파차쿠티는 흠이 조금 있긴 했지만, 잉카의 최대 정복 시대를 열었고, 남아메리카에서 사람이 살았다고 알려진 거의 모든 곳을 지배할 때까지 왕국을 확장시켰습니다.</Text>
		</Row>
		<Row Tag="TXT_KEY_CIV5_PACHACUTI_FACTOID_HEADING">
			<Text>파차쿠티 정보</Text>
		</Row>
		<Row Tag="TXT_KEY_CIV5_PACHACUTI_FACTOID_TEXT">
			<Text>
				2000년 페루 대통령 선거에서 후보자 알레한드로 톨레도의 별명은 파차쿠티었습니다.[NEWLINE][NEWLINE]파차쿠티는 때때로 안데스 산맥의 나폴레옹으로 일컬어지는데, 이는 그의 무용의 증거입니다.[NEWLINE][NEWLINE]파차쿠티는 시인이자 시투아 신성 찬가의 작가입니다.
			</Text>
		</Row>
		<Row Tag="TXT_KEY_CIV5_INCA_SLINGER_HEADING">
			<Text>투석병</Text>
		</Row>
		<Row Tag="TXT_KEY_CIV5_INCA_SLINGER_TEXT">
			<Text>
				잉카 전사는 투석병으로 유명했습니다. 이들의 주력 발사물은 둥근 돌이었습니다. 비록 투석구가 활과 화살보다 사거리나 저지력이 뛰어나지는 못하지만, 매우 작고 가벼운 무기이다 보니, 잉카 전사는 거치적거리는 것 없이 쉽게 소지할 수 있었습니다. 구약 성서에 기록된 바로는, 훈련된 투석병은 한 개의 돌을 가지고도 매우 커다란 상대방을 죽일 수 있다고 기록되어 있습니다...
			</Text>
		</Row>
		<Row Tag="TXT_KEY_CIV5_INCA_SLINGER_HELP">
			<Text>궁병을 대체하는 잉카의 고유 유닛입니다. 궁병보다 강력하지 않을뿐더러, 근접 공격에 더욱 취약합니다. 하지만 적의 근접 공격이 일어나기 전에 높은 확률로 후방으로 후퇴할 수 있는 승급을 지니고 있습니다.</Text>
		</Row>
		<Row Tag="TXT_KEY_CIV5_INCA_SLINGER_STRATEGY">
			<Text>
        투석병은 적을 멀리서 공격할 수 있는 고대시대 원거리 유닛입니다. 이 잉카의 고유 유닛은 대부분의 근접 공격을 하기 전에 후퇴할 수 있습니다: 당신의 적을 괴롭히기 위해 사용하십시오. 하지만, 투석병은 장애물에 막혀 꼼작 못 하게 되거나 빠른 유닛이 추격하게 되면 쉽게 전멸할 수 있습니다.
      </Text>
		</Row>
        <Row Tag="TXT_KEY_CIV5_IMPROVEMENTS_TERRACE_FARM_HELP">
            <Text>계단식 농장은 언덕에서만 건설할 수 있으며, 어떠한 담수 영향도 받지 않습니다. 그리고 산 옆에 건설되면, 추가적인 [ICON_FOOD]식량을 얻을 수 있습니다.</Text>
        </Row>
        <Row Tag="TXT_KEY_CIV5_IMPROVEMENTS_TERRACE_FARM_TEXT">
			<Text>
				계단식 농장은 발리, 필리핀, 중국, 페루를 포함한 전 세계 산간 지역에서 동시에 발달했습니다. 이 폭이 좁은 계단식 농장은 언덕과 산허리를 깎아 관개용수가 흘러 넘치는 것을 방지하고 경작할 수 있는 토지를 제공했으며, 이전에는 일반적으로 불가능한 일이었습니다. 잉카인은 특히 계단식 농장의 달인이었으며, 자신의 계단식 농장을 제 위치에 고정하기 위해 크고 자연석으로 된 벽을 세웠습니다. 잉카인은 계단식 모양을 갖추고 난 후, 일정한 용수를 계단식 농장에 제공할 수 있도록 수로 방식을 도입하여, 토지의 비옥함을 증대시켰습니다. 고대 잉카인의 계단식 기법은 성공적이었으며, 오늘날 현대 페루의 농부는 자신의 농장에 여전히 이 기법을 채택하고 있습니다.[NEWLINE][NEWLINE]게임에서 계단식 농장이 지어진 타일 주변에 산 타일이 존재한다면, 산 타일당 [COLOR_POSITIVE_TEXT]1[COLOR_XX] [ICON_FOOD]식량을 추가로 받습니다. 이 효과는 중복 적용이 가능합니다. 또한 계단식 농장은 비료나 공공행정 등의 연구를 완료하면 추가 [ICON_FOOD]식량을 얻습니다.
			</Text>
		</Row>
		<Row Tag="TXT_KEY_BUILD_TERRACE_FARM">
			<Text>[LINK=IMPROVEMENT_TERRACE_FARM]계단식 농장[\LINK] 건설</Text>
		</Row>
	</Language_KO_KR>
</GameData>
