<?xml version="1.0" encoding="utf-8"?>
<!-- edited with XMLSPY v2004 rel. 2 U (http://www.xmlspy.com) by Ed Beach (Firaxis Games) -->
<GameData>
	<!-- LocBuddy does not yet handle DLC scenarios so for now add the scenario text to the DLC package.-->
	<Language_KO_KR>
		<Row Tag="TXT_KEY_NEWWORLD_SCENARIO_LEADER_NAPOLEON">
			<Text>프랑수아 1세</Text>
			<Plurality>2</Plurality>
		</Row>
		<Row Tag="TXT_KEY_NEWWORLD_SCENARIO_CIVILOPEDIA_LEADERS_NAPOLEON_NAME">
			<Text>프랑수아 1세</Text>
			<Plurality>2</Plurality>
		</Row>
	</Language_KO_KR>
</GameData>
