<?xml version="1.0" encoding="utf-8"?>
<!-- edited with XMLSPY v2004 rel. 2 U (http://www.xmlspy.com) by Ed Beach (Firaxis Games) -->
<GameData>
	<Language_KO_KR>
		<Row Tag="TXT_KEY_CIV_INCA_ADJECTIVE">
			<Text>[COLOR:200:230:0:255]잉카[COLOR_XX]의</Text>
		</Row>
		<Row Tag="TXT_KEY_CIV_INCA_DESC">
			<Text>잉카 제국</Text>
		</Row>
		<Row Tag="TXT_KEY_CIV_INCA_SHORT_DESC">
			<Text>[COLOR:200:230:0:255]잉카[COLOR_XX]</Text>
			<Plurality>2</Plurality>
		</Row>
		<Row Tag="TXT_KEY_CIV_SPAIN_ADJECTIVE">
			<Text>[COLOR:255:60:90:255]스페인[COLOR_XX]의</Text>
		</Row>
		<Row Tag="TXT_KEY_CIV_SPAIN_DESC">
			<Text>스페인 제국</Text>
		</Row>
		<Row Tag="TXT_KEY_CIV_SPAIN_SHORT_DESC">
			<Text>[COLOR:255:60:90:255]스페인[COLOR_XX]</Text>
		</Row>
	</Language_KO_KR>
</GameData>