<?xml version="1.0" encoding="utf-8"?>
<!-- edited with XMLSPY v2004 rel. 2 U (http://www.xmlspy.com) by Ed Beach (Firaxis Games) -->
<GameData>
	<!-- LocBuddy does not yet handle DLC scenarios so for now add the scenario text to the DLC package.-->
	<Language_KO_KR>
		<Row Tag="TXT_KEY_NEWWORLD_SCENARIO_TITLE">
			<Text>신대륙 정복</Text>
		</Row>
		<Row Tag="TXT_KEY_NEWWORLD_SCENARIO_DESC">
			<Text>[NEWLINE]무엇을 찾고 보든지 간에 동방으로 가는 길을 찾아 서쪽으로 항해하십시오. 아니면, 바다에서의 예기치 못한 위협을 직면하게 되는 아메리카 원주민 문명으로 플레이할 수도 있습니다.</Text>
		</Row>
		<Row Tag="TXT_KEY_NEWWORLD_SCENARIO_CIV5_DAWN_NEWWORLD_TEXT">
			<Text>
시나리오 설명[NEWLINE]시나리오 시작 연도는 1492년입니다. 중국과 인도를 찾아 대서양을 횡단하여 서쪽으로 길을 개척하고자 하는 용감무쌍한 탐험가들이 영국, 프랑스, 스페인의 왕실로 찾아왔습니다. 그들로 새로운 무역로를 개척하고 아시아 해안 국가로부터 막대한 부의 비밀을 벗겨볼 수 있겠습니까? 아니면, 가던 도중에 미지의 땅에서 좌초하겠습니까? 원주민으로 하여금 그들의 지식을 수용하고 무역에 대한 가능성을 보여주겠습니까? 아니면, 자기 나라를 침범한 자에 맞서 싸우시겠습니까? 미지의 해역을 용감하게 맞선 이들에게는 부, 명예, 기회가 기다리고 있습니다. 당신은 어떤 선택을 하겠습니까? 과연 누가 이 신대륙에서 패권을 차지할 수 있겠습니까?[NEWLINE][NEWLINE]승리 조건[NEWLINE]제일 먼저 승리 점수 1,000점에 도달하는 문명이 승리하게 됩니다. 캐러벨선이 탐험하여 중국에 도착하거나 당신의 수도로 보물수레 유닛을 보내게 되면, 보너스 승리 점수를 얻습니다. 각각의 6개 문명을 도전하고 싶은 대로 여러 번 플레이해 보십시오: 당신이 새로운 게임을 시작할 때마다 아메리카 대륙의 지도는 변경됩니다.[NEWLINE][NEWLINE]특별 규칙[NEWLINE]모든 해군 유닛은 우호적인 영토 밖에서 턴을 종료할 때, 체력이 줄어들게 되는 괴혈병이란 "승급"에 시달립니다. 이 질병에 저항하기 위해서는 국가 불가사의인 항해학교를 건설하십시오. 유럽 강대국은 해적질 기술을 연구하기 전까지는 서로 선전포고를 할 수 없습니다. 보물수레 유닛은 도시를 불태우거나 수도를 점령하면 얻을 수 있습니다. 또한, 자연 불가사의인 엘도라도와 세로데파스코에서도  생성될 수 있습니다. (지도 상에 구현될 경우). 골드와 승리 점수를 얻기 위해 이 민간 유닛을 당신의 수도로 옮기십시오.
      </Text>
		</Row>
		<Row Tag="TXT_KEY_NEWWORLD_SCENARIO_TURNSREMAINING">
			<Text>남은 턴: {1_TurnsRemaining}</Text>
		</Row>
		<Row Tag="TXT_KEY_NEWWORLD_SCENARIO_BRIEFING">
			<Text>브리핑</Text>
		</Row>
		<Row Tag="TXT_KEY_NEWWORLD_SCENARIO_VP_FUTURE_TECH">
			<Text>보물수레</Text>
		</Row>
		<Row Tag="TXT_KEY_NEWWORLD_SCENARIO_VP_WONDERS">
			<Text>중국</Text>
		</Row>
		<Row Tag="TXT_KEY_NEWWORLD_SCENARIO_DIPLO_MY_SCORE_FUTURE_TECH">
			<Text>보물수레에서 [COLOR_POSITIVE_TEXT]{1_Num}[COLOR_XX]</Text>
		</Row>
		<Row Tag="TXT_KEY_NEWWORLD_SCENARIO_DIPLO_MY_SCORE_WONDERS">
			<Text>중국에서 [COLOR_POSITIVE_TEXT]{1_Num}[COLOR_XX]</Text>
		</Row>
		<Row Tag="TXT_KEY_NEWWORLD_SCENARIO_DIPLO_MAY_NOT_ATTACK_MOD">
			<Text>당신은 해적질 기술을 연구하기 전까지 이 플레이어를 공격할 수 없습니다.</Text>
		</Row>
		<Row Tag="TXT_KEY_NEWWORLD_SCENARIO_TECH_IMPERIALISM_DESC">
			<Text>가장 기본적인 형태의 제국주의는 한 나라와 다른 나라 사이의 불평등한 관계를 말하며, 전자는 후자에 대해 일반적으로 몇 가지 제국의 형태로 얼마간의 지배력을 갖습니다. 제국주의 왕조는 중국에서 로마와 영국에 이르기까지 세계 모든 역사에서 찾아볼 수 있고, 제국주의 개념은 일반적인 정부의 출현 즈음인 수천 년 전부터 있었습니다. 그러나, "제국주의"라는 용어는 16세기에서야 만들어졌는데, 이때는 스페인, 영국, 벨기에, 네덜란드 같은 나라의 대외 정책이나 행사를 말하는 데 쓰였습니다.[NEWLINE][NEWLINE]제국주의는 전통적으로 크고 상징적인 군국주의 제국과 연관되지만, 훨씬 더 미묘한 의미로 나타나기도 합니다. 약한 나라 정부를 꼭 공식적으로 지배해야 하는 것은 아니며, 강한 문명은 때때로 순전히 경제, 정치, 종교적 방법만을 통해 간접적으로 약한 나라를 지배했습니다.
      </Text>
		</Row>
		<Row Tag="TXT_KEY_NEWWORLD_SCENARIO_TECH_IMPERIALISM_HELP">
			<Text>정찰할 수 있는 능력과 다른 대륙에서 식민지를 건설하는 일을 전문적으로 하는 유닛인 [COLOR_POSITIVE_TEXT]정복자[COLOR_XX]를 생산할 수 있습니다.</Text>
		</Row>
		<Row Tag="TXT_KEY_NEWWORLD_SCENARIO_TECH_IMPERIALISM_QUOTE">
			<Text>[NEWLINE][TAB][TAB]"미 제국주의는 종이호랑이에 불과하다."[NEWLINE][TAB][TAB] - 마오쩌둥[NEWLINE][TAB]</Text>
		</Row>
		<Row Tag="TXT_KEY_NEWWORLD_SCENARIO_TECH_NAVAL_TRADITION_DESC">
			<Text>해군전통은 항해 및 상비 해군에 대한 한 문명의 헌신과 그 해군이 가진 개개의 전통 및 관습을 모두 뜻합니다. 영국이나 스페인 같은 섬 및 해양 문명 다수는 오랫동안 지속해온 해군전통이 있는데, 바다가 그들의 경제적, 정치적 발달에 주된 역할을 했기 때문입니다. 육지에 둘러싸인 몇몇 나라는 평화를 유지하거나 전쟁을 벌이기 위해 직업 군인을 고용했지만, 해군에 관심 있던 문명은 땅에 제약된 육군보다는 선단이나 함대를 운용하면서 적의 배와 해적을 찾아 파도를 거슬러 다녔습니다.[NEWLINE][NEWLINE]최초의 해군에서 발생한 많은 전통을 오늘날의 선원이 여전히 따르고 있고, 일부는 배에 국한된 것을 넘어 육지 사람들에게도 확대되었습니다. 나팔형 바지를 입고, 상의 소매에 장식용 단추를 사용하며, "언행을 조심하는" 등의 일부 관행은 모두 해군전통에 뿌리를 두고 있습니다.
      </Text>
		</Row>
		<Row Tag="TXT_KEY_NEWWORLD_SCENARIO_TECH_NAVAL_TRADITION_HELP">
			<Text>신대륙의 비상</Text>
		</Row>
		<Row Tag="TXT_KEY_NEWWORLD_SCENARIO_TECH_NAVAL_TRADITION_QUOTE">
			<Text>[NEWLINE][TAB][TAB]"그놈의 해군 전통은 입에 담지도 말게. 해군의 전통이래 봤자 럼주나 처먹고 남색질에 채찍질하는 것 말고 뭐가 있나?"[NEWLINE][TAB][TAB] - 윈스턴 처칠[NEWLINE][TAB]</Text>
		</Row>
		<Row Tag="TXT_KEY_NEWWORLD_SCENARIO_TECH_PROSOLDIERS_DESC">
			<Text>직업군인은 대부분의 초기 문명에서 나타났던 오합지졸의 대충 창설된 의용군에 비하면 뚜렷한 개선입니다. 이 상근 병사는 가죽조끼를 입고 쇠스랑을 든 보통의 농부보다 장비를 더 잘 갖추고, 더 잘 훈련받으며, 대체로 더 효과적입니다. 로마 제국은 세계 최초로 직업군인으로 이루어진 상비군을 만들었고, 이들은 군사적 압승의 중요한 요소였습니다. 유럽에서는 1445년에 프랑스의 샤를 7세가 처음으로 직업군인을 고용했고, 이후 1685년에 영국의 왕 제임스 2세가 뒤를 이었습니다.[NEWLINE][NEWLINE]직업군인은 현대 문명의 군대와 방어 체계의 주된 요소이며, 많은 세계 선진국에서 찾아볼 수 있습니다.
      </Text>
		</Row>
		<Row Tag="TXT_KEY_NEWWORLD_SCENARIO_TECH_PROSOLDIERS_HELP">
			<Text>강력한 근접 유닛인 [COLOR_POSITIVE_TEXT]테르시오[COLOR_XX]를 생산할 수 있습니다.</Text>
		</Row>
		<Row Tag="TXT_KEY_NEWWORLD_SCENARIO_TECH_PROSOLDIERS_QUOTE">
			<Text>[NEWLINE][TAB][TAB]"비록 직업이 군인이지만, 나는 어떤 식으로든 절대 전쟁을 좋아하지 않고, 나는 절대 그것을 지지하지 않는다. 평화를 위해 한 전쟁을 제외하고는."[NEWLINE][TAB][TAB] - 율리시스 심프슨 그랜트[NEWLINE][TAB]</Text>
		</Row>
		<Row Tag="TXT_KEY_NEWWORLD_SCENARIO_TECH_PIRACY_DESC">
			<Text>바다에서의 습격, 약탈, 이루 말할 수 없는 폭력 - 해적의 인생은 멋진 이야기입니다. 가끔 대중 영화나 매체에서 낭만적으로 묘사되지만, 해적은 결코 재치 있고 기지 넘치는 잭 스패로우 선장이나 어린이들을 즐겁게 하는 해적 왕이 아닙니다. 이 해상 범죄자는 다른 배의 화물을 강제로 뺏고, 바닷가 마을을 습격했으며, 모든 형태의 문명화된 사회에 대한 보편적인 위협이었습니다. 해적질은 아마도 대략 문명이 화물과 사람을 바다 건너로 나를 때부터 있었으며, 해적질의 최초 기록은 기원전 13세기에까지 거슬러 올라갑니다.[NEWLINE][NEWLINE]가장 유명한 해적질 단골로는 유럽 바이킹족이 있는데, 연안 마을과 재산을 공포에 떨게 했고, 또 카리브 해 해적이 있는데, 이들은 일반적으로 금을 가득 실어 무거운 스페인 보물선을 나포하기를 즐겼습니다. 이 "고전" 시대 해적질은 영화나 책에 가장 흔하게 묘사되며, 약 1560년에서 1720년까지 이어졌습니다. 사브르 칼을 차고 멋부린 모자를 쓴 이 저명한 해적은 이제 소설 작품에서나 볼 수 있지만, 해적질은 여전히 많은 곳에서 만연하는데, 특히 아라비아 반도 연안 부근이 그렇습니다. 그러나 해적질은 사나포선의 행위와 혼동하거나 바꿔써서는 안 되는데, 이는 일반적으로 전쟁에서 득을 보기 위해 합법적 정부가 승인한 해상 습격의 한 형태입니다.
      </Text>
		</Row>
		<Row Tag="TXT_KEY_NEWWORLD_SCENARIO_TECH_PIRACY_HELP">
			<Text>[COLOR_POSITIVE_TEXT]사나포선[COLOR_XX]을 생산할 수 있으며, 유럽 강대국 간에 [COLOR_NEGATIVE_TEXT]선전포고[COLOR_XX]를 할 수 있습니다.</Text>
		</Row>
		<Row Tag="TXT_KEY_NEWWORLD_SCENARIO_TECH_PIRACY_QUOTE">
			<Text>[NEWLINE][TAB][TAB]"정말로 중요한 단 하나의 법칙은 이거야. 한 사람이 할 수 있는 것과 한 사람이 할 수 없는 것... 난 네가 물에 빠져 죽게 할 수는 있지만, 나 혼자만으로는 이 배를 토르튜섬에 몰고 갈 수 없어. 알겠나? 그러니 넌 해적의 지휘하에 노를 저을 수 있어, 없어?"[NEWLINE][TAB][TAB] - 잭 스패로우 선장[NEWLINE][TAB]</Text>
		</Row>
		<Row Tag="TXT_KEY_NEWWORLD_SCENARIO_TECH_WARSHIPS_DESC">
			<Text>많은 배가 바다를 빠르게 건너거나 최소한의 공간에 최대량의 화물을 싣도록 제작되지만, 군함은 한가지 목적만을 위해 설계되는데, 바로 다른 배를 파괴하는 것입니다. 몇몇 형태의 무기(전통적으로 대포나 충각 같은 것)로 무장하는 명백한 사실 외에 군함은 상선이나 여객선 같은 것보다 더 큰 피해도 버틸 수 있고 기동성도 더 뛰어납니다.[NEWLINE][NEWLINE]해군의 과학기술이 발전하면서, 군함도 발전했습니다. 갤리선과 삼단노선은 적함을 들이받을 수 있는 초기 형태의 군함이지만, 일반적으로 전투는 승선한 군인들에 의해 행해졌습니다. 그러나 대포가 빠른 재장전이 가능해지자, 대다수 범선이 배 양옆을 따라 열에 맞춰 대포를 배치했습니다. 결국에는 목선이 철선과 강철선에 자리를 내주고, 돛은 증기력과 원자력으로 대체되었습니다. 현대 군함은 최초의 갤리선과 닮은 점이 거의 없지만, 여전히 기본적인 설계 원리를 따르는데, 바로 놈들이 나를 없애기 전에 먼저 그들을 파괴할 수 있는 것입니다.
      </Text>
		</Row>
		<Row Tag="TXT_KEY_NEWWORLD_SCENARIO_TECH_WARSHIPS_HELP">
			<Text>르네상스시대의 가장 강력한 해군 유닛인 [COLOR_POSITIVE_TEXT]프리깃함[COLOR_XX]을 생산할 수 있습니다.</Text>
		</Row>
		<Row Tag="TXT_KEY_NEWWORLD_SCENARIO_TECH_WARSHIPS_QUOTE">
			<Text>[NEWLINE][TAB][TAB]"빌어먹을 어뢰 따위는 잊어버려! 전속력 앞으로!"[NEWLINE][TAB][TAB] - 데이비드 글래스고 패러거트 제독[NEWLINE][TAB]</Text>
		</Row>
		<Row Tag="TXT_KEY_NEWWORLD_SCENARIO_TECH_ROYAL_GUARDS_DESC">
			<Text>일반적으로 무장한 엘리트 병사로 이루어진 왕립근위대는 왕족이나 중요 성직자들을 보호하기 위해 고용된 전통적인 군사 및 의례 조직입니다. 또한, 역사적으로 이 엘리트 병사는 이중의 정치적 목적으로 쓰였는데, 이들의 독특한 위치 덕분에 보호받는 군주의 의견을 흔들 수 있었고, 아니면 쿠데타나 봉기 같은 것에서 중요한 역할을 했습니다.[NEWLINE][NEWLINE]몇몇 왕립근위대는 유명해져서 타국에도 잘 알려지게 되었는데, 스페인의 "카사 레알대"나 프랑스의 "총사대" 같은 것이 있습니다. 프랑스의 총사대는 엄밀히 말해 프랑스 왕립근위대의 하급 조직으로서, 실제로 대부분의 신변보호 책임을 졌던 왕립근위대 밑에 있었습니다. 그러나 알렉상드르 뒤마의 작품인 삼총사 덕분에 그들은 모든 문명의 왕립근위대 중에서 가장 인기 있고 잘 알려지게 되었습니다.
      </Text>
		</Row>
		<Row Tag="TXT_KEY_NEWWORLD_SCENARIO_TECH_ROYAL_GUARDS_HELP">
			<Text>일반적인 머스킷총병보다 강화된 [COLOR_POSITIVE_TEXT]총사대[COLOR_XX]를 생산할 수 있습니다.</Text>
		</Row>
		<Row Tag="TXT_KEY_NEWWORLD_SCENARIO_TECH_ROYAL_GUARDS_QUOTE">
			<Text>[NEWLINE][TAB][TAB]"이 세상은 불확실한 영역으로서 위험으로 가득 차 있다. 권력을 쫓아 실추된 명예, 약한 자가 강한 자에게 억압당할 때 희생된 자유. 하지만, 이러한 막강한 세력을 반대하고, 진실과 명예와 자유를 위해 목숨을 바치는 자들이 있다. 이들이 바로 총사대이다. 일어나라."[NEWLINE][TAB][TAB] - 루이 왕[NEWLINE][TAB]</Text>
		</Row>
		<Row Tag="TXT_KEY_NEWWORLD_SCENARIO_TECH_RELIGIOUS_ORDERS_DESC">
			<Text>세계의 많은 종교 중에는 대다수 사회와 멀리 떨어져 사는 독실한 이들로 이루어진 특별한 공동체와 조직이 있는데, 일반적으로 특정한 종교적 믿음에 더 완벽하게 다가가기 위해서 그렇게 합니다. 이러한 수도회는 종종 수도원이라는 물리적 형태를 띠는데, 이는 독실한 이가 수행하며 살 수 있는 건물이나 단지입니다.[NEWLINE][NEWLINE]어떤 수도회는 태어난 나라에서 살면서 기도하는 것에 만족했지만, 일부는 대신 자신의 믿음을 새로운 사람에게 퍼뜨리고 확장하는 것을 유일한 목적으로 설립되었습니다. 아메리카 대륙의 예수회 선교사는 그러한 수도회 중 하나입니다. 이들 예수회인은 대서양을 건너가 수도원을 세우고 아메리카 대륙 나라에 사절단을 보냈는데, 그들은 지역민에게 그들의 신념(?)과 서구 교육의 기본을 가르쳤습니다.
      </Text>
		</Row>
		<Row Tag="TXT_KEY_NEWWORLD_SCENARIO_TECH_RELIGIOUS_ORDERS_HELP">
			<Text>도시의 문화적 경계를 더 빠르게 확장할 수 있게 해주는 [COLOR_POSITIVE_TEXT]수도원[COLOR_XX]을 건설할 수 있습니다.</Text>
		</Row>
		<Row Tag="TXT_KEY_NEWWORLD_SCENARIO_TECH_RELIGIOUS_ORDERS_QUOTE">
			<Text>[NEWLINE][TAB][TAB]"순교한 예수회 수사를 나는 아는데, 그들의 삶은 모두 훌륭한 스승이었지만 그들은 최소한으로 기억되는 이들이다."[NEWLINE][TAB][TAB] - 대니얼 베리건[NEWLINE][TAB]</Text>
		</Row>
		<Row Tag="TXT_KEY_NEWWORLD_SCENARIO_TECH_TREASURE_FLEET_DESC">
			<Text>스페인이 아메리카 대륙에 도착해서 새 발견물과 보물을 유럽으로 실어 나르기 시작하면서, 그들은 자신의 배를 습격하는 해적의 커지는 압력을 물리치기 위해 새롭고 더 효과적인 항해법 개발이 필요했습니다. 스페인 보물함대가 그 해답이었는데, 이는 정박과 항해 관행이 엄격히 통제된 특별한 호송선 체제였습니다. 스페인을 떠나 아메리카 대륙을 출발한 함대는 특정한 항로를 따라 무리를 이루어 항해하도록 지시받았는데, 이로써 소규모 해군으로도 더 쉽게 보호할 수 있었습니다. 이후 이 함대는 제한적이고 보호받는 (세비야 같은) 항구 도시로만 항해하여, 해적의 습격 위험을 더 줄일 수 있었습니다.[NEWLINE][NEWLINE]보물함대는 16세기부터 18세기까지 스페인이 활용하여 크게 성공적이었고, 여전히 역사상 가장 유리하고 효과적인 해군 작전으로 여겨집니다. 그러나 1700년대에 스페인 영해에서 일부 중요한 연안 도시를 잃자 이 함대의 계속적인 존재가 위협받기 시작했습니다. 이를 물리치기 위해 카를로스 3세는 1765년에 이 엄격한 체제를 완화했고, 1780년대에는 더 많은 식민지가 이 함대에 합류하게 했습니다. 그러나 정식 함대는 1790년의 항해가 마지막이었고, 두 대륙 사이의 수송은 필요에 따라 소규모 함대가 맡도록 격하되었습니다.
      </Text>
		</Row>
		<Row Tag="TXT_KEY_NEWWORLD_SCENARIO_TECH_TREASURE_FLEET_HELP">
			<Text>모든 지상 유닛에 해군 공격에 맞서 방어할 수 있는 [COLOR_POSITIVE_TEXT]방어적 승선[COLOR_XX] 승급을 얻을 수 있습니다.</Text>
		</Row>
		<Row Tag="TXT_KEY_NEWWORLD_SCENARIO_TECH_TREASURE_FLEET_QUOTE">
			<Text>[NEWLINE][TAB][TAB]"금은 보물이다. 그리고 이를 소유한 이는 이 세계에서 바라던 모든 것을 이루고, 천국으로 영혼을 올리는 데 성공한 것이다."[NEWLINE][TAB][TAB] - 크리스토퍼 콜럼버스[NEWLINE][TAB]</Text>
		</Row>
		<Row Tag="TXT_KEY_NEWWORLD_SCENARIO_UNITS_TREASURE_HEADING">
			<Text>보물수레</Text>
		</Row>
		<Row Tag="TXT_KEY_NEWWORLD_SCENARIO_UNITS_TREASURE_TEXT">
			<Text>보물수레는 광산에서부터 목적지까지 신대륙의 스페인 보물함대 체제 전체를 아우릅니다. 아메리카 대륙의 여러 곳에서 채굴된 금이나 은은 라마나 노새에 실어 육로로 날랐는데, 잘 알려진 길을 따라 스페인 영해의 특정 항구 마을로 갔습니다. 이후 이들 항구에서 이 보물을 갈레온이나 상선에 싣고, 함께 대규모 무리를 이루어 대서양을 건넜습니다. 이 배들은 대서양을 건너 스페인으로 갈 때마다 매번 정밀한 항로를 따라갔는데, 이로써 해적과 도적으로부터 쉽게 보호받을 수 있었습니다. 이 보물수레는 스페인이 당시 가장 부유한 문명이 되는데 일조했고, 세계에서 가장 인상적인 해군 작전이 탄생하는 데 중요한 역할을 했습니다.</Text>
		</Row>
		<Row Tag="TXT_KEY_NEWWORLD_SCENARIO_UNIT_TREASURE_STRATEGY">
			<Text>이 시나리오에서만 허용된 독특한 민간 유닛으로서, 신대륙의 금이나 은을 실은 육지의 노새 무리(또는 승선 시에는 보물함대)를 나타냅니다. 골드와 승리 점수를 얻으려면 이것을 당신의 수도로 옮기십시오.</Text>
		</Row>
		<Row Tag="TXT_KEY_NEWWORLD_SCENARIO_FIRST_SPANISH_EXPLORER">
			<Text>콜럼버스</Text>
		</Row>
		<Row Tag="TXT_KEY_NEWWORLD_SCENARIO_FIRST_FRENCH_EXPLORER">
			<Text>베라자노</Text>
		</Row>
		<Row Tag="TXT_KEY_NEWWORLD_SCENARIO_FIRST_ENGLISH_EXPLORER">
			<Text>캐벗</Text>
		</Row>
		<Row Tag="TXT_KEY_CIV5_NEWWORLD_SCENARIO_TERCIO_HELP">
			<Text>르네상스시대의 강력한 군사 유닛입니다. 이 유닛은 높은 [ICON_STRENGTH]전투력을 지니고 있으며, 거기에다 기마 유닛과 전투 시 보너스 [COLOR_POSITIVE_TEXT]100%[COLOR_XX]의 승급도 지니고 있습니다. 어떠한 문명에서도 생산할 수 있습니다.</Text>
		</Row>
		<Row Tag="TXT_KEY_CIV5_NEWWORLD_SCENARIO_TERCIO_STRATEGY">
			<Text>이 유닛은 머스킷총병보다 전투력이 강하고 기마 유닛에 두 배의 피해를 줄 수 있습니다.</Text>
		</Row>
		<Row Tag="TXT_KEY_CIV5_NEWWORLD_SCENARIO_CONQUISTADOR_HELP">
			<Text>정찰할 수 있는 능력과 다른 대륙에서 식민지를 건설하는 일을 전문적으로 하는 르네상스시대 유닛입니다. 어떠한 문명에서도 생산할 수 있습니다.</Text>
		</Row>
		<Row Tag="TXT_KEY_CIV5_NEWWORLD_SCENARIO_CONQUISTADOR_STRATEGY">
			<Text>정복자는 지상과 해상 양쪽 모두에서 강력한 다목적 유닛입니다. 정복자는 지상에서 추가 시야를 가지고 있어 우수한 정찰 능력과 새로운 도시를 건설할 수 있는 능력이 있습니다. 정복자는 해상에서 해군 유닛에 맞서 스스로 방어할 수 있는 "방어적 승선" 승급을 지니고 있습니다. 기사와는 달리, 도시를 공격할 때 얻는 페널티가 없으므로 이에 대한 걱정이 없습니다.</Text>
		</Row>
		<Row Tag="TXT_KEY_CIV5_NEWWORLD_SCENARIO_MUSKETEER_HELP">
			<Text>이 유닛은 머스킷총병보다 [ICON_STRENGTH]전투력이 높으며, 게임에서 가장 강력한 근접 유닛입니다. 어떠한 문명에서도 생산할 수 있습니다.</Text>
		</Row>
		<Row Tag="TXT_KEY_CIV5_NEWWORLD_SCENARIO_MUSKETEER_STRATEGY">
			<Text>총사대는 머스킷총병보다 상당히 강력하며, 게임에서 가장 강력한 보병 유닛입니다.</Text>
		</Row>
		<Row Tag="TXT_KEY_NEWWORLD_SCENARIO_CIV5_DAWN_SPAIN_TEXT">
			<Text>
시나리오 설명[NEWLINE]시나리오 시작 연도는 1492년입니다. 중국과 인도를 찾아 대서양을 횡단하여 서쪽으로 길을 개척하고자 하는 용감무쌍한 탐험가들이 영국, 프랑스, 스페인의 왕실로 찾아왔습니다. 그들로 새로운 무역로를 개척하고 아시아 해안 국가로부터 막대한 부의 비밀을 벗겨볼 수 있겠습니까? 아니면, 가던 도중에 미지의 땅에서 좌초하겠습니까? 원주민으로 하여금 그들의 지식을 수용하고 무역에 대한 가능성을 보여주겠습니까? 아니면, 자기 나라를 침범한 자에 맞서 싸우시겠습니까? 미지의 해역을 용감하게 맞선 이들에게는 부, 명예, 기회가 기다리고 있습니다. 당신은 어떤 선택을 하겠습니까? 과연 누가 이 신대륙에서 패권을 차지할 수 있겠습니까?[NEWLINE][NEWLINE]승리 조건[NEWLINE]제일 먼저 승리 점수 1,000점에 도달하는 문명이 승리하게 됩니다. 캐러벨선이 탐험하여 중국에 도착하거나 당신의 수도로 보물수레 유닛을 보내게 되면, 보너스 승리 점수를 얻습니다. 각각의 6개 문명을 도전하고 싶은 대로 여러 번 플레이해 보십시오: 당신이 새로운 게임을 시작할 때마다 아메리카 대륙의 지도는 변경됩니다.[NEWLINE][NEWLINE]특별 규칙[NEWLINE]모든 해군 유닛은 우호적인 영토 밖에서 턴을 종료할 때, 체력이 줄어들게 되는 괴혈병이란 "승급"에 시달립니다. 이 질병에 저항하기 위해서는 국가 불가사의인 항해학교를 건설하십시오. 유럽 강대국은 해적질 기술을 연구하기 전까지는 서로 선전포고를 할 수 없습니다. 보물수레 유닛은 도시를 불태우거나 수도를 점령하면 얻을 수 있습니다. 또한, 자연 불가사의인 엘도라도와 세로데파스코에서도  생성될 수 있습니다. (지도 상에 구현될 경우). 골드와 승리 점수를 얻기 위해 이 민간 유닛을 당신의 수도로 옮기십시오.
   </Text>
		</Row>
		<Row Tag="TXT_KEY_NEWWORLD_SCENARIO_CIV5_DAWN_ENGLAND_TEXT">
			<Text>
시나리오 설명[NEWLINE]시나리오 시작 연도는 1492년입니다. 중국과 인도를 찾아 대서양을 횡단하여 서쪽으로 길을 개척하고자 하는 용감무쌍한 탐험가들이 영국, 프랑스, 스페인의 왕실로 찾아왔습니다. 그들로 새로운 무역로를 개척하고 아시아 해안 국가로부터 막대한 부의 비밀을 벗겨볼 수 있겠습니까? 아니면, 가던 도중에 미지의 땅에서 좌초하겠습니까? 원주민으로 하여금 그들의 지식을 수용하고 무역에 대한 가능성을 보여주겠습니까? 아니면, 자기 나라를 침범한 자에 맞서 싸우시겠습니까? 미지의 해역을 용감하게 맞선 이들에게는 부, 명예, 기회가 기다리고 있습니다. 당신은 어떤 선택을 하겠습니까? 과연 누가 이 신대륙에서 패권을 차지할 수 있겠습니까?[NEWLINE][NEWLINE]승리 조건[NEWLINE]제일 먼저 승리 점수 1,000점에 도달하는 문명이 승리하게 됩니다. 캐러벨선이 탐험하여 중국에 도착하거나 당신의 수도로 보물수레 유닛을 보내게 되면, 보너스 승리 점수를 얻습니다. 각각의 6개 문명을 도전하고 싶은 대로 여러 번 플레이해 보십시오: 당신이 새로운 게임을 시작할 때마다 아메리카 대륙의 지도는 변경됩니다.[NEWLINE][NEWLINE]특별 규칙[NEWLINE]모든 해군 유닛은 우호적인 영토 밖에서 턴을 종료할 때, 체력이 줄어들게 되는 괴혈병이란 "승급"에 시달립니다. 이 질병에 저항하기 위해서는 국가 불가사의인 항해학교를 건설하십시오. 유럽 강대국은 해적질 기술을 연구하기 전까지는 서로 선전포고를 할 수 없습니다. 보물수레 유닛은 도시를 불태우거나 수도를 점령하면 얻을 수 있습니다. 또한, 자연 불가사의인 엘도라도와 세로데파스코에서도  생성될 수 있습니다. (지도 상에 구현될 경우). 골드와 승리 점수를 얻기 위해 이 민간 유닛을 당신의 수도로 옮기십시오.
   </Text>
		</Row>
		<Row Tag="TXT_KEY_NEWWORLD_SCENARIO_CIV5_DAWN_FRANCE_TEXT">
			<Text>
시나리오 설명[NEWLINE]시나리오 시작 연도는 1492년입니다. 중국과 인도를 찾아 대서양을 횡단하여 서쪽으로 길을 개척하고자 하는 용감무쌍한 탐험가들이 영국, 프랑스, 스페인의 왕실로 찾아왔습니다. 그들로 새로운 무역로를 개척하고 아시아 해안 국가로부터 막대한 부의 비밀을 벗겨볼 수 있겠습니까? 아니면, 가던 도중에 미지의 땅에서 좌초하겠습니까? 원주민으로 하여금 그들의 지식을 수용하고 무역에 대한 가능성을 보여주겠습니까? 아니면, 자기 나라를 침범한 자에 맞서 싸우시겠습니까? 미지의 해역을 용감하게 맞선 이들에게는 부, 명예, 기회가 기다리고 있습니다. 당신은 어떤 선택을 하겠습니까? 과연 누가 이 신대륙에서 패권을 차지할 수 있겠습니까?[NEWLINE][NEWLINE]승리 조건[NEWLINE]제일 먼저 승리 점수 1,000점에 도달하는 문명이 승리하게 됩니다. 캐러벨선이 탐험하여 중국에 도착하거나 당신의 수도로 보물수레 유닛을 보내게 되면, 보너스 승리 점수를 얻습니다. 각각의 6개 문명을 도전하고 싶은 대로 여러 번 플레이해 보십시오: 당신이 새로운 게임을 시작할 때마다 아메리카 대륙의 지도는 변경됩니다.[NEWLINE][NEWLINE]특별 규칙[NEWLINE]모든 해군 유닛은 우호적인 영토 밖에서 턴을 종료할 때, 체력이 줄어들게 되는 괴혈병이란 "승급"에 시달립니다. 이 질병에 저항하기 위해서는 국가 불가사의인 항해학교를 건설하십시오. 유럽 강대국은 해적질 기술을 연구하기 전까지는 서로 선전포고를 할 수 없습니다. 보물수레 유닛은 도시를 불태우거나 수도를 점령하면 얻을 수 있습니다. 또한, 자연 불가사의인 엘도라도와 세로데파스코에서도  생성될 수 있습니다. (지도 상에 구현될 경우). 골드와 승리 점수를 얻기 위해 이 민간 유닛을 당신의 수도로 옮기십시오.
   </Text>
		</Row>
		<Row Tag="TXT_KEY_NEWWORLD_SCENARIO_CIV5_DAWN_INCA_TEXT">
			<Text>
시나리오 설명[NEWLINE]시나리오 시작 연도는 1492년입니다. 중국과 인도를 찾아 대서양을 횡단하여 서쪽으로 길을 개척하고자 하는 용감무쌍한 탐험가들이 영국, 프랑스, 스페인의 왕실로 찾아왔습니다. 그들로 새로운 무역로를 개척하고 아시아 해안 국가로부터 막대한 부의 비밀을 벗겨볼 수 있겠습니까? 아니면, 가던 도중에 미지의 땅에서 좌초하겠습니까? 원주민으로 하여금 그들의 지식을 수용하고 무역에 대한 가능성을 보여주겠습니까? 아니면, 자기 나라를 침범한 자에 맞서 싸우시겠습니까? 미지의 해역을 용감하게 맞선 이들에게는 부, 명예, 기회가 기다리고 있습니다. 당신은 어떤 선택을 하겠습니까? 과연 누가 이 신대륙에서 패권을 차지할 수 있겠습니까?[NEWLINE][NEWLINE]승리 조건[NEWLINE]제일 먼저 승리 점수 1,000점에 도달하는 문명이 승리하게 됩니다. 캐러벨선이 탐험하여 중국에 도착하거나 당신의 수도로 보물수레 유닛을 보내게 되면, 보너스 승리 점수를 얻습니다. 각각의 6개 문명을 도전하고 싶은 대로 여러 번 플레이해 보십시오: 당신이 새로운 게임을 시작할 때마다 아메리카 대륙의 지도는 변경됩니다.[NEWLINE][NEWLINE]특별 규칙[NEWLINE]모든 해군 유닛은 우호적인 영토 밖에서 턴을 종료할 때, 체력이 줄어들게 되는 괴혈병이란 "승급"에 시달립니다. 이 질병에 저항하기 위해서는 국가 불가사의인 항해학교를 건설하십시오. 유럽 강대국은 해적질 기술을 연구하기 전까지는 서로 선전포고를 할 수 없습니다. 보물수레 유닛은 도시를 불태우거나 수도를 점령하면 얻을 수 있습니다. 또한, 자연 불가사의인 엘도라도와 세로데파스코에서도  생성될 수 있습니다. (지도 상에 구현될 경우). 골드와 승리 점수를 얻기 위해 이 민간 유닛을 당신의 수도로 옮기십시오.
   </Text>
		</Row>
		<Row Tag="TXT_KEY_NEWWORLD_SCENARIO_CIV5_DAWN_AZTECS_TEXT">
			<Text>
시나리오 설명[NEWLINE]시나리오 시작 연도는 1492년입니다. 중국과 인도를 찾아 대서양을 횡단하여 서쪽으로 길을 개척하고자 하는 용감무쌍한 탐험가들이 영국, 프랑스, 스페인의 왕실로 찾아왔습니다. 그들로 새로운 무역로를 개척하고 아시아 해안 국가로부터 막대한 부의 비밀을 벗겨볼 수 있겠습니까? 아니면, 가던 도중에 미지의 땅에서 좌초하겠습니까? 원주민으로 하여금 그들의 지식을 수용하고 무역에 대한 가능성을 보여주겠습니까? 아니면, 자기 나라를 침범한 자에 맞서 싸우시겠습니까? 미지의 해역을 용감하게 맞선 이들에게는 부, 명예, 기회가 기다리고 있습니다. 당신은 어떤 선택을 하겠습니까? 과연 누가 이 신대륙에서 패권을 차지할 수 있겠습니까?[NEWLINE][NEWLINE]승리 조건[NEWLINE]제일 먼저 승리 점수 1,000점에 도달하는 문명이 승리하게 됩니다. 캐러벨선이 탐험하여 중국에 도착하거나 당신의 수도로 보물수레 유닛을 보내게 되면, 보너스 승리 점수를 얻습니다. 각각의 6개 문명을 도전하고 싶은 대로 여러 번 플레이해 보십시오: 당신이 새로운 게임을 시작할 때마다 아메리카 대륙의 지도는 변경됩니다.[NEWLINE][NEWLINE]특별 규칙[NEWLINE]모든 해군 유닛은 우호적인 영토 밖에서 턴을 종료할 때, 체력이 줄어들게 되는 괴혈병이란 "승급"에 시달립니다. 이 질병에 저항하기 위해서는 국가 불가사의인 항해학교를 건설하십시오. 유럽 강대국은 해적질 기술을 연구하기 전까지는 서로 선전포고를 할 수 없습니다. 보물수레 유닛은 도시를 불태우거나 수도를 점령하면 얻을 수 있습니다. 또한, 자연 불가사의인 엘도라도와 세로데파스코에서도  생성될 수 있습니다. (지도 상에 구현될 경우). 골드와 승리 점수를 얻기 위해 이 민간 유닛을 당신의 수도로 옮기십시오.
   </Text>
		</Row>
		<Row Tag="TXT_KEY_NEWWORLD_SCENARIO_CIV5_DAWN_IROQUOIS_TEXT">
			<Text>
시나리오 설명[NEWLINE]시나리오 시작 연도는 1492년입니다. 중국과 인도를 찾아 대서양을 횡단하여 서쪽으로 길을 개척하고자 하는 용감무쌍한 탐험가들이 영국, 프랑스, 스페인의 왕실로 찾아왔습니다. 그들로 새로운 무역로를 개척하고 아시아 해안 국가로부터 막대한 부의 비밀을 벗겨볼 수 있겠습니까? 아니면, 가던 도중에 미지의 땅에서 좌초하겠습니까? 원주민으로 하여금 그들의 지식을 수용하고 무역에 대한 가능성을 보여주겠습니까? 아니면, 자기 나라를 침범한 자에 맞서 싸우시겠습니까? 미지의 해역을 용감하게 맞선 이들에게는 부, 명예, 기회가 기다리고 있습니다. 당신은 어떤 선택을 하겠습니까? 과연 누가 이 신대륙에서 패권을 차지할 수 있겠습니까?[NEWLINE][NEWLINE]승리 조건[NEWLINE]제일 먼저 승리 점수 1,000점에 도달하는 문명이 승리하게 됩니다. 캐러벨선이 탐험하여 중국에 도착하거나 당신의 수도로 보물수레 유닛을 보내게 되면, 보너스 승리 점수를 얻습니다. 각각의 6개 문명을 도전하고 싶은 대로 여러 번 플레이해 보십시오: 당신이 새로운 게임을 시작할 때마다 아메리카 대륙의 지도는 변경됩니다.[NEWLINE][NEWLINE]특별 규칙[NEWLINE]모든 해군 유닛은 우호적인 영토 밖에서 턴을 종료할 때, 체력이 줄어들게 되는 괴혈병이란 "승급"에 시달립니다. 이 질병에 저항하기 위해서는 국가 불가사의인 항해학교를 건설하십시오. 유럽 강대국은 해적질 기술을 연구하기 전까지는 서로 선전포고를 할 수 없습니다. 보물수레 유닛은 도시를 불태우거나 수도를 점령하면 얻을 수 있습니다. 또한, 자연 불가사의인 엘도라도와 세로데파스코에서도  생성될 수 있습니다. (지도 상에 구현될 경우). 골드와 승리 점수를 얻기 위해 이 민간 유닛을 당신의 수도로 옮기십시오.
   </Text>
		</Row>
		<Row Tag="TXT_KEY_NEWWORLD_SCENARIO_LEADER_NAPOLEON_FIRSTGREETING_1">
			<Text>환영하네. 나는 르네상스 예술의 위대한 후원자인 프랑수아 1세라네!</Text>
		</Row>
		<Row Tag="TXT_KEY_NEWWORLD_SCENARIO_LEADER_NAPOLEON_FIRSTGREETING_2">
			<Text>이방인이여, 환영하네! 나는 프랑스의 왕인 프랑수아 1세라고 하지! 나는 내 친구한테는 헌신적이지만, 적에게는 죽음을 내리지. 자넨 어느 쪽이 되고 싶은가?</Text>
		</Row>
		<Row Tag="TXT_KEY_NEWWORLD_SCENARIO_LEADER_NAPOLEON_FIRSTGREETING_3">
			<Text>오. 우리가 드디어 만났군. 나는 프랑스의 왕인 프랑수아 1세라네. 어서 오게. 우리 위대한 두 양국 간에 놓인 바다 너머의 영토에 대해서 논의해보도록 하지.</Text>
		</Row>
		<Row Tag="TXT_KEY_NEWWORLD_SCENARIO_LEADER_NAPOLEON_FIRSTGREETING_4">
			<Text>반갑네. 나는 프랑스의 발루아 왕인 프랑수아 1세라네. 내가 최근에 지은 대저택을 보러 왔는가?</Text>
		</Row>
		<Row Tag="TXT_KEY_NEWWORLD_SCENARIO_CIVILOPEDIA_LEADERS_NAPOLEON_SUBTITLE">
			<Text>프랑스의 왕</Text>
		</Row>
		<Row Tag="TXT_KEY_NEWWORLD_SCENARIO_CIVILOPEDIA_LEADERS_NAPOLEON_LIVED">
			<Text>서기 1494 - 1547</Text>
		</Row>
		<Row Tag="TXT_KEY_NEWWORLD_SCENARIO_CIVILOPEDIA_LEADERS_NAPOLEON_HEADING_1">
			<Text>역사</Text>
		</Row>
		<Row Tag="TXT_KEY_NEWWORLD_SCENARIO_CIVILOPEDIA_LEADERS_NAPOLEON_TEXT_1">
			<Text>프랑수아 1세는 1515년부터 1547년까지 프랑스를 통치한 왕이었으며 이 기간에 술레이만과 힘을 합쳐서 프랑코-오스만 동맹을 형성하기도 했습니다. 신성 로마 제국의 황제, 카를 5세는 그가 축출해야 할 가장 큰 목표였으며 이 때문에 수차례 로마를 상대로 전쟁을 일으켰습니다. 1525년의 파비의 전투에서 프랑수아 1세는 카를에게 사로잡혔으며 그가 풀려나는 조건으로 자신의 두 아들 헨리와 프란시스를 넘겨줄 때까지 1년 넘게 포로 생활을 해야만 했습니다.</Text>
		</Row>
		<Row Tag="TXT_KEY_NEWWORLD_SCENARIO_TRAIT_CITY_STATE_FRIENDSHIP_SHORT">
			<Text>원주민 동맹</Text>
		</Row>
		<Row Tag="TXT_KEY_PROMOTION_SCURVY">
			<Text>괴혈병</Text>
		</Row>
		<Row Tag="TXT_KEY_PROMOTION_SCURVY_HELP">
			<Text>우호적인 영토 밖에서 턴을 종료하게 된다면, [COLOR_POSITIVE_TEXT]65%[COLOR_XX] 확률로 [COLOR_NEGATIVE_TEXT]1[COLOR_XX] 피해를 입음</Text>
		</Row>
		<Row Tag="TXT_KEY_PEDIA_PROMOTION_SCURVY">
			<Text>우호적인 영토 밖에서는 체력이 감소함</Text>
		</Row>
		<Row Tag="TXT_KEY_NEWWORLD_SCENARIO_MISC_YOU_UNIT_WAS_DESTROYED_ATTRITION">
			<Text>당신의 [COLOR_POSITIVE_TEXT]{@1_UnitName}[COLOR_XX] 유닛이 괴혈병으로 파괴되었습니다!</Text>
		</Row>
		<Row Tag="TXT_KEY_NEWWORLD_SCENARIO_MISC_YOU_UNIT_WAS_DAMAGED_ATTRITION">
			<Text>괴혈병</Text>
		</Row>
		<Row Tag="TXT_KEY_NEWWORLD_SCENARIO_FIRST_CIRCUMNAVIGATION">
			<Text>{@1_UnitName} 유닛이 중국에 도착했습니다! 첫 번째로 달성한 세계일주의 위업으로 당신은 [COLOR_POSITIVE_TEXT]{2_GoldAmount}[COLOR_XX] [ICON_GOLD]골드와 [COLOR_POSITIVE_TEXT]{3_VPAmount}[COLOR_XX] 승리 점수를 받습니다. 앞으로 2척의 캐러벨선이 중국으로 항해하여 보상을 얻을 수 있습니다.</Text>
		</Row>
		<Row Tag="TXT_KEY_NEWWORLD_SCENARIO_SECOND_CIRCUMNAVIGATION">
			<Text>{@1_UnitName} 유닛이 중국에 도착했습니다! 두 번째로 달성한 세계일주의 위업으로 당신은 [COLOR_POSITIVE_TEXT]{2_GoldAmount}[COLOR_XX] [ICON_GOLD]골드와 [COLOR_POSITIVE_TEXT]{3_VPAmount}[COLOR_XX] 승리 점수를 받습니다. 앞으로 1척의 캐러벨선이 중국으로 항해하여 보상을 얻을 수 있습니다.</Text>
		</Row>
		<Row Tag="TXT_KEY_NEWWORLD_SCENARIO_THIRD_CIRCUMNAVIGATION">
			<Text>{@1_UnitName} 유닛이 중국에 도착했습니다! 세 번째로 달성한 세계일주의 위업으로 당신은 [COLOR_POSITIVE_TEXT]{2_GoldAmount}[COLOR_XX] [ICON_GOLD]골드와 [COLOR_POSITIVE_TEXT]{3_VPAmount}[COLOR_XX] 승리 점수를 받습니다. 이제 중국으로 캐러벨선을 보내도 보상을 얻을 수 없습니다.</Text>
		</Row>
		<Row Tag="TXT_KEY_NEWWORLD_SCENARIO_OTHER_CIRCUMNAVIGATION">
			<Text>{@1_PlyrName}의 탐험가가 중국에 도착했습니다. 앞으로 {2_Num}척의 캐러벨선이 중국으로 항해하여 골드와 승리 점수를 얻을 수 있습니다.</Text>
		</Row>
		<Row Tag="TXT_KEY_NEWWORLD_SCENARIO_TREASURE_FOUND">
			<Text>보물수레 발견</Text>
		</Row>
		<Row Tag="TXT_KEY_NEWWORLD_SCENARIO_TREASURE_RAZED_CITY">
			<Text>{@1_CityName}{@1: plural 1?을; 2?를;} 불태우는 중에 보물수레가 생성되었습니다.</Text>
		</Row>
		<Row Tag="TXT_KEY_NEWWORLD_SCENARIO_TREASURE_CAPTURED_CITY">
			<Text>{@1_CityName}{@1: plural 1?을; 2?를;} 점령하여 보물수레 [COLOR_POSITIVE_TEXT]3개[COLOR_XX]가 생성되었습니다.</Text>
		</Row>
		<Row Tag="TXT_KEY_NEWWORLD_SCENARIO_TREASURE_NATURAL_WONDER">
			<Text>{@1_NWName}의 근처에서 보물수레가 발견되었습니다.</Text>
		</Row>
		<Row Tag="TXT_KEY_NEWWORLD_SCENARIO_TREASURE_RETURNED_SHORT">
			<Text>보물수레 도착</Text>
		</Row>
		<Row Tag="TXT_KEY_NEWWORLD_SCENARIO_TREASURE_RETURNED">
			<Text>{@1_CityName}에 보물수레가 도착했습니다. 당신은 [COLOR_POSITIVE_TEXT]{2_GoldAmount}[COLOR_XX] [ICON_GOLD]골드와 [COLOR_POSITIVE_TEXT]{3_VPAmount}[COLOR_XX] 승리 점수를 얻습니다.</Text>
		</Row>
		<Row Tag="TXT_KEY_NEWWORLD_SCENARIO_DIPLO_RESCH_AGREEMENT_NO_TECH">
			<Text>연구 협정은 이번 시나리오에서 허용되지 않습니다.</Text>
		</Row>
		<Row Tag="TXT_KEY_NEWWORLD_SCENARIO_ABLTY_DECLARE_WAR_ALL">
			<Text>모든 강대국에 전쟁을 선포할 수 있습니다.</Text>
		</Row>
		<Row Tag="TXT_KEY_NEWWORLD_SCENARIO_TECH_TRAPPING_HELP">
			<Text>노동자가 [ICON_RES_DEER][COLOR_POSITIVE_TEXT]사슴[COLOR_XX], [ICON_RES_IVORY][COLOR_POSITIVE_TEXT]상아[COLOR_XX], [ICON_RES_FUR][COLOR_POSITIVE_TEXT]모피[COLOR_XX]가 있는 곳에 [COLOR_POSITIVE_TEXT]야영지[COLOR_XX]를 건설할 수 있습니다.</Text>
		</Row>
		<Row Tag="TXT_KEY_NEWWORLD_SCENARIO_TECH_MATHEMATICS_HELP">
			<Text>강력한 공성 유닛인 [COLOR_POSITIVE_TEXT]투석기[COLOR_XX]를 만들 수 있게 됩니다.</Text>
		</Row>
		<Row Tag="TXT_KEY_NEWWORLD_SCENARIO_TECH_EDUCATION_HELP">
			<Text>점령한 도시에서 불행을 줄여주는 [COLOR_POSITIVE_TEXT]법원[COLOR_XX]을 건설할 수 있습니다. 또한, [ICON_RESEARCH]과학에 관련된 다양한 혜택을 제공합니다.</Text>
		</Row>
		<Row Tag="TXT_KEY_NEWWORLD_SCENARIO_TECH_NAVIGATION_HELP">
			<Text>해군 유닛의 괴혈병을 제거해주는 건물인 [COLOR_POSITIVE_TEXT]항해학교[COLOR_XX]를 건설할 수 있습니다. 또한, 해안가 도시에서 해양 타일의 [ICON_PRODUCTION]생산을 증가 시켜주는 [COLOR_POSITIVE_TEXT]항구[COLOR_XX]를 건설할 수 있습니다.</Text>
		</Row>
		<Row Tag="TXT_KEY_NEWWORLD_SCENARIO_BUILDING_MONASTERY_HELP">
			<Text>새로운 타일을 획득하는 [ICON_CULTURE]문화가 [COLOR_POSITIVE_TEXT]75%[COLOR_XX] 감소합니다.</Text>
		</Row>
		<Row Tag="TXT_KEY_NEWWORLD_SCENARIO_BUILDING_MONASTERY_STRATEGY">
			<Text>수도원은 도시의 [ICON_CULTURE]문화를 향상해주며, 도시의 영토 성장과 사회정책 획득하는 데 걸리는 시간이 빨라집니다. 수도원은 도시의 문화적 경계 성장률이 네 배가 됩니다.</Text>
		</Row>
		<Row Tag="TXT_KEY_NEWWORLD_SCENARIO_UNIT_PRIVATEER">
			<Text>사나포선</Text>
		</Row>
		<Row Tag="TXT_KEY_NEWWORLD_SCENARIO_CIV5_PRIVATEER_STRATEGY">
			<Text>사나포선은 반드시 유럽 강대국에 선전포고를 할 수 있도록 해주는 해적질 기술을 연구해야지만 사용할 수 있습니다. 적 함선을 공격해 보물수레 유닛을 빼앗기 위해서는 사나포선을 사용하십시오.</Text>
		</Row>
		<Row Tag="TXT_KEY_NEWWORLD_SCENARIO_CIV5_PRIVATEER_TEXT">
			<Text>다음 희생자를 찾아 바다를 항해하는 사나포선은 합법적인 해적으로서, 전쟁 중 적선을 습격할 수 있는 상선포획면장을 군주에게서 받았습니다. 사나포선의 주요 목적은 적의 무역로를 교란해서, 경제적 손해를 입히거나 해군과 육군을 갖추지 못하도록 하는 것이었습니다. 일반적으로 사나포선은 이미 자신의 배를 소유하고, 준비된 선원을 갖췄으며, 바다와 무역로를 아는 기업적 상인들이었습니다. 보통 사나포선은 혼자 활동했지만, 때로는 함께 모여 대규모 함대를 이뤘는데, 큰 목표물을 없애기 위해서였습니다.[NEWLINE][NEWLINE]사나포선의 목적은 적선을 침몰시키는 것이 아니라, 단지 배와 화물을 나포하는 것이었습니다. 노획물은 일반적으로 경매로 처리됐고, 수익금은 사나포선과 자금 투자자와 왕이 나눠가졌습니다.
      </Text>
		</Row>
		<Row Tag="TXT_KEY_NEWWORLD_SCENARIO_CIV5_PRIVATEER_HELP">
			<Text>유럽의 강대국을 공격하고 보물을 빼앗을 수 있는 르네상스시대의 해군 유닛입니다.</Text>
		</Row>
		<Row Tag="TXT_KEY_NEWWORLD_SCENARIO_BUILDING_NAVIGATION_SCHOOL">
			<Text>항해학교</Text>
		</Row>
		<Row Tag="TXT_KEY_NEWWORLD_SCENARIO_BUILDING_NAVIGATION_SCHOOL_HELP">
			<Text>국가에서 생산되는 모든 해군 유닛의 괴혈병을 제거합니다.</Text>
		</Row>
		<Row Tag="TXT_KEY_NEWWORLD_SCENARIO_BUILDING_NAVIGATION_SCHOOL_TEXT">
			<Text>지도 제작자, 조선 기술자, 학식 있는 선장은 그저 아무 데서나 나오지 않습니다. 이러한 학자와 노동자 중 다수는 항해학교 같은 기관에서 훈련받았습니다. 경험이 풍부한 선장과 박식한 학자는 이 학교에서 그들의 축적된 항해 지식을 공유하고자 했고, 이후 학교를 통해 이 지혜를 경험이 부족한 이에게 전했습니다. 새 항로의 기상 양식이 기록되었고, 지도 제작자는 최신의 최고급 기구를 사용하는 것을 배웠으며, 새로운 종류의 배가 설계되고 제작되었습니다.[NEWLINE][NEWLINE]포르투갈의 항해왕 엔히크가 사그레스에 있는 그의 별장에 최초의 항해학교를 세웠다고 흔히 알려졌습니다. 그는 아프리카 일부 지역의 해안선을 기록하기 위해 많은 지도 제작자를 두었지만, 항해자와 학자를 위한 통합 학교가 있었다는 명확한 증거는 아직 발견되지 않았습니다.
      </Text>
		</Row>
		<Row Tag="TXT_KEY_NEWWORLD_SCENARIO_BUILDING_NAVIGATION_SCHOOL_STRATEGY">
			<Text>앞으로 생산될 모든 해군 유닛이 괴혈병으로 시달리지 않도록 보장해주는 국가 불가사의인 항해학교를 건설하십시오.</Text>
		</Row>
		<Row Tag="TXT_KEY_NEWWORLD_SCENARIO_CARAVEL_DE_LEON">
			<Text>데 레온</Text>
		</Row>
		<Row Tag="TXT_KEY_NEWWORLD_SCENARIO_CARAVEL_NARVAEZ">
			<Text>나르바에스</Text>
		</Row>
		<Row Tag="TXT_KEY_NEWWORLD_SCENARIO_CARAVEL_DE_VACA">
			<Text>데 바카</Text>
		</Row>
		<Row Tag="TXT_KEY_NEWWORLD_SCENARIO_CARAVEL_MAGELLAN">
			<Text>마젤란</Text>
		</Row>
		<Row Tag="TXT_KEY_NEWWORLD_SCENARIO_CARAVEL_DE_SOTO">
			<Text>데 소토</Text>
		</Row>
		<Row Tag="TXT_KEY_NEWWORLD_SCENARIO_CARAVEL_ULLOA">
			<Text>우요아</Text>
		</Row>
		<Row Tag="TXT_KEY_NEWWORLD_SCENARIO_CARAVEL_VESPUCCI">
			<Text>베스푸치</Text>
		</Row>
		<Row Tag="TXT_KEY_NEWWORLD_SCENARIO_CARAVEL_CARTIER">
			<Text>카르티에</Text>
		</Row>
		<Row Tag="TXT_KEY_NEWWORLD_SCENARIO_CARAVEL_ROBERVAL">
			<Text>로베르발</Text>
		</Row>
		<Row Tag="TXT_KEY_NEWWORLD_SCENARIO_CARAVEL_CHAMPLAIN">
			<Text>샹플랭</Text>
		</Row>
		<Row Tag="TXT_KEY_NEWWORLD_SCENARIO_CARAVEL_RUT">
			<Text>러트</Text>
		</Row>
		<Row Tag="TXT_KEY_NEWWORLD_SCENARIO_CARAVEL_CHANCELLOR">
			<Text>챈설러</Text>
		</Row>
		<Row Tag="TXT_KEY_NEWWORLD_SCENARIO_CARAVEL_WILLOUGHBY">
			<Text>윌로비</Text>
		</Row>
		<Row Tag="TXT_KEY_NEWWORLD_SCENARIO_CARAVEL_GRENVILLE">
			<Text>그렌빌</Text>
		</Row>
		<Row Tag="TXT_KEY_NEWWORLD_SCENARIO_CARAVEL_HUDSON">
			<Text>허드슨</Text>
		</Row>
		<Row Tag="TXT_KEY_NEWWORLD_SCENARIO_CONQUISTADOR_CORTES">
			<Text>코르테스</Text>
		</Row>
		<Row Tag="TXT_KEY_NEWWORLD_SCENARIO_CONQUISTADOR_CORDOVA">
			<Text>코르도바</Text>
		</Row>
		<Row Tag="TXT_KEY_NEWWORLD_SCENARIO_CONQUISTADOR_PIZARRO">
			<Text>피사로</Text>
		</Row>
		<Row Tag="TXT_KEY_NEWWORLD_SCENARIO_CONQUISTADOR_ORELLANA">
			<Text>오레야나</Text>
		</Row>
		<Row Tag="TXT_KEY_NEWWORLD_SCENARIO_CONQUISTADOR_CORONADO">
			<Text>코로나도</Text>
		</Row>
		<Row Tag="TXT_KEY_NEWWORLD_SCENARIO_CONQUISTADOR_MONTEJO">
			<Text>몬테호</Text>
		</Row>
		<Row Tag="TXT_KEY_NEWWORLD_SCENARIO_CONQUISTADOR_BALBOA">
			<Text>발보아</Text>
		</Row>
		<Row Tag="TXT_KEY_NEWWORLD_SCENARIO_CONQUISTADOR_VILLEGAGNON">
			<Text>빌레가뇽</Text>
		</Row>
		<Row Tag="TXT_KEY_NEWWORLD_SCENARIO_CONQUISTADOR_LAUDONNIERRE">
			<Text>라도니에르</Text>
		</Row>
		<Row Tag="TXT_KEY_NEWWORLD_SCENARIO_CONQUISTADOR_RIBAULT">
			<Text>리볼트</Text>
		</Row>
		<Row Tag="TXT_KEY_NEWWORLD_SCENARIO_CONQUISTADOR_DEVEREUX">
			<Text>데브뢰</Text>
		</Row>
		<Row Tag="TXT_KEY_NEWWORLD_SCENARIO_CONQUISTADOR_NORREYS">
			<Text>노리스</Text>
		</Row>
		<Row Tag="TXT_KEY_NEWWORLD_SCENARIO_CONQUISTADOR_MOUNTJOY">
			<Text>마운트조이</Text>
		</Row>
		<Row Tag="TXT_KEY_NEWWORLD_SCENARIO_CONQUISTADOR_SMITH">
			<Text>스미스</Text>
		</Row>
		<Row Tag="TXT_KEY_NEWWORLD_SCENARIO_CONQUISTADOR_WINTHROP">
			<Text>윈스럽</Text>
		</Row>
		<Row Tag="TXT_KEY_NEWWORLD_SCENARIO_PRIVATEER_MENENDEZ">
			<Text>메넨데스</Text>
		</Row>
		<Row Tag="TXT_KEY_NEWWORLD_SCENARIO_PRIVATEER_SANTA_CRUZ">
			<Text>산타 크루스</Text>
		</Row>
		<Row Tag="TXT_KEY_NEWWORLD_SCENARIO_PRIVATEER_FLEURY">
			<Text>플뢰리</Text>
		</Row>
		<Row Tag="TXT_KEY_NEWWORLD_SCENARIO_PRIVATEER_LE_CLERC">
			<Text>르 클레르</Text>
		</Row>
		<Row Tag="TXT_KEY_NEWWORLD_SCENARIO_PRIVATEER_LE_TESTU">
			<Text>르 테스튀</Text>
		</Row>
		<Row Tag="TXT_KEY_NEWWORLD_SCENARIO_PRIVATEER_DE_SORES">
			<Text>드 소흐</Text>
		</Row>
		<Row Tag="TXT_KEY_NEWWORLD_SCENARIO_PRIVATEER_DRAKE">
			<Text>드레이크</Text>
		</Row>
		<Row Tag="TXT_KEY_NEWWORLD_SCENARIO_PRIVATEER_RALEIGH">
			<Text>롤리</Text>
		</Row>
		<Row Tag="TXT_KEY_NEWWORLD_SCENARIO_PRIVATEER_HAWKINS">
			<Text>호킨스</Text>
		</Row>
		<Row Tag="TXT_KEY_NEWWORLD_SCENARIO_PRIVATEER_CAVENDISH">
			<Text>캐번디시</Text>
		</Row>
		<Row Tag="TXT_KEY_NEWWORLD_SCENARIO_PRIVATEER_FROBISHER">
			<Text>프로비셔</Text>
		</Row>
		<Row Tag="TXT_KEY_NEWWORLD_SCENARIO_PRIVATEER_GILBERT">
			<Text>길버트</Text>
		</Row>
		<Row Tag="TXT_KEY_NEWWORLD_SCENARIO_CIV5_INUIT_TEXT">
			<Text>이뉴이트족은 그린란드와 북아메리카 극지방의 원주민입니다.</Text>
		</Row>
		<Row Tag="TXT_KEY_NEWWORLD_SCENARIO_CIV5_SEMINOLE_TEXT">
			<Text>세미놀족은 플로리다의 원주민이며, 머스코지족과 밀접한 관련이 있습니다. (양쪽 모두 크리크족의 일원)</Text>
		</Row>
		<Row Tag="TXT_KEY_NEWWORLD_SCENARIO_CIV5_LAKOTA_TEXT">
			<Text>라코타족은 북아메리카 대평원의 원주민입니다.</Text>
		</Row>
		<Row Tag="TXT_KEY_NEWWORLD_SCENARIO_CIV5_CARIB_TEXT">
			<Text>카리브족은 서인도 제도의 원주민입니다. 그들은 일찍이 스페인에 맞서 싸웠습니다.</Text>
		</Row>
		<Row Tag="TXT_KEY_NEWWORLD_SCENARIO_CIV5_CHEROKEE_TEXT">
			<Text>체로키족은 미국 남동부의 원주민입니다. 그들은 이로쿼이족과 밀접한 관련이 있다 보니, 선사시대 때 오대호 주변에서 남쪽으로 이주했다고 생각되고 있습니다.</Text>
		</Row>
		<Row Tag="TXT_KEY_NEWWORLD_SCENARIO_CIV5_ALGONQUIN_TEXT">
			<Text>알공킨족은 퀘벡의 원주민입니다. 알공킨족은 모피 무역에서 이로쿼이족의 최대 맞수였습니다.</Text>
		</Row>
		<Row Tag="TXT_KEY_NEWWORLD_SCENARIO_CIV5_HURON_TEXT">
			<Text>휴런족은 캐나다의 원주민이며, 처음 유럽인과의 접촉 당시에는 온타리오 호의 북쪽 기슭에서 살고 있었습니다.</Text>
		</Row>
		<Row Tag="TXT_KEY_NEWWORLD_SCENARIO_CIV5_MUSCOGEE_TEXT">
			<Text>머스코지족은 미국 남동부의 원주민이며, 미시시피계 문화의 영향을 받았습니다.</Text>
		</Row>
		<Row Tag="TXT_KEY_NEWWORLD_SCENARIO_CIV5_WABANAKI_TEXT">
			<Text>와바나키족은 동부 캐나다 연해 지방의 "여명인"이라 불리던 원주민입니다.</Text>
		</Row>
		<Row Tag="TXT_KEY_NEWWORLD_SCENARIO_CIV5_MAPUCHE_TEXT">
			<Text>마푸체족은 칠레와 아르헨티나의 원주민입니다. 스페인 식민지 주민은 이들은 아라우칸이라고 불렀습니다.</Text>
		</Row>
		<Row Tag="TXT_KEY_NEWWORLD_SCENARIO_CIV5_ARAWAK_TEXT">
			<Text>아라와크족은 서인도 제도의 원주민입니다. 그들은 크리스토퍼 콜럼버스가 최초로 우연히 만난 원주민이었습니다.</Text>
		</Row>
		<Row Tag="TXT_KEY_NEWWORLD_SCENARIO_CIV5_MAYA_TEXT">
			<Text>마야족은 유카탄 반도의 원주민입니다. 그들은 석조 피라미드를 정교하게 깎아 만드는 건축자였으며, 수학, 천문학 기술을 가진 문명이었습니다.</Text>
		</Row>
		<Row Tag="TXT_KEY_NEWWORLD_SCENARIO_CIV5_YANOMAMI_TEXT">
			<Text>야노마미족은 아마존 분지의 원주민입니다. 그들은 유럽인과 어떠한 접촉도 가지지 않은 채 1929년까지 석기시대 문화생활을 했습니다.</Text>
		</Row>
		<Row Tag="TXT_KEY_NEWWORLD_SCENARIO_CIV5_MUISCA_TEXT">
			<Text>무이스카족은 콜롬비아 중앙 산악지대의 원주민입니다. 그들은 1537년에 스페인 사람과 처음 접촉했으며, 엘도라도 전설의 근원이 되었던 곳입니다.</Text>
		</Row>
		<Row Tag="TXT_KEY_NEWWORLD_SCENARIO_CIV5_HOPI_TEXT">
			<Text>호피족은 미국 남서부의 원주민입니다. 그들은 1540년에 코로나도의 스페인 탐험대와 처음으로 마주쳤습니다.</Text>
		</Row>
		<Row Tag="TXT_KEY_CIV5_ANASAZI_TEXT">
			<Text>현대 푸에블로족의 선조라 할 수 있는 아나사지족은 고대 문화를 가진 원주민입니다. 아나사지족은 메사 베르데 바위굴 주거를 건설한 것으로 알려졌습니다.</Text>
		</Row>
	</Language_KO_KR>
</GameData>
