<?xml version="1.0" encoding="utf-8"?>
<!-- edited with XMLSPY v2004 rel. 2 U (http://www.xmlspy.com) by Ed Beach (Firaxis Games) -->
<GameData>
	<!-- LocBuddy does not yet handle DLC scenarios so for now add the scenario text to the DLC package.-->
	<Language_KO_KR>
		<Row Tag="TXT_KEY_NEWWORLD_SCENARIO_CIV_JAPAN_ADJECTIVE">
			<Text>[COLOR:255:30:0:255]구대륙[COLOR_XX]의</Text>
		</Row>
		<Row Tag="TXT_KEY_NEWWORLD_SCENARIO_CIV_JAPAN_DESC">
			<Text>구대륙</Text>
		</Row>
		<Row Tag="TXT_KEY_NEWWORLD_SCENARIO_CIV_JAPAN_SHORT_DESC">
			<Text>[COLOR:255:30:0:255]구대륙[COLOR_XX]</Text>
		</Row>
	</Language_KO_KR>
</GameData>
