<?xml version="1.0" encoding="utf-8"?>
<!-- edited with XMLSPY v2004 rel. 2 U (http://www.xmlspy.com) by Ed Beach (Firaxis Games) -->
<!-- Sid Meier's Civilization V -->
<!-- Copyright Firaxis Games 2010 -->
<!-- -->
<!-- Game Text Cities -->
<GameData>
	<Language_KO_KR>
		<Row Tag="TXT_KEY_CITY_NAME_SANTO_DOMINGO">
			<Text>산토도밍고</Text>
			<Plurality>2</Plurality>
		</Row>
		<Row Tag="TXT_KEY_CITY_NAME_NOMBRE_DE_DIOS">
			<Text>놈브레 데 디오스</Text>
			<Plurality>2</Plurality>
		</Row>
		<Row Tag="TXT_KEY_CITY_NAME_SAN_JUAN">
			<Text>산후안</Text>
		</Row>
		<Row Tag="TXT_KEY_CITY_NAME_HAVANA">
			<Text>아바나</Text>
			<Plurality>2</Plurality>
		</Row>
		<Row Tag="TXT_KEY_CITY_NAME_PANAMA">
			<Text>파나마</Text>
			<Plurality>2</Plurality>
		</Row>
		<Row Tag="TXT_KEY_CITY_NAME_VERACRUZ">
			<Text>베라크루스</Text>
			<Plurality>2</Plurality>
		</Row>
		<Row Tag="TXT_KEY_CITY_NAME_ACAPULCO">
			<Text>아카풀코</Text>
			<Plurality>2</Plurality>
		</Row>
		<Row Tag="TXT_KEY_CITY_NAME_CARTAGENA">
			<Text>카르타헤나</Text>
			<Plurality>2</Plurality>
		</Row>
		<Row Tag="TXT_KEY_CITY_NAME_BUENOS_AIRES">
			<Text>부에노스 아이레스</Text>
			<Plurality>2</Plurality>
		</Row>
		<Row Tag="TXT_KEY_CITY_NAME_CALLAO">
			<Text>카야오</Text>
			<Plurality>2</Plurality>
		</Row>
		<Row Tag="TXT_KEY_CITY_NAME_ASUNCION">
			<Text>아순시온</Text>
		</Row>
		<Row Tag="TXT_KEY_CITY_NAME_VALPARAISO">
			<Text>발파라이소</Text>
			<Plurality>2</Plurality>
		</Row>
		<Row Tag="TXT_KEY_CITY_NAME_ANTIGUA">
			<Text>안티과</Text>
			<Plurality>2</Plurality>
		</Row>
		<Row Tag="TXT_KEY_CITY_NAME_ROANOKE_ISLAND">
			<Text>로어노크 아일랜드</Text>
			<Plurality>2</Plurality>
		</Row>
		<Row Tag="TXT_KEY_CITY_NAME_JAMESTOWN">
			<Text>제임스타운</Text>
		</Row>
		<Row Tag="TXT_KEY_CITY_NAME_ST_GEORGE">
			<Text>세인트조지</Text>
			<Plurality>2</Plurality>
		</Row>
		<Row Tag="TXT_KEY_CITY_NAME_ST_JOHNS">
			<Text>세인트존스</Text>
			<Plurality>2</Plurality>
		</Row>
		<Row Tag="TXT_KEY_CITY_NAME_PLYMOUTH_COLONY">
			<Text>플리머스 콜로니</Text>
			<Plurality>2</Plurality>
		</Row>
		<Row Tag="TXT_KEY_CITY_NAME_SALEM">
			<Text>세일럼</Text>
		</Row>
		<Row Tag="TXT_KEY_CITY_NAME_WINDSOR">
			<Text>윈저</Text>
			<Plurality>2</Plurality>
		</Row>
		<Row Tag="TXT_KEY_CITY_NAME_WETHERSFIELD">
			<Text>웨더스필드</Text>
			<Plurality>2</Plurality>
		</Row>
		<Row Tag="TXT_KEY_CITY_NAME_ST_MARYS_CITY">
			<Text>세인트메리스 시티</Text>
			<Plurality>2</Plurality>
		</Row>
		<Row Tag="TXT_KEY_CITY_NAME_SAYBROOK">
			<Text>새이브룩</Text>
		</Row>
		<Row Tag="TXT_KEY_CITY_NAME_PROVIDENCE">
			<Text>프로비던스</Text>
			<Plurality>2</Plurality>
		</Row>
		<Row Tag="TXT_KEY_CITY_NAME_CHARLESBOURG_ROYALE">
			<Text>샤를부르그 루아얄</Text>
		</Row>
		<Row Tag="TXT_KEY_CITY_NAME_MONTREAL">
			<Text>몬트리올</Text>
		</Row>
		<Row Tag="TXT_KEY_CITY_NAME_FRANCE_ANTARCTIQUE">
			<Text>프랑스 야타르크틱</Text>
		</Row>
		<Row Tag="TXT_KEY_CITY_NAME_FORT_CAROLINE">
			<Text>포트 캐롤라인</Text>
		</Row>
		<Row Tag="TXT_KEY_CITY_NAME_TADOUSSAC">
			<Text>타두삭</Text>
		</Row>
		<Row Tag="TXT_KEY_CITY_NAME_PORT_ROYAL">
			<Text>포트 로열</Text>
		</Row>
		<Row Tag="TXT_KEY_CITY_NAME_QUEBEC">
			<Text>퀘벡</Text>
		</Row>
		<Row Tag="TXT_KEY_CITY_NAME_SAINT_CRISTOPHE">
			<Text>생 크리스토프</Text>
			<Plurality>2</Plurality>
		</Row>
		<Row Tag="TXT_KEY_CITY_NAME_TROIS_RIVIERES">
			<Text>트루아 리비에르</Text>
			<Plurality>2</Plurality>
		</Row>
		<Row Tag="TXT_KEY_CITY_NAME_DOMINICA">
			<Text>도미니카</Text>
			<Plurality>2</Plurality>
		</Row>
		<Row Tag="TXT_KEY_CITY_NAME_FORT_SAINT_PIERRE">
			<Text>포트 생 피에르</Text>
			<Plurality>2</Plurality>
		</Row>
		<Row Tag="TXT_KEY_CITY_NAME_CAYENNE">
			<Text>카옌</Text>
		</Row>
		<Row Tag="TXT_KEY_CITY_NAME_LA_GRENADE">
			<Text>라 그레나드</Text>
			<Plurality>2</Plurality>
		</Row>
	</Language_KO_KR>
</GameData>
