<?xml version="1.0" encoding="utf-8"?>
<!-- edited with XMLSPY v2004 rel. 2 U (http://www.xmlspy.com) by Ed Beach (Firaxis Games) -->
<!--Sid Meier's Civilization V -->
<!--Copyright Firaxis Games 2010 -->
<GameData>
	<Language_KO_KR>
		<Row Tag="TXT_KEY_NEWWORLD_SCENARIO_CITYSTATE_INUIT">
			<Text>이뉴이트</Text>
			<Plurality>2</Plurality>
		</Row>
		<Row Tag="TXT_KEY_NEWWORLD_SCENARIO_CITYSTATE_INUIT_ADJ">
			<Text>[COLOR:240:240:140:255]이뉴이트[COLOR_XX]의</Text>
		</Row>
		<Row Tag="TXT_KEY_NEWWORLD_SCENARIO_CITYSTATE_SEMINOLE">
			<Text>세미놀</Text>
		</Row>
		<Row Tag="TXT_KEY_NEWWORLD_SCENARIO_CITYSTATE_SEMINOLE_ADJ">
			<Text>[COLOR:240:240:140:255]세미놀[COLOR_XX]의</Text>
		</Row>
		<Row Tag="TXT_KEY_NEWWORLD_SCENARIO_CITYSTATE_LAKOTA">
			<Text>라코타</Text>
			<Plurality>2</Plurality>
		</Row>
		<Row Tag="TXT_KEY_NEWWORLD_SCENARIO_CITYSTATE_LAKOTA_ADJ">
			<Text>[COLOR:240:240:140:255]라코타[COLOR_XX]의</Text>
		</Row>
		<Row Tag="TXT_KEY_NEWWORLD_SCENARIO_CITYSTATE_CARIB">
			<Text>카리브</Text>
			<Plurality>2</Plurality>
		</Row>
		<Row Tag="TXT_KEY_NEWWORLD_SCENARIO_CITYSTATE_CARIB_ADJ">
			<Text>[COLOR:240:240:140:255]카리브[COLOR_XX]의</Text>
		</Row>
		<Row Tag="TXT_KEY_NEWWORLD_SCENARIO_CITYSTATE_CHEROKEE">
			<Text>체로키</Text>
			<Plurality>2</Plurality>
		</Row>
		<Row Tag="TXT_KEY_NEWWORLD_SCENARIO_CITYSTATE_CHEROKEE_ADJ">
			<Text>[COLOR:240:240:140:255]체로키[COLOR_XX]의</Text>
		</Row>
		<Row Tag="TXT_KEY_NEWWORLD_SCENARIO_CITYSTATE_ALGONQUIN">
			<Text>알공킨</Text>
		</Row>
		<Row Tag="TXT_KEY_NEWWORLD_SCENARIO_CITYSTATE_ALGONQUIN_ADJ">
			<Text>[COLOR:240:240:140:255]알공킨[COLOR_XX]의</Text>
		</Row>
		<Row Tag="TXT_KEY_NEWWORLD_SCENARIO_CITYSTATE_HURON">
			<Text>휴런</Text>
		</Row>
		<Row Tag="TXT_KEY_NEWWORLD_SCENARIO_CITYSTATE_HURON_ADJ">
			<Text>[COLOR:240:240:140:255]휴런[COLOR_XX]의</Text>
		</Row>
		<Row Tag="TXT_KEY_NEWWORLD_SCENARIO_CITYSTATE_MUSCOGEE">
			<Text>머스코지</Text>
			<Plurality>2</Plurality>
		</Row>
		<Row Tag="TXT_KEY_NEWWORLD_SCENARIO_CITYSTATE_MUSCOGEE_ADJ">
			<Text>[COLOR:240:240:140:255]머스코지[COLOR_XX]의</Text>
		</Row>
		<Row Tag="TXT_KEY_NEWWORLD_SCENARIO_CITYSTATE_WABANAKI">
			<Text>와바나키</Text>
			<Plurality>2</Plurality>
		</Row>
		<Row Tag="TXT_KEY_NEWWORLD_SCENARIO_CITYSTATE_WABANAKI_ADJ">
			<Text>[COLOR:240:240:140:255]와바나키[COLOR_XX]의</Text>
		</Row>
		<Row Tag="TXT_KEY_NEWWORLD_SCENARIO_CITYSTATE_MAPUCHE">
			<Text>마푸체</Text>
			<Plurality>2</Plurality>
		</Row>
		<Row Tag="TXT_KEY_NEWWORLD_SCENARIO_CITYSTATE_MAPUCHE_ADJ">
			<Text>[COLOR:240:240:140:255]마푸체[COLOR_XX]의</Text>
		</Row>
		<Row Tag="TXT_KEY_NEWWORLD_SCENARIO_CITYSTATE_ARAWAK">
			<Text>아라와크</Text>
			<Plurality>2</Plurality>
		</Row>
		<Row Tag="TXT_KEY_NEWWORLD_SCENARIO_CITYSTATE_ARAWAK_ADJ">
			<Text>[COLOR:240:240:140:255]아라와크[COLOR_XX]의</Text>
		</Row>
		<Row Tag="TXT_KEY_NEWWORLD_SCENARIO_CITYSTATE_MAYA">
			<Text>마야</Text>
			<Plurality>2</Plurality>
		</Row>
		<Row Tag="TXT_KEY_NEWWORLD_SCENARIO_CITYSTATE_MAYA_ADJ">
			<Text>[COLOR:240:240:140:255]마야[COLOR_XX]의</Text>
		</Row>
		<Row Tag="TXT_KEY_NEWWORLD_SCENARIO_CITYSTATE_YANOMAMI">
			<Text>야노마미</Text>
			<Plurality>2</Plurality>
		</Row>
		<Row Tag="TXT_KEY_NEWWORLD_SCENARIO_CITYSTATE_YANOMAMI_ADJ">
			<Text>[COLOR:240:240:140:255]야노마미[COLOR_XX]의</Text>
		</Row>
		<Row Tag="TXT_KEY_NEWWORLD_SCENARIO_CITYSTATE_MUISCA">
			<Text>무이스카</Text>
			<Plurality>2</Plurality>
		</Row>
		<Row Tag="TXT_KEY_NEWWORLD_SCENARIO_CITYSTATE_MUISCA_ADJ">
			<Text>[COLOR:240:240:140:255]무이스카[COLOR_XX]의</Text>
		</Row>
		<Row Tag="TXT_KEY_NEWWORLD_SCENARIO_CITYSTATE_HOPI">
			<Text>호피</Text>
			<Plurality>2</Plurality>
		</Row>
		<Row Tag="TXT_KEY_NEWWORLD_SCENARIO_CITYSTATE_HOPI_ADJ">
			<Text>[COLOR:240:240:140:255]호피[COLOR_XX]의</Text>
		</Row>
		<Row Tag="TXT_KEY_NEWWORLD_SCENARIO_CITYSTATE_ANASAZI">
			<Text>아나사지</Text>
			<Plurality>2</Plurality>
		</Row>
		<Row Tag="TXT_KEY_NEWWORLD_SCENARIO_CITYSTATE_ANASAZI_ADJ">
			<Text>[COLOR:240:240:140:255]아나사지[COLOR_XX]의</Text>
		</Row>
	</Language_KO_KR>
</GameData>
