<?xml version="1.0" encoding="utf-8"?>
<!-- edited with XMLSPY v2004 rel. 2 U (http://www.xmlspy.com) by Ed Beach (Firaxis Games) -->
<GameData>
	<!-- LocBuddy does not yet handle DLC scenarios so for now add the scenario text to the DLC package.-->
	<Language_KO_KR>
		<Row Tag="TXT_KEY_NEWWORLD_SCENARIO_TECH_IMPERIALISM">
			<Text>제국주의</Text>
			<Plurality>2</Plurality>
		</Row>
		<Row Tag="TXT_KEY_NEWWORLD_SCENARIO_TECH_NAVAL_TRADITION">
			<Text>해군전통</Text>
		</Row>
		<Row Tag="TXT_KEY_NEWWORLD_SCENARIO_TECH_PROSOLDIERS">
			<Text>직업군인</Text>
		</Row>
		<Row Tag="TXT_KEY_NEWWORLD_SCENARIO_TECH_PIRACY">
			<Text>해적질</Text>
		</Row>
		<Row Tag="TXT_KEY_NEWWORLD_SCENARIO_TECH_WARSHIPS">
			<Text>군함</Text>
		</Row>
		<Row Tag="TXT_KEY_NEWWORLD_SCENARIO_TECH_ROYAL_GUARDS">
			<Text>왕립근위대</Text>
			<Plurality>2</Plurality>
		</Row>
		<Row Tag="TXT_KEY_NEWWORLD_SCENARIO_TECH_RELIGIOUS_ORDERS">
			<Text>수도회</Text>
			<Plurality>2</Plurality>
		</Row>
		<Row Tag="TXT_KEY_NEWWORLD_SCENARIO_TECH_TREASURE_FLEET">
			<Text>보물함대</Text>
			<Plurality>2</Plurality>
		</Row>
	</Language_KO_KR>
</GameData>
