﻿<?xml version="1.0" encoding="utf-8"?>
<!--Generated with LocalizationBuddy.-->
<!--Copyright Firaxis Games 2010-->
<!--All Rights Reserved-->
<GameData>
  <Language_KO_KR>
    <Row Tag="TXT_KEY_KOREA_SCENARIO_CIV_MONGOL_SHORT_DESC">
      <Text>[COLOR:220:220:0:255]만주[COLOR_XX]</Text>
		<Plurality>2</Plurality>
    </Row>
    <Row Tag="TXT_KEY_KOREA_SCENARIO_LEADER_GENGHIS_KHAN">
      <Text>누르하치</Text>
	  <Plurality>2</Plurality>
    </Row>
  </Language_KO_KR>
</GameData>