﻿<?xml version="1.0" encoding="utf-8"?>
<!--Generated with LocalizationBuddy.-->
<!--Copyright Firaxis Games 2010-->
<!--All Rights Reserved-->
<GameData>
  <Language_KO_KR>
    <Row Tag="TXT_KEY_CIV5_IMPROVEMENTS_WAJO_HELP">
      <Text>와조는 일본의 고유 시설로 이 시나리오에서 요새를 대체합니다. 와조는 해안 타일에만 건설할 수 있으며 주둔하고 있는 어떤 유닛이든 방어력을 [COLOR_POSITIVE_TEXT]50%[COLOR_XX] 높이는 효과가 있습니다. 또한, 와조 주위에 있는 적 유닛은 턴을 마칠 때마다 [COLOR_POSITIVE_TEXT]2[COLOR_XX]의 데미지를 입습니다.</Text>
    </Row>
    <Row Tag="TXT_KEY_CIV5_IMPROVEMENTS_WAJO_TEXT">
      <Text>와조는 특별한 목적이 있는 시설로 해당 타일의 생산을 높여주거나 자원을 채집할 수 있도록 해주지는 않지만, 주변에 있는 적 유닛이 턴을 마칠 때마다 2만큼의 피해를 주고 해당 타일에 주둔한 아군 유닛의 방어력을 50%만큼 높여줍니다. 그러나 와조는 적 영토에 있는 유닛에게는 방어력 보너스를 주지 않습니다.[NEWLINE][NEWLINE]일본이 한국을 침략한 전쟁인 임진왜란 당시 일본은 상당한 수의 급조한 성, 즉 와조를 한국 남해 해안선을 따라 지어 이들을 전초기지와 요새로 사용하였습니다. 일본군은 전통적인 성 건축법을 따라 인공 언덕이나 고원을 만들고 그 위에 나무 벽, 탑 그리고 내부 구조물을 세웠습니다.</Text>
    </Row>
    <Row Tag="TXT_KEY_KOREA_SCENARIO_BRIEFING">
      <Text>브리핑</Text>
    </Row>
    <Row Tag="TXT_KEY_KOREA_SCENARIO_BUILD_WAJO">
      <Text>[LINK=IMPROVEMENT_WAJO]와조[\LINK] 건설</Text>
    </Row>
    <Row Tag="TXT_KEY_KOREA_SCENARIO_BUILD_WAJO_HELP">
      <Text>와조에 주둔하는 유닛은 [COLOR_POSITIVE_TEXT]50%[COLOR_XX]만큼의 [ICON_STRENGTH]방어력 보너스를 받습니다. 일본만 건설할 수 있으며 해안 타일에만 건설할 수 있습니다. 와조 주위에서 턴을 종료하는 적 유닛은 [COLOR_POSITIVE_TEXT]2[COLOR_XX]만큼의 피해를 받습니다.</Text>
    </Row>
    <Row Tag="TXT_KEY_KOREA_SCENARIO_BUILD_WAJO_REC">
      <Text>이 타일에 주둔하는 군사 유닛의 [ICON_STRENGTH]방어력이 향상됩니다.</Text>
    </Row>
    <Row Tag="TXT_KEY_KOREA_SCENARIO_BUILDING_PAPER_MAKER_HELP">
      <Text>제지소는 [COLOR_POSITIVE_TEXT]4[COLOR_XX] [ICON_GOLD]골드를 제공합니다.</Text>
    </Row>
    <Row Tag="TXT_KEY_KOREA_SCENARIO_BUILDING_PAPER_MAKER_STRATEGY">
      <Text>제지소는 은행을 대체하는 중국의 고유 건물입니다. 제지소는 도시의 골드 산출량을 증가시킵니다.</Text>
    </Row>
    <Row Tag="TXT_KEY_KOREA_SCENARIO_BUILDING_PORCELAIN_TOWER_STRATEGY">
      <Text>영곡탑은 근접 및 해상 유닛 생산 속도를 증가시킵니다.</Text>
    </Row>
    <Row Tag="TXT_KEY_KOREA_SCENARIO_CIV_MANCHURIA_HEADING_1">
      <Text>역사</Text>
    </Row>
    <Row Tag="TXT_KEY_KOREA_SCENARIO_CIV_MANCHURIA_TEXT_1">
      <Text>청 왕조로도 알려진 중국의 만주 왕조는 역사적으로 만주라고 불리는 곳에 살고 있던 여진족에 의해 건국되었습니다. 17세기 여진족 지도자인 누르하치가 건국한 만주는 강력했던 명 왕조를 상대로 정복 및 확장 군사 작전을 강행했습니다. 명 왕조 타도와 드넓은 영토에 대한 소유권을 주장했던 만주 왕조는 결국 300년 동안 중국을 다스렸고, 근대 중국 형성 이전에 존재한 마지막 왕조입니다.</Text>
    </Row>
    <Row Tag="TXT_KEY_KOREA_SCENARIO_CIV_MONGOL_ADJECTIVE">
      <Text>[COLOR:240:240:140:255]만주[COLOR_XX]의</Text>
    </Row>
    <Row Tag="TXT_KEY_KOREA_SCENARIO_CIV_MONGOL_DESC">
      <Text>만주 제국</Text>
    </Row>
    <Row Tag="TXT_KEY_KOREA_SCENARIO_CIV5_ANTIQUITY_SETTLER_TEXT">
      <Text>만주 왕조의 시초인 여진족은 지금의 북부 중국인 만주에 살고 있던 민족입니다. 17세기에 만주 왕조가 생기기 전 여진족은 12세기에 잠시 동안 금 왕조에 의해 통일되었었습니다. 여진족은 역사적으로 사냥과 승마에 능하고 뛰어난 기병술을 자랑하는 민족으로도 잘 알려졌습니다.</Text>
    </Row>
    <Row Tag="TXT_KEY_KOREA_SCENARIO_CIV5_DAWN_CHINA_TEXT">
      <Text>시나리오 설명[NEWLINE]위대한 이여, 하늘의 축복과 권능으로 동아시아에 부는 변화의 바람을 무사히 헤쳐나갈 수 있기를 빕니다. 도요토미 히데요시가 승리를 거듭해 마침내 일본을 통일했습니다. 대포와 조총의 위력을 믿는 히데요시가 이제 서쪽으로의 진출을 꾀하고 있습니다. 덕망 높은 명나라와 동맹국 조선은 일본에 대한 경계를 늦추지 말아야 합니다! 만주 벌판 북부에서 새로운 세력이 힘을 키우고 있다는 소식입니다. 보병과 기마병, 수군을 두루 준비시키고 병장기와 기술력을 모아 서해 일대에서 벌어질 전쟁에 대비하십시오![NEWLINE][NEWLINE]승리 조건[NEWLINE]중국과 한국은 1600년 이후에 자신의 본래 도시를 모두 되찾으면 승리합니다. 일본이나 만주는 서울과 베이징을 모두 점령하면 승리합니다. 위 조건을 충족시키는 나라가 없으면 100턴이 완료되는 순간 가장 많은 점수를 모은 문명이 승리하게 됩니다. 서울과 베이징을 점령하거나 적 유닛을 죽일 때마다 추가로 점수를 얻습니다.[NEWLINE][NEWLINE]특별 규칙[NEWLINE]시작과 동시에 행복과 경제의 균형을 생각해 정책을 채택하십시오. 새로운 도시를 건설할 수 있는 나라는 만주뿐입니다. 한국과 중국은 동맹으로 게임을 시작하며 일본과 전쟁 중입니다. 과학 기술은 연구할 수 없습니다.</Text>
    </Row>
    <Row Tag="TXT_KEY_KOREA_SCENARIO_CIV5_DAWN_JAPAN_TEXT">
      <Text>시나리오 설명[NEWLINE]위대한 이여, 하늘의 축복과 권능으로 동아시아에 부는 변화의 바람을 무사히 헤쳐나갈 수 있기를 빕니다. 도요토미 히데요시가 승리를 거듭해 마침내 일본을 통일했습니다. 대포와 조총의 위력을 믿는 히데요시가 이제 서쪽으로의 진출을 꾀하고 있습니다. 덕망 높은 명나라와 동맹국 조선은 일본에 대한 경계를 늦추지 말아야 합니다! 만주 벌판 북부에서 새로운 세력이 힘을 키우고 있다는 소식입니다. 보병과 기마병, 수군을 두루 준비시키고 병장기와 기술력을 모아 서해 일대에서 벌어질 전쟁에 대비하십시오![NEWLINE][NEWLINE]승리 조건[NEWLINE]일본이나 만주로 서울과 베이징을 모두 점령하면 승리합니다. 중국과 한국은 1600년 이후에 자신의 본래 도시를 모두 되찾으면 승리합니다. 위 조건을 충족시키는 나라가 없으면 100턴이 완료되는 순간 가장 많은 점수를 모은 문명이 승리하게 됩니다. 서울과 베이징을 점령하거나 적 유닛을 죽일 때마다 추가로 점수를 얻습니다.[NEWLINE][NEWLINE]특별 규칙[NEWLINE]시작과 동시에 행복과 경제의 균형을 생각해 정책을 채택하십시오. 새로운 도시를 건설할 수 있는 나라는 만주뿐입니다. 한국과 중국은 동맹으로 게임을 시작하며 일본과 전쟁 중입니다. 과학 기술은 연구할 수 없습니다.</Text>
    </Row>
    <Row Tag="TXT_KEY_KOREA_SCENARIO_CIV5_DAWN_KOREA_TEXT">
      <Text>시나리오 설명[NEWLINE]위대한 이여, 하늘의 축복과 권능으로 동아시아에 부는 변화의 바람을 무사히 헤쳐나갈 수 있기를 빕니다. 도요토미 히데요시가 승리를 거듭해 마침내 일본을 통일했습니다. 대포와 조총의 위력을 믿는 히데요시가 이제 서쪽으로의 진출을 꾀하고 있습니다. 덕망 높은 명나라와 동맹국 조선은 일본에 대한 경계를 늦추지 말아야 합니다! 만주 벌판 북부에서 새로운 세력이 힘을 키우고 있다는 소식입니다. 보병과 기마병, 수군을 두루 준비시키고 병장기와 기술력을 모아 서해 일대에서 벌어질 전쟁에 대비하십시오![NEWLINE][NEWLINE]승리 조건[NEWLINE]중국과 한국은 1600년 이후에 자신의 본래 도시를 모두 되찾으면 승리합니다. 일본이나 만주는 서울과 베이징을 모두 점령하면 승리합니다. 위 조건을 충족시키는 나라가 없으면 100턴이 완료되는 순간 가장 많은 점수를 모은 문명이 승리하게 됩니다. 서울과 베이징을 점령하거나 적 유닛을 죽일 때마다 추가로 점수를 얻습니다.[NEWLINE][NEWLINE]특별 규칙[NEWLINE]시작과 동시에 행복과 경제의 균형을 생각해 정책을 채택하십시오. 새로운 도시를 건설할 수 있는 나라는 만주뿐입니다. 한국과 중국은 동맹으로 게임을 시작하며 일본과 전쟁 중입니다. 과학 기술은 연구할 수 없습니다.</Text>
    </Row>
    <Row Tag="TXT_KEY_KOREA_SCENARIO_CIV5_DAWN_MONGOLIA_TEXT">
      <Text>시나리오 설명[NEWLINE]위대한 이여, 하늘의 축복과 권능으로 동아시아에 부는 변화의 바람을 무사히 헤쳐나갈 수 있기를 빕니다. 도요토미 히데요시가 승리를 거듭해 마침내 일본을 통일했습니다. 대포와 조총의 위력을 믿는 히데요시가 이제 서쪽으로의 진출을 꾀하고 있습니다. 덕망 높은 명나라와 동맹국 조선은 일본에 대한 경계를 늦추지 말아야 합니다! 만주 벌판 북부에서 새로운 세력이 힘을 키우고 있다는 소식입니다. 보병과 기마병, 수군을 두루 준비시키고 병장기와 기술력을 모아 서해 일대에서 벌어질 전쟁에 대비하십시오![NEWLINE][NEWLINE]승리 조건[NEWLINE]일본이나 만주로 서울과 베이징을 모두 점령하면 승리합니다. 중국과 한국은 1600년 이후에 자신의 본래 도시를 모두 되찾으면 승리합니다. 위 조건을 충족시키는 나라가 없으면 100턴이 완료되는 순간 가장 많은 점수를 모은 문명이 승리하게 됩니다. 서울과 베이징을 점령하거나 적 유닛을 죽일 때마다 추가로 점수를 얻습니다.[NEWLINE][NEWLINE]특별 규칙[NEWLINE]시작과 동시에 행복과 경제의 균형을 생각해 정책을 채택하십시오. 새로운 도시를 건설할 수 있는 나라는 만주뿐입니다. 한국과 중국은 동맹으로 게임을 시작하며 일본과 전쟁 중입니다. 과학 기술은 연구할 수 없습니다.</Text>
    </Row>
    <Row Tag="TXT_KEY_KOREA_SCENARIO_CIV5_MONGOLIA_KESHIK_HEADING">
      <Text>만주 정예 기마궁병</Text>
    </Row>
    <Row Tag="TXT_KEY_KOREA_SCENARIO_CIV5_MONGOLIA_KESHIK_HELP">
      <Text>정예 기마궁병은 기사를 대체하는 만주의 고유 유닛으로 강력한 원거리 공격, 기사보다 빠른 [COLOR_POSITIVE_TEXT]5[COLOR_XX]의 행동력, 그리고 경험치를 [COLOR_POSITIVE_TEXT]50%[COLOR_XX] 더 빨리 얻을 수 있는 승급이 있습니다. 또한, 유닛 전투로 획득할 수 있는 위대한 장군 포인트를 [COLOR_POSITIVE_TEXT]2배[COLOR_XX]로 더 빨리 얻을 수 있습니다.</Text>
    </Row>
    <Row Tag="TXT_KEY_KOREA_SCENARIO_CIV5_MONGOLIA_KESHIK_INFO">
      <Text>정예 기마궁병은 중세시대에 생산할 수 있는 만주의 고유 유닛입니다. 일반적인 기사를 대체하는 유닛으로 기사보다 더 많이 움직일 수 있고, 경험치를 50% 더 빨리 얻을 수 있게 해주는 승급이 있으며, 위대한 장군 포인트도 두 배 빨리 얻습니다. 또한, 정예 기마궁병은 강력한 원거리 공격으로 멀리서 적을 공격할 수 있습니다.</Text>
    </Row>
    <Row Tag="TXT_KEY_KOREA_SCENARIO_CIV5_MONGOLIA_KESHIK_STRATEGY">
      <Text>만주 고유 유닛인 정예 기마궁병은 중세시대에 생산할 수 있는 유닛으로 기사를 대체합니다. 정예 기마궁병은 강력한 원거리 공격력과 증가된 행동력(총 5포인트)을 갖추고 있으므로 치고 빠지는 전술에 매우 효과적입니다. 다른 유닛에 비해 승급이 두 배 빠르며 위대한 장군 포인트도 두 배 빠르게 모을 수 있습니다. 만주는 이들 기마 전사로 드넓은 벌판을 쉽게 지배했습니다.</Text>
    </Row>
    <Row Tag="TXT_KEY_KOREA_SCENARIO_CIV5_MONGOLIA_KESHIK_TEXT">
      <Text>17세기 초 만주를 창건한 누르하치는 왕국 군사 정비를 위해 팔기군이라는 행정 체계를 만들었습니다. 이 체계는 군을 각기 다른 중대로 분리하기 위해 시작되었으며, 서로 어울리기 어려워했던 한족, 만주, 몽골 병사의 특성을 고려하여 민족 통합적인 부대로 활용하기 위해 깃발 체계를 도입하였습니다. 오랜 역사 동안 유목 생활을 하면서 자연스럽게 익힌 승마술을 자랑하는 만주와 몽골 중대의 깃발은 뛰어난 기병대의 상징이었습니다.</Text>
    </Row>
    <Row Tag="TXT_KEY_KOREA_SCENARIO_DESC">
      <Text>[NEWLINE]일본을 통일한 도요토미 히데요시가 사무라이들의 불만을 잠재우기 위해 서쪽으로 눈을 돌려 한국을 노리고 있습니다. 히데요시는 과연 일본 영토를 확장할 수 있을까요? 아니면 한국의 동맹국인 중국이 제시간에 도착할 수 있을까요?</Text>
    </Row>
    <Row Tag="TXT_KEY_KOREA_SCENARIO_DIPLO_MY_SCORE_FUTURE_TECH">
      <Text>적 유닛을 파괴해 얻은 점수: [COLOR_POSITIVE_TEXT]{1_Num}[COLOR_XX]</Text>
    </Row>
    <Row Tag="TXT_KEY_KOREA_SCENARIO_DIPLO_MY_SCORE_TECH">
      <Text>서울과 베이징으로부터 [COLOR_POSITIVE_TEXT]{1_Num}[COLOR_XX]</Text>
    </Row>
    <Row Tag="TXT_KEY_KOREA_SCENARIO_EXTRA_MANCHU_UNITS">
      <Text>강력해지는 만주의 힘을 알게 된 다른 여진족이 추가로 만주에 합류하였습니다.</Text>
    </Row>
    <Row Tag="TXT_KEY_KOREA_SCENARIO_GUERILLAS_SPAWNED">
      <Text>한국의 의병 특성으로 새로운 유격부대를 받았습니다.</Text>
    </Row>
    <Row Tag="TXT_KEY_KOREA_SCENARIO_HOLD_CITIES">
      <Text>1600년까지 도시 사수</Text>
    </Row>
    <Row Tag="TXT_KEY_KOREA_SCENARIO_IMPROVEMENT_WAJO">
      <Text>와조</Text>
	  <Plurality>2</Plurality>
    </Row>
    <Row Tag="TXT_KEY_KOREA_SCENARIO_JAPANESE_REINFORCEMENTS">
      <Text>일본 증원군이 한반도에 상륙했습니다.</Text>
    </Row>
    <Row Tag="TXT_KEY_KOREA_SCENARIO_LEADER_GENGHIS_FIRSTGREETING_1">
      <Text>우린 자부심이 강하고 호전적인 만주인이다. 우리를 존경으로 대한다면 내일의 일출 정도는 볼 수 있도록 해주지.</Text>
    </Row>
    <Row Tag="TXT_KEY_KOREA_SCENARIO_LEADER_NURHACI_HEADING_1">
      <Text>역사</Text>
    </Row>
    <Row Tag="TXT_KEY_KOREA_SCENARIO_LEADER_NURHACI_LIVED">
      <Text>서기 1558년 ~ 1626년</Text>
    </Row>
    <Row Tag="TXT_KEY_KOREA_SCENARIO_LEADER_NURHACI_NAME">
      <Text>여진족의 누르하치</Text>
    </Row>
    <Row Tag="TXT_KEY_KOREA_SCENARIO_LEADER_NURHACI_SUBTITLE">
      <Text>후기 금 왕조의 칸</Text>
    </Row>
    <Row Tag="TXT_KEY_KOREA_SCENARIO_LEADER_NURHACI_TEXT_1">
      <Text>존경받는 여진족의 수장 누르하치는 중국의 유목 민족인 여진을 통합하고 만주 왕조를 창건한 업적으로 칭송받습니다. 16세기 후반 누르하치는 금 왕조의 첫 칸으로 후세에는 청 또는 만주 왕조라고 알려지게 됩니다. 누르하치는 통치 동안 중국의 명 왕조를 점령하기 위해 군대를 보냈고 결국 한국의 조선 왕조까지 그 영향력을 뻗어 나갔습니다. 누르하치는 다양한 규모의 부대를 깃발로 나누는 조직 체계인 8기군을 창설한 것으로 유명합니다.</Text>
    </Row>
    <Row Tag="TXT_KEY_KOREA_SCENARIO_MANCHU_DOW">
      <Text>새롭게 통일된 만주가 중국과 한국이 일본과의 전쟁으로 약해진 것을 알고 전쟁을 선포했습니다!</Text>
    </Row>
    <Row Tag="TXT_KEY_KOREA_SCENARIO_MAP_TITLE">
      <Text>동아시아</Text>
    </Row>
    <Row Tag="TXT_KEY_KOREA_SCENARIO_NEED_TO_CONQUER">
      <Text>점령할 도시: </Text>
    </Row>
    <Row Tag="TXT_KEY_KOREA_SCENARIO_NEED_TO_REGAIN">
      <Text>되찾을 도시: [COLOR_POSITIVE_TEXT]{1_CitiesToRegain}[COLOR_XX]</Text>
    </Row>
    <Row Tag="TXT_KEY_KOREA_SCENARIO_NINGXIA_REBELLION_OVER">
      <Text>중국 군대가 닝샤후이 서쪽 지방에서 반란군을 제압했습니다. 중국의 새로운 증원군이 오고 있습니다.</Text>
    </Row>
    <Row Tag="TXT_KEY_KOREA_SCENARIO_NO_ACTION_SETTLER_SIZE_LIMIT_HARDCODED">
      <Text>[NEWLINE]부족민은 최소한 2명의 [ICON_CITIZEN]시민이 있는 도시에서만 생산할 수 있습니다.</Text>
    </Row>
    <Row Tag="TXT_KEY_KOREA_SCENARIO_POLICY_COLLECTIVE_RULE_HELP">
      <Text>[COLOR_POSITIVE_TEXT]집단통치[COLOR_XX][NEWLINE]유닛을 구매하는데 필요한 [ICON_GOLD]골드가 [COLOR_POSITIVE_TEXT]33%[COLOR_XX] 감소합니다.</Text>
    </Row>
    <Row Tag="TXT_KEY_KOREA_SCENARIO_TECH_SPREAD">
      <Text>{1_UnitName} 유닛을 처치해 {2_TechName} 기술을 획득하였습니다! 이제 도시에서 {3_UnitName} 유닛을 생산할 수 있습니다.</Text>
    </Row>
    <Row Tag="TXT_KEY_KOREA_SCENARIO_TITLE">
      <Text>사무라이의 한국 침략</Text>
    </Row>
    <Row Tag="TXT_KEY_KOREA_SCENARIO_TURNSREMAINING">
      <Text>남은 턴: {1_TurnsRemaining}[NEWLINE]</Text>
    </Row>
    <Row Tag="TXT_KEY_KOREA_SCENARIO_UNIT_HELP_SETTLER">
      <Text>새로운 도시를 건설해 제국을 확장하십시오. 새로 건설한 도시는 기념비, 곡창, 그리고 시장을 가진 채로 건설됩니다.[NEWLINE][NEWLINE]이 유닛이 생산되는 동안에는 도시의 [ICON_FOOD]식량 성장이 멈춥니다.</Text>
    </Row>
    <Row Tag="TXT_KEY_KOREA_SCENARIO_VP_FUTURE_TECH">
      <Text>전투로 죽인 유닛 수</Text>
    </Row>
    <Row Tag="TXT_KEY_KOREA_SCENARIO_VP_TECH">
      <Text>서울과 베이징</Text>
    </Row>
    <Row Tag="TXT_KEY_KOREA_SCENARIO_WAJO_REINFORCEMENTS">
      <Text>일본 증원군이 한반도에 건설한 와조 요새에 상륙했습니다.</Text>
    </Row>
    <Row Tag="TXT_KEY_KOREA_SCENARIO_WONDER_PORCELAIN_TOWER_HELP">
      <Text>근접 및 해군 유닛을 생산할 때 [ICON_PRODUCTION]생산 보너스가 [COLOR_POSITIVE_TEXT]15%[COLOR_XX] 증가합니다.</Text>
    </Row>
    <Row Tag="TXT_KEY_PROMOTION_GUERILLA_WITHDRAW">
      <Text>유격 작전</Text>
    </Row>
    <Row Tag="TXT_KEY_PROMOTION_GUERILLA_WITHDRAW_HELP">
      <Text>유닛이 근접 공격을 당하기 전에 뒤로 물러납니다. 적 유닛의 속도가 빠르거나 유닛 뒤에 이동 가능한 타일이 제한되어 있으면 물러날 수 있는 확률이 줄어듭니다.</Text>
    </Row>
    <Row Tag="TXT_KEY_TRAIT_KOREA_RIGHTEOUS_ARMY">
      <Text>도시가 모두 함락되더라도 게임에서 절대로 멸망하지 않습니다. 점령된 도시를 되찾기 위한 무료 유닛을 주기적으로 얻습니다. 얻는 무료 유닛 중에 거북선과 근접 공격을 당하기 전에 물러날 수 있는 능력을 갖춘 궁병도 포함되어 있습니다.</Text>
    </Row>
    <Row Tag="TXT_KEY_TRAIT_KOREA_RIGHTEOUS_ARMY_SHORT">
      <Text>의병</Text>
    </Row>
    <Row Tag="TXT_KEY_TRAIT_MANCHU_CONVERTS_LAND_BARBARIANS">
      <Text>야만인 주둔지를 파괴하면 주둔지를 지키고 있던 유닛이 만주 진영에 자동으로 편입됩니다.</Text>
    </Row>
    <Row Tag="TXT_KEY_TRAIT_MANCHU_CONVERTS_LAND_BARBARIANS_SHORT">
      <Text>팔기군</Text>
    </Row>
  </Language_KO_KR>
</GameData>