﻿<?xml version="1.0" encoding="utf-8"?>
<!--Generated with LocalizationBuddy.-->
<!--Copyright Firaxis Games 2010-->
<!--All Rights Reserved-->
<GameData>
  <Language_KO_KR>
    <Row Tag="TXT_KEY_CIV_KOREA_ADJECTIVE">
      <Text>[COLOR:255:0:50:255]한국[COLOR_XX]의</Text>
    </Row>
    <Row Tag="TXT_KEY_CIV_KOREA_DESC">
      <Text>대한 제국</Text>
    </Row>
    <Row Tag="TXT_KEY_CIV_KOREA_SHORT_DESC">
      <Text>[COLOR:255:0:50:255]한국[COLOR_XX]</Text>
    </Row>
  </Language_KO_KR>
</GameData>