﻿<?xml version="1.0" encoding="utf-8"?>
<!--Generated with LocalizationBuddy.-->
<!--Copyright Firaxis Games 2010-->
<!--All Rights Reserved-->
<GameData>
  <Language_KO_KR>
    <Row Tag="TXT_KEY_CITY_NAME_ANDONG">
      <Text>안동</Text>
    </Row>
    <Row Tag="TXT_KEY_CITY_NAME_ANJU">
      <Text>안주</Text>
	  <Plurality>2</Plurality>
    </Row>
    <Row Tag="TXT_KEY_CITY_NAME_BUSAN">
      <Text>부산</Text>
    </Row>
    <Row Tag="TXT_KEY_CITY_NAME_CHANGWON">
      <Text>창원</Text>
    </Row>
    <Row Tag="TXT_KEY_CITY_NAME_CHEONGJU">
      <Text>청주</Text>
	  <Plurality>2</Plurality>
    </Row>
    <Row Tag="TXT_KEY_CITY_NAME_CHUNGJU">
      <Text>충주</Text>
	  <Plurality>2</Plurality>
    </Row>
    <Row Tag="TXT_KEY_CITY_NAME_DAEGU">
      <Text>대구</Text>
	  <Plurality>2</Plurality>
    </Row>
    <Row Tag="TXT_KEY_CITY_NAME_DONGDUCHEON">
      <Text>동두천</Text>
    </Row>
    <Row Tag="TXT_KEY_CITY_NAME_GANGNEUNG">
      <Text>강릉</Text>
    </Row>
    <Row Tag="TXT_KEY_CITY_NAME_GEOJE">
      <Text>거제</Text>
	  <Plurality>2</Plurality>
    </Row>
    <Row Tag="TXT_KEY_CITY_NAME_GIMJE">
      <Text>김제</Text>
	  <Plurality>2</Plurality>
    </Row>
    <Row Tag="TXT_KEY_CITY_NAME_GONGJU">
      <Text>공주</Text>
	  <Plurality>2</Plurality>
    </Row>
    <Row Tag="TXT_KEY_CITY_NAME_GWANGJU">
      <Text>광주</Text>
	  <Plurality>2</Plurality>
    </Row>
    <Row Tag="TXT_KEY_CITY_NAME_GYEONGJU">
      <Text>경주</Text>
	  <Plurality>2</Plurality>
    </Row>
    <Row Tag="TXT_KEY_CITY_NAME_HAEJU">
      <Text>해주</Text>
	  <Plurality>2</Plurality>
    </Row>
    <Row Tag="TXT_KEY_CITY_NAME_HAMHUNG">
      <Text>함흥</Text>
    </Row>
    <Row Tag="TXT_KEY_CITY_NAME_JEONJU">
      <Text>전주</Text>
	  <Plurality>2</Plurality>
    </Row>
    <Row Tag="TXT_KEY_CITY_NAME_JINJU">
      <Text>진주</Text>
	  <Plurality>2</Plurality>
    </Row>
    <Row Tag="TXT_KEY_CITY_NAME_KAESONG">
      <Text>개성</Text>
    </Row>
    <Row Tag="TXT_KEY_CITY_NAME_MOKPO">
      <Text>목포</Text>
	  <Plurality>2</Plurality>
    </Row>
    <Row Tag="TXT_KEY_CITY_NAME_PYONGYANG">
      <Text>평양</Text>
    </Row>
    <Row Tag="TXT_KEY_CITY_NAME_RASON">
      <Text>나선</Text>
    </Row>
    <Row Tag="TXT_KEY_CITY_NAME_SACHEON">
      <Text>사천</Text>
    </Row>
    <Row Tag="TXT_KEY_CITY_NAME_SANGJU">
      <Text>상주</Text>
	  <Plurality>2</Plurality>
    </Row>
    <Row Tag="TXT_KEY_CITY_NAME_SUNCHEON">
      <Text>순천</Text>
    </Row>
    <Row Tag="TXT_KEY_CITY_NAME_SUWON">
      <Text>수원</Text>
    </Row>
    <Row Tag="TXT_KEY_CITY_NAME_ULSAN">
      <Text>울산</Text>
    </Row>
    <Row Tag="TXT_KEY_CITY_NAME_WONJU">
      <Text>원주</Text>
	  <Plurality>2</Plurality>
    </Row>
  </Language_KO_KR>
</GameData>