﻿<?xml version="1.0" encoding="utf-8"?>
<!--Generated with LocalizationBuddy.-->
<!--Copyright Firaxis Games 2010-->
<!--All Rights Reserved-->
<GameData>
  <Language_KO_KR>
    <Row Tag="TXT_KEY_LEADER_MARIA_AGREE_SHORT_1">
      <Text>좋소.</Text>
    </Row>
    <Row Tag="TXT_KEY_LEADER_MARIA_AGREE_SHORT_2">
      <Text>아주 좋아.</Text>
    </Row>
    <Row Tag="TXT_KEY_LEADER_MARIA_AGREE_SHORT_3">
      <Text>물론이지.</Text>
    </Row>
    <Row Tag="TXT_KEY_LEADER_MARIA_AGREE_SHORT_4">
      <Text>어쩔 수 없지.</Text>
    </Row>
    <Row Tag="TXT_KEY_LEADER_MARIA_ATTACKED_1">
      <Text>당신은 정말 멍청하군요! 십만이 넘는 정예병을 상대로 전쟁을 벌이다니, 눈 깜짝할 사이에 끔찍한 최후를 맞게 될 거예요.</Text>
    </Row>
    <Row Tag="TXT_KEY_LEADER_MARIA_ATTACKED_2">
      <Text>날 가볍게 여기다니, 큰 실수를 저질렀군요. 난 오스트리아 제국의 여왕입니다. 수 세기에 걸쳐 축적된 용기와 기량을 보여 드리지요.</Text>
    </Row>
    <Row Tag="TXT_KEY_LEADER_MARIA_ATTACKED_3">
      <Text>도대체 무슨 일을 벌이려는 거지요? 난 그림이나 그리고 몽상에 잠겨 하루를 보내는 단순한 아녀자가 아닙니다. 한 나라를 다스리는 왕이란 말입니다. 당신이 곧 알게 되겠지요.</Text>
    </Row>
    <Row Tag="TXT_KEY_LEADER_MARIA_DECLAREWAR_1">
      <Text>오스트리아는 더이상 이런 모욕을 참을 수 없습니다! 무기를 들고 당당하게 최후를 맞이할 준비를 하세요.</Text>
    </Row>
    <Row Tag="TXT_KEY_LEADER_MARIA_DECLAREWAR_2">
      <Text>안타깝지만 달리 방법이 없군요. 다음부터는 꼭 말을 가려가면서 하세요.</Text>
    </Row>
    <Row Tag="TXT_KEY_LEADER_MARIA_DECLAREWAR_3">
      <Text>아니, 놀랐나요? 내가 남편에게서 작위와 영토를 상속받았을 뿐인 귀부인이라고 생각했나요? 상관없어요. 당신이 저지른 실수를 곧 깨닫게 될 겁니다.</Text>
    </Row>
    <Row Tag="TXT_KEY_LEADER_MARIA_DEFEATED_1">
      <Text>나처럼 아름답고 현명한 세기의 보물을 몰라보다니, 참 끔찍한 세상이로군요. 이런 세상이라면 떠나도 아쉬울 게 없어요.</Text>
    </Row>
    <Row Tag="TXT_KEY_LEADER_MARIA_DEFEATED_2">
      <Text>이 사악하고 잔인한 짐승 같으니! 고통과 슬픔으로 가득하기를 빌겠어요! 무대의 막이 내리고 조명이 꺼졌으니 내 역할은 이제 끝이군요.</Text>
    </Row>
    <Row Tag="TXT_KEY_LEADER_MARIA_DEFEATED_3">
      <Text>자랑스럽고 고귀한 합스부르크 가문도 오늘 이 자리를 끝으로 영원히 사라지는군요. 이런 일을 저지르고도 편안하게 잠을 청할 수 있는 자는 냉혈한뿐이에요.</Text>
    </Row>
    <Row Tag="TXT_KEY_LEADER_MARIA_DEMANDTRIBUTE_ANGRY">
      <Text>당신이 충분히 보상만 한다면 다른 곳으로 눈을 돌리겠어요. 콜린의 최근 소식을 들었나요?</Text>
    </Row>
    <Row Tag="TXT_KEY_LEADER_MARIA_DEMANDTRIBUTE_HAPPY">
      <Text>처량한 과부가 어려움을 겪고 있으니 조금 도와주시지요.</Text>
    </Row>
    <Row Tag="TXT_KEY_LEADER_MARIA_DEMANDTRIBUTE_NEUTRAL">
      <Text>이쪽으로 오시지요. 왕립 극장 지붕도 보수해야 하고 예방접종을 위해 병원을 더 지어야 해요. 얼마를 기부할 수 있다고 하셨죠?
</Text>
    </Row>
    <Row Tag="TXT_KEY_LEADER_MARIA_DISAGREE_SHORT_1">
      <Text>거절합니다.</Text>
    </Row>
    <Row Tag="TXT_KEY_LEADER_MARIA_DISAGREE_SHORT_2">
      <Text>싫습니다.</Text>
    </Row>
    <Row Tag="TXT_KEY_LEADER_MARIA_DISAGREE_SHORT_3">
      <Text>물론 안 돼요.</Text>
    </Row>
    <Row Tag="TXT_KEY_LEADER_MARIA_DISAGREE_SHORT_4">
      <Text>사양합니다.</Text>
    </Row>
    <Row Tag="TXT_KEY_LEADER_MARIA_DISAGREE_SHORT_5">
      <Text>당연히 안 됩니다.</Text>
    </Row>
    <Row Tag="TXT_KEY_LEADER_MARIA_DISAGREE_SHORT_6">
      <Text>받아들일 수 없어요.</Text>
    </Row>
    <Row Tag="TXT_KEY_LEADER_MARIA_DISAGREE_SHORT_7">
      <Text>진심은 아니겠지요!</Text>
    </Row>
    <Row Tag="TXT_KEY_LEADER_MARIA_FIRSTGREETING_1">
      <Text>로마의 섭정이자 헝가리의 여왕, 오스트리아의 대공비가 당신을 환영합니다. 혹시 극장을 좋아하나요?</Text>
    </Row>
    <Row Tag="TXT_KEY_LEADER_MARIA_FIRSTGREETING_2">
      <Text>아, 궁정에 얼씬대는 사람이 바로 당신이었군요. 오스트리아에 온 것을 환영합니다만, 당신은 이곳에 오래 머물지 않을 것 같군요.</Text>
    </Row>
    <Row Tag="TXT_KEY_LEADER_MARIA_FIRSTGREETING_3">
      <Text>웬드마크의 여왕이 공의 방문을... 오, 인사치레는 이쯤에서 끝내지요. 4시에 오찬이 있어요.</Text>
    </Row>
    <Row Tag="TXT_KEY_LEADER_MARIA_GOODBYE_1">
      <Text>또 봅시다.</Text>
    </Row>
    <Row Tag="TXT_KEY_LEADER_MARIA_GOODBYE_2">
      <Text>잘 가세요.</Text>
    </Row>
    <Row Tag="TXT_KEY_LEADER_MARIA_GOODBYE_3">
      <Text>안녕히.</Text>
    </Row>
    <Row Tag="TXT_KEY_LEADER_MARIA_GOODBYE_4">
      <Text>잘 가세요.</Text>
    </Row>
    <Row Tag="TXT_KEY_LEADER_MARIA_GOODBYE_5">
      <Text>이상입니다.</Text>
    </Row>
    <Row Tag="TXT_KEY_LEADER_MARIA_GOODBYE_6">
      <Text>그만 가보세요.</Text>
    </Row>
    <Row Tag="TXT_KEY_LEADER_MARIA_GREETING_1">
      <Text>오늘 날씨가 참 좋네요.</Text>
    </Row>
    <Row Tag="TXT_KEY_LEADER_MARIA_GREETING_2">
      <Text>반갑습니다.</Text>
    </Row>
    <Row Tag="TXT_KEY_LEADER_MARIA_GREETING_3">
      <Text>환영합니다.</Text>
    </Row>
    <Row Tag="TXT_KEY_LEADER_MARIA_GREETING_4">
      <Text>볼 때마다 반갑네요.</Text>
    </Row>
    <Row Tag="TXT_KEY_LEADER_MARIA_GREETING_5">
      <Text>네?</Text>
    </Row>
    <Row Tag="TXT_KEY_LEADER_MARIA_GREETING_6">
      <Text>어쩐 일이지요?</Text>
    </Row>
    <Row Tag="TXT_KEY_LEADER_MARIA_LETSHEARIT_1">
      <Text>들어보지요.</Text>
    </Row>
    <Row Tag="TXT_KEY_LEADER_MARIA_LETSHEARIT_2">
      <Text>말씀해 보시지요.</Text>
    </Row>
    <Row Tag="TXT_KEY_LEADER_MARIA_LETSHEARIT_3">
      <Text>계속하세요.</Text>
    </Row>
    <Row Tag="TXT_KEY_LEADER_MARIA_LETSHEARIT_4">
      <Text>듣고 있어요.</Text>
    </Row>
    <Row Tag="TXT_KEY_LEADER_MARIA_LETSHEARIT_5">
      <Text>뭐라고 하셨지요?</Text>
    </Row>
    <Row Tag="TXT_KEY_LEADER_MARIA_LOSEWAR_1">
      <Text>이... 사악하고 잔인한 인간! 당신은 반란을 일으킨 프로이센 사람처럼 미개하군!</Text>
    </Row>
    <Row Tag="TXT_KEY_LEADER_MARIA_LOSEWAR_2">
      <Text>손실이 적으니 걱정할 필요도 없겠군요. 난 이보다 훨씬 심한 꼴을 당하고도 살아남았습니다.</Text>
    </Row>
    <Row Tag="TXT_KEY_LEADER_MARIA_QUOTE_1">
      <Text>깨어 있는 조물주를 만나고 싶다.</Text>
    </Row>
    <Row Tag="TXT_KEY_LEADER_MARIA_TRADE_NEEDMORE_ANGRY_1">
      <Text>난 당신이 태어나기도 전부터 오스트리아를 통치했어요, 젊은이. 그런 말도 안 되는 요구는 집어치우시지요.</Text>
    </Row>
    <Row Tag="TXT_KEY_LEADER_MARIA_TRADE_NEEDMORE_ANGRY_2">
      <Text>그걸로는 부족하군요.</Text>
    </Row>
    <Row Tag="TXT_KEY_LEADER_MARIA_TRADE_NEEDMORE_ANGRY_3">
      <Text>조건이 마음에 들지 않아요.</Text>
    </Row>
    <Row Tag="TXT_KEY_LEADER_MARIA_TRADE_NEEDMORE_ANGRY_4">
      <Text>조금만 더 써보시지요.</Text>
    </Row>
    <Row Tag="TXT_KEY_LEADER_MARIA_TRADE_NEEDMORE_HAPPY_1">
      <Text>이걸로는 어림도 없습니다. 안 그래도 여자가 무슨 나라를 다스리느냐고 수군대는 판에 내가 이런 거래를 하면 궁정에서 무슨 말이 나올까요?</Text>
    </Row>
    <Row Tag="TXT_KEY_LEADER_MARIA_TRADE_NEEDMORE_HAPPY_2">
      <Text>그게 그대가 제안할 수 있는 전부입니까?</Text>
    </Row>
    <Row Tag="TXT_KEY_LEADER_MARIA_TRADE_NEEDMORE_HAPPY_3">
      <Text>조금 모자라는 감이 있습니다만...</Text>
    </Row>
    <Row Tag="TXT_KEY_LEADER_MARIA_TRADE_NEEDMORE_NEUTRAL_1">
      <Text>조금 더 생각해봐야겠네요. 물론 당신이 뭔가 좀 더 쓸만한 걸 제안한다면 지금 당장 결정할 수도 있어요.</Text>
    </Row>
    <Row Tag="TXT_KEY_LEADER_MARIA_TRADE_NEEDMORE_NEUTRAL_2">
      <Text>좀 더 나은 제안을 할 수는 없나요?</Text>
    </Row>
    <Row Tag="TXT_KEY_LEADER_MARIA_TRADE_NEEDMORE_NEUTRAL_3">
      <Text>그것으로는 곤란합니다.</Text>
    </Row>
    <Row Tag="TXT_KEY_LEADER_MARIA_TRADE_NEEDMORE_NEUTRAL_4">
      <Text>조금만 더 써보시지요.</Text>
    </Row>
    <Row Tag="TXT_KEY_LEADER_MARIA_TRADE_NO_ANGRY">
      <Text>이게 도대체 무슨 짓인가요? 내 시간을 허비하고 인내심을 시험하는군요.</Text>
    </Row>
    <Row Tag="TXT_KEY_LEADER_MARIA_TRADE_NO_HAPPY">
      <Text>고맙지만 사양하겠어요.</Text>
    </Row>
    <Row Tag="TXT_KEY_LEADER_MARIA_TRADE_NO_NEUTRAL">
      <Text>관심 없어요.</Text>
    </Row>
    <Row Tag="TXT_KEY_LEADER_MARIA_TRADE_YES_ANGRY">
      <Text>동의합니다.</Text>
    </Row>
    <Row Tag="TXT_KEY_LEADER_MARIA_TRADE_YES_HAPPY">
      <Text>동의합니다.</Text>
    </Row>
    <Row Tag="TXT_KEY_LEADER_MARIA_TRADE_YES_NEUTRAL">
      <Text>아주 좋습니다.</Text>
    </Row>
    <Row Tag="TXT_KEY_LEADER_MARIA_TRADEREQUEST_ANGRY">
      <Text>오스트리아 관리를 매수하는 게 당신 습관인지 보좌관들이 꼭 물어보라고 하더군요.</Text>
    </Row>
    <Row Tag="TXT_KEY_LEADER_MARIA_TRADEREQUEST_HAPPY">
      <Text>당신의 구질구질한 문명에 이 최신 패션이 꼭 필요하다는 걸 알아요!</Text>
    </Row>
    <Row Tag="TXT_KEY_LEADER_MARIA_TRADEREQUEST_NEUTRAL">
      <Text>내 다마스크를 자꾸 쳐다보더군요. 나는 치사한 여자가 아니에요. 거래합시다.</Text>
    </Row>
    <Row Tag="TXT_KEY_LEADER_MARIA_TRIBUTE_NO_ANGRY">
      <Text>당신 앞에서 거절하니 속이 다 후련하군요. 나갈 때 문에 끼지 않도록 조심하시지요.</Text>
    </Row>
    <Row Tag="TXT_KEY_LEADER_MARIA_TRIBUTE_NO_HAPPY">
      <Text>당신이 쓴 황당한 편지를 받았어요. 실수로 보내는 사람 이름을 잘못 적었죠?</Text>
    </Row>
    <Row Tag="TXT_KEY_LEADER_MARIA_TRIBUTE_NO_NEUTRAL">
      <Text>이봐요, 또박또박 말해봐요. 뭐라고 하는지 알아듣기 어렵군요. 내가 지금 잘못 들은 게 틀림없을 거에요.</Text>
    </Row>
    <Row Tag="TXT_KEY_LEADER_MARIA_TRIBUTE_YES_ANGRY">
      <Text>이 소인배 같으니라고, 때가 되면 대가를 치를 거에요.</Text>
    </Row>
    <Row Tag="TXT_KEY_LEADER_MARIA_TRIBUTE_YES_HAPPY">
      <Text>오, 충성스러운 신하에게 은혜를 조금 베풀어야지. 자, 이거 받고 가서 일 보세요.</Text>
    </Row>
    <Row Tag="TXT_KEY_LEADER_MARIA_TRIBUTE_YES_NEUTRAL">
      <Text>당신 정말 건방지지만 마음에 드니까 원하는 걸 주겠어요. 자, 여깄어요. 다시는 이런 요구를 하지 마세요.</Text>
    </Row>
    <Row Tag="TXT_KEY_LEADER_MARIA_WARBLUFF_1">
      <Text>정말 터무니없군요. 달리 할 말이 없습니다.</Text>
    </Row>
    <Row Tag="TXT_KEY_LEADER_MARIA_WARBLUFF_2">
      <Text>그게 지금 황제 앞에서 할 행동인가요?</Text>
    </Row>
    <Row Tag="TXT_KEY_LEADER_MARIA_WARBLUFF_3">
      <Text>정말 어리석군요.</Text>
    </Row>
    <Row Tag="TXT_KEY_LEADER_MARIA_WINWAR_1">
      <Text>내가 멋지게 이겼군요. 당신이 내게 어떻게 졌는지 후세에 알리려면 오페라를 만드는 게 좋겠군요.</Text>
    </Row>
    <Row Tag="TXT_KEY_LEADER_MARIA_WINWAR_2">
      <Text>이제 만족하나요? 실력도 없으면서 큰소리만 뻥뻥 치니 그 꼴이지요.</Text>
    </Row>
  </Language_KO_KR>
</GameData>