﻿<?xml version="1.0" encoding="utf-8"?>
<!--Generated with LocalizationBuddy.-->
<!--Copyright Firaxis Games 2010-->
<!--All Rights Reserved-->
<GameData>
  <Language_KO_KR>
    <Row Tag="TXT_KEY_LEADER_ATTILA_AGREE_SHORT_1">
      <Text>알겠소.</Text>
    </Row>
    <Row Tag="TXT_KEY_LEADER_ATTILA_AGREE_SHORT_2">
      <Text>좋소.</Text>
    </Row>
    <Row Tag="TXT_KEY_LEADER_ATTILA_AGREE_SHORT_3">
      <Text>물론이오.</Text>
    </Row>
    <Row Tag="TXT_KEY_LEADER_ATTILA_AGREE_SHORT_4">
      <Text>찬성이오.</Text>
    </Row>
    <Row Tag="TXT_KEY_LEADER_ATTILA_ATTACKED_1">
      <Text>이 비열한 로마 새끼가! 해가 지기 전에 네 머리를 베겠다.</Text>
    </Row>
    <Row Tag="TXT_KEY_LEADER_ATTILA_ATTACKED_2">
      <Text>로마가 아니라 네가 나를 배신할 줄은 몰랐는걸. 어차피 죽이면 그만이니까 상관없겠지.</Text>
    </Row>
    <Row Tag="TXT_KEY_LEADER_ATTILA_ATTACKED_3">
      <Text>아무짝에도 쓸모없는 놈인 줄 알았는데, 내가 틀렸군. 네 녀석을 죽이면 모두 두려움에 벌벌 떨겠지.</Text>
    </Row>
    <Row Tag="TXT_KEY_LEADER_ATTILA_DECLAREWAR_1">
      <Text>호노리아를 데려오려면 돈을 모아야 해! 네 땅을 접수하겠다. 저항할 테면 해라.</Text>
    </Row>
    <Row Tag="TXT_KEY_LEADER_ATTILA_DECLAREWAR_2">
      <Text>내 기병대 앞에서 로마군도 추풍낙엽처럼 쓰러졌다. 네까짓 게 무슨 재주로 나와 싸우려느냐? 말발굽에 밟혀 죽기밖에 더하겠는가 말이야.</Text>
    </Row>
    <Row Tag="TXT_KEY_LEADER_ATTILA_DECLAREWAR_3">
      <Text>이 왕좌가 지겨워서 말이지. 네 것이 좋아 보이는군.</Text>
    </Row>
    <Row Tag="TXT_KEY_LEADER_ATTILA_DEFEATED_1">
      <Text>설사 내가 죽더라도 누군가 나를 대신해 너희를 죽이러 올 것이다.</Text>
    </Row>
    <Row Tag="TXT_KEY_LEADER_ATTILA_DEFEATED_2">
      <Text>내 땅을 차지하고 내 군대를 물리쳤다고 끝이 아니다. 우리 훈은 자긍심 넘치고 힘센 민족이다. 약골 지도자는 받아들이지 않아.</Text>
    </Row>
    <Row Tag="TXT_KEY_LEADER_ATTILA_DEFEATED_3">
      <Text>무력으로 땅을 빼앗기는 쉽지만 빼앗은 땅을 다스리기는 어렵지. 아직 이긴 게 아니야. 가장 어려운 부분이 남았어.</Text>
    </Row>
    <Row Tag="TXT_KEY_LEADER_ATTILA_DEMANDTRIBUTE_ANGRY">
      <Text>내게 공물을 바쳐라. 내 발 주위에 빈 곳이 있지 않으냐?</Text>
    </Row>
    <Row Tag="TXT_KEY_LEADER_ATTILA_DEMANDTRIBUTE_HAPPY">
      <Text>네 공물을 놓을 자리를 내가 만들었다. 설마 이런 영예를 물리치지는 않겠지?</Text>
    </Row>
    <Row Tag="TXT_KEY_LEADER_ATTILA_DEMANDTRIBUTE_NEUTRAL">
      <Text>흠, 금은보화 모으기도 지겹군. 지금 바치든지 아니면 내가 나중에 찾아가겠다.</Text>
    </Row>
    <Row Tag="TXT_KEY_LEADER_ATTILA_DISAGREE_SHORT_1">
      <Text>거절하겠다.</Text>
    </Row>
    <Row Tag="TXT_KEY_LEADER_ATTILA_DISAGREE_SHORT_2">
      <Text>아니.</Text>
    </Row>
    <Row Tag="TXT_KEY_LEADER_ATTILA_DISAGREE_SHORT_3">
      <Text>당연히 아니지.</Text>
    </Row>
    <Row Tag="TXT_KEY_LEADER_ATTILA_DISAGREE_SHORT_4">
      <Text>받아들일 수 없다.</Text>
    </Row>
    <Row Tag="TXT_KEY_LEADER_ATTILA_DISAGREE_SHORT_5">
      <Text>미쳤군!</Text>
    </Row>
    <Row Tag="TXT_KEY_LEADER_ATTILA_DISAGREE_SHORT_6">
      <Text>받아들일 수 없다.</Text>
    </Row>
    <Row Tag="TXT_KEY_LEADER_ATTILA_DISAGREE_SHORT_7">
      <Text>농담은 그만해!</Text>
    </Row>
    <Row Tag="TXT_KEY_LEADER_ATTILA_FIRSTGREETING_1">
      <Text>문주크의 아들이 인사드리오. 말발굽에 깔리지 않게 조심하시오.</Text>
    </Row>
    <Row Tag="TXT_KEY_LEADER_ATTILA_FIRSTGREETING_2">
      <Text>내가 바로 로마를 침략해 유럽의 간담을 서늘케 한 아틸라이다. 어쭈, 감히 내 앞에서 건방지게 굴려느냐? 아니라고? 만약 그런다면 네놈은 망하게 될 것이다!</Text>
    </Row>
    <Row Tag="TXT_KEY_LEADER_ATTILA_FIRSTGREETING_3">
      <Text>훈의 땅에 온 것을 환영하오, 이방인. 내 이름은 아틸라라고 하지. 훈을 방해하는 자들은 재물을 빼앗기고 노예가 될 것이오!</Text>
    </Row>
    <Row Tag="TXT_KEY_LEADER_ATTILA_GOODBYE_1">
      <Text>다시 봅시다.</Text>
    </Row>
    <Row Tag="TXT_KEY_LEADER_ATTILA_GOODBYE_2">
      <Text>잘 가시오.</Text>
    </Row>
    <Row Tag="TXT_KEY_LEADER_ATTILA_GOODBYE_3">
      <Text>다시 봅시다.</Text>
    </Row>
    <Row Tag="TXT_KEY_LEADER_ATTILA_GOODBYE_4">
      <Text>잘 가게, 친구.</Text>
    </Row>
    <Row Tag="TXT_KEY_LEADER_ATTILA_GOODBYE_5">
      <Text>이상이오.</Text>
    </Row>
    <Row Tag="TXT_KEY_LEADER_ATTILA_GOODBYE_6">
      <Text>물러가시오.</Text>
    </Row>
    <Row Tag="TXT_KEY_LEADER_ATTILA_GREETING_1">
      <Text>잘 지내시오?</Text>
    </Row>
    <Row Tag="TXT_KEY_LEADER_ATTILA_GREETING_2">
      <Text>안녕하시오.</Text>
    </Row>
    <Row Tag="TXT_KEY_LEADER_ATTILA_GREETING_3">
      <Text>안녕하시오.</Text>
    </Row>
    <Row Tag="TXT_KEY_LEADER_ATTILA_GREETING_4">
      <Text>환영하오.</Text>
    </Row>
    <Row Tag="TXT_KEY_LEADER_ATTILA_GREETING_5">
      <Text>오, 당신이군.</Text>
    </Row>
    <Row Tag="TXT_KEY_LEADER_ATTILA_GREETING_6">
      <Text>원하는 게 뭐요?</Text>
    </Row>
    <Row Tag="TXT_KEY_LEADER_ATTILA_LETSHEARIT_1">
      <Text>들어봅시다.</Text>
    </Row>
    <Row Tag="TXT_KEY_LEADER_ATTILA_LETSHEARIT_2">
      <Text>해보시오.</Text>
    </Row>
    <Row Tag="TXT_KEY_LEADER_ATTILA_LETSHEARIT_3">
      <Text>계속하시오.</Text>
    </Row>
    <Row Tag="TXT_KEY_LEADER_ATTILA_LETSHEARIT_4">
      <Text>듣고 있소.</Text>
    </Row>
    <Row Tag="TXT_KEY_LEADER_ATTILA_LETSHEARIT_5">
      <Text>음?</Text>
    </Row>
    <Row Tag="TXT_KEY_LEADER_ATTILA_LOSEWAR_1">
      <Text>나는 패배를 인정하지 못할 만큼 자만심에 빠진 사람이 아니오. 승리 한 번에 자신의 능력을 과대평가하는 자야말로 어리석은 사람이지.</Text>
    </Row>
    <Row Tag="TXT_KEY_LEADER_ATTILA_LOSEWAR_2">
      <Text>아무리 준비가 철저해도 전쟁에서 패배할 때가 있는 법. 다음에는 이렇게 쉽게 무너지지 않을 것이오.</Text>
    </Row>
    <Row Tag="TXT_KEY_LEADER_ATTILA_TRADE_NEEDMORE_ANGRY_1">
      <Text>분통이 터지긴 하지만 좌우의 간청도 있고 하니 바로 죽이지는 않겠다. 더 나은 제안을 해라.</Text>
    </Row>
    <Row Tag="TXT_KEY_LEADER_ATTILA_TRADE_NEEDMORE_ANGRY_2">
      <Text>고작 그것뿐인가?</Text>
    </Row>
    <Row Tag="TXT_KEY_LEADER_ATTILA_TRADE_NEEDMORE_ANGRY_3">
      <Text>날 실망시키다니.</Text>
    </Row>
    <Row Tag="TXT_KEY_LEADER_ATTILA_TRADE_NEEDMORE_ANGRY_4">
      <Text>약간 부족하군.</Text>
    </Row>
    <Row Tag="TXT_KEY_LEADER_ATTILA_TRADE_NEEDMORE_HAPPY_1">
      <Text>거들먹거리던 로마도 이런 무성의한 제안은 감히 하지 못했지. 더 나은 제안을 해 보게.</Text>
    </Row>
    <Row Tag="TXT_KEY_LEADER_ATTILA_TRADE_NEEDMORE_HAPPY_2">
      <Text>너무 이쪽만 손해 보는 거래가 아닌가?</Text>
    </Row>
    <Row Tag="TXT_KEY_LEADER_ATTILA_TRADE_NEEDMORE_HAPPY_3">
      <Text>흠... 엇비슷하긴 한데...</Text>
    </Row>
    <Row Tag="TXT_KEY_LEADER_ATTILA_TRADE_NEEDMORE_NEUTRAL_1">
      <Text>이쪽은 병사와 말을 먹여 살려야 하는 처지요. 더 쓸만한 제안을 해보시오.</Text>
    </Row>
    <Row Tag="TXT_KEY_LEADER_ATTILA_TRADE_NEEDMORE_NEUTRAL_2">
      <Text>충분하지 않소.</Text>
    </Row>
    <Row Tag="TXT_KEY_LEADER_ATTILA_TRADE_NEEDMORE_NEUTRAL_3">
      <Text>어림도 없소이다.</Text>
    </Row>
    <Row Tag="TXT_KEY_LEADER_ATTILA_TRADE_NEEDMORE_NEUTRAL_4">
      <Text>조금만 더 협상하면 합의를 볼 수 있겠소.</Text>
    </Row>
    <Row Tag="TXT_KEY_LEADER_ATTILA_TRADE_NO_ANGRY">
      <Text>감히 부하들 앞에서 나를 바보 취급하는가? 꺼져!</Text>
    </Row>
    <Row Tag="TXT_KEY_LEADER_ATTILA_TRADE_NO_HAPPY">
      <Text>고맙지만 사양하겠소.</Text>
    </Row>
    <Row Tag="TXT_KEY_LEADER_ATTILA_TRADE_NO_NEUTRAL">
      <Text>관심이 없소이다.</Text>
    </Row>
    <Row Tag="TXT_KEY_LEADER_ATTILA_TRADE_YES_ANGRY">
      <Text>좋소.</Text>
    </Row>
    <Row Tag="TXT_KEY_LEADER_ATTILA_TRADE_YES_HAPPY">
      <Text>공평한 거래요!</Text>
    </Row>
    <Row Tag="TXT_KEY_LEADER_ATTILA_TRADE_YES_NEUTRAL">
      <Text>거래하겠소.</Text>
    </Row>
    <Row Tag="TXT_KEY_LEADER_ATTILA_TRADEREQUEST_ANGRY">
      <Text>이 정도면 분에 넘치는 거래 아닌가? 이렇게 봐주는데도 내가 불공평하다고 따질 텐가?</Text>
    </Row>
    <Row Tag="TXT_KEY_LEADER_ATTILA_TRADEREQUEST_HAPPY">
      <Text>이리 오시게, 의논할 일이 산더미라네.</Text>
    </Row>
    <Row Tag="TXT_KEY_LEADER_ATTILA_TRADEREQUEST_NEUTRAL">
      <Text>군대에 보급품이 필요하오. 이 제안이면 서로 만족할 것 같은데.</Text>
    </Row>
    <Row Tag="TXT_KEY_LEADER_ATTILA_TRIBUTE_NO_ANGRY">
      <Text>이렇게 어리석은 행동을 하다니, 자기 무덤을 자기가 파는 꼴이군!</Text>
    </Row>
    <Row Tag="TXT_KEY_LEADER_ATTILA_TRIBUTE_NO_HAPPY">
      <Text>자원을 모두 다른 문명에 팔아서 지금은 도와줄 수 없소.</Text>
    </Row>
    <Row Tag="TXT_KEY_LEADER_ATTILA_TRIBUTE_NO_NEUTRAL">
      <Text>뭐든 헐값에 가져가려는 로마 도둑놈처럼 구는군. 싫소.</Text>
    </Row>
    <Row Tag="TXT_KEY_LEADER_ATTILA_TRIBUTE_YES_ANGRY">
      <Text>지금은 당신이 유리한 카드를 쥐고 있지만, 항상 그럴 거라고는 생각하지 마시오.</Text>
    </Row>
    <Row Tag="TXT_KEY_LEADER_ATTILA_TRIBUTE_YES_HAPPY">
      <Text>물론이오. 주는 대로 받는다는 말도 있지 않소.</Text>
    </Row>
    <Row Tag="TXT_KEY_LEADER_ATTILA_TRIBUTE_YES_NEUTRAL">
      <Text>내가 지금 다른 곳에 급한 볼일이 있어 관대하게 대하는 걸 다행으로 생각하시오. </Text>
    </Row>
    <Row Tag="TXT_KEY_LEADER_ATTILA_WARBLUFF_1">
      <Text>감히 누구를 협박하는 거지?</Text>
    </Row>
    <Row Tag="TXT_KEY_LEADER_ATTILA_WARBLUFF_2">
      <Text>내가 자기주장이 강한 사람을 좋아하긴 하지만, 당신은 선을 넘었소.</Text>
    </Row>
    <Row Tag="TXT_KEY_LEADER_ATTILA_WARBLUFF_3">
      <Text>한 번만 더 그런 수작을 부리면 당신 문명을 쑥대밭으로 만들고 돈은 다 빼앗아 가겠소.</Text>
    </Row>
    <Row Tag="TXT_KEY_LEADER_ATTILA_WINWAR_1">
      <Text>이기지도 못할 전쟁을 시작해 다 죽게 생겼는데 누가 당신을 따르겠소?</Text>
    </Row>
    <Row Tag="TXT_KEY_LEADER_ATTILA_WINWAR_2">
      <Text>이 정도면 교훈이 되었겠지? 아니면 이번 일을 평생 잊지 못하도록 내가 금은보화를 다 가져갈까?</Text>
    </Row>
  </Language_KO_KR>
</GameData>