﻿<?xml version="1.0" encoding="utf-8"?>
<!--Generated with LocalizationBuddy.-->
<!--Copyright Firaxis Games 2010-->
<!--All Rights Reserved-->
<GameData>
  <Language_KO_KR>
    <Row Tag="TXT_KEY_LEADER_BOUDICCA_AGREE_SHORT_1">
      <Text>좋습니다.</Text>
    </Row>
    <Row Tag="TXT_KEY_LEADER_BOUDICCA_AGREE_SHORT_2">
      <Text>알았습니다.</Text>
    </Row>
    <Row Tag="TXT_KEY_LEADER_BOUDICCA_AGREE_SHORT_3">
      <Text>물론입니다.</Text>
    </Row>
    <Row Tag="TXT_KEY_LEADER_BOUDICCA_AGREE_SHORT_4">
      <Text>음. 좋습니다.</Text>
    </Row>
    <Row Tag="TXT_KEY_LEADER_BOUDICCA_ATTACKED_1">
      <Text>배신자! 우리 켈트족을 농락하고 모욕하다니, 죽여버리겠어!</Text>
    </Row>
    <Row Tag="TXT_KEY_LEADER_BOUDICCA_ATTACKED_2">
      <Text>어딜 감히? 론디니움이 어떤 꼴을 당했는지 모르느냐? 곧 우리 전사들이 당신 수도까지 밀고 들어갈 것이다!</Text>
    </Row>
    <Row Tag="TXT_KEY_LEADER_BOUDICCA_ATTACKED_3">
      <Text>이런 식으로 우리를 배신하다니, 하늘에 맹세코 패배한 당신 군대의 신음이 사방에 울려 퍼지게 하겠습니다!</Text>
    </Row>
    <Row Tag="TXT_KEY_LEADER_BOUDICCA_DECLAREWAR_1">
      <Text>우리 전차부대는 출정 준비를 끝냈고 밤하늘은 횃불로 대낮같이 밝아졌지. 대지를 피로 물들일 시간이야!</Text>
    </Row>
    <Row Tag="TXT_KEY_LEADER_BOUDICCA_DECLAREWAR_2">
      <Text>사냥 대회가 시작되었소. 이번 사냥감은 산토끼 따위가 아니라 인간이지! 이미 경고하지 않았소? 어서 도망치시오.</Text>
    </Row>
    <Row Tag="TXT_KEY_LEADER_BOUDICCA_DECLAREWAR_3">
      <Text>우리 땅에서 당신들이 저지르는 악행을 더이상 참을 수 없습니다! 형제들이여, 무기를 들어라! 전쟁이다!</Text>
    </Row>
    <Row Tag="TXT_KEY_LEADER_BOUDICCA_DEFEATED_1">
      <Text>땅과 재산은 빼앗을 수 있을지 몰라도 켈트족의 긍지는 빼앗을 수 없지. 우리 켈트족은 영원히 역사에 남을 것이오.</Text>
    </Row>
    <Row Tag="TXT_KEY_LEADER_BOUDICCA_DEFEATED_2">
      <Text>비열한 작자 같으니. 우리와의 전쟁으로 도시는 폐허가 되고 전사자가 사방에 널려 있으니 껍데기뿐인 승리를 마음껏 맛보시오. 나는 나대로 승리를 거두었으니까. </Text>
    </Row>
    <Row Tag="TXT_KEY_LEADER_BOUDICCA_DEFEATED_3">
      <Text>전장에서 나를 꺾은 게 당신이라 조금이나마 위안이 되는군. 좋은 시절에 만났다면 가족처럼 지냈을 텐데...</Text>
    </Row>
    <Row Tag="TXT_KEY_LEADER_BOUDICCA_DEMANDTRIBUTE_ANGRY">
      <Text>빌린 돈을 갚아야 하는데, 당신이 대신 갚을 거라는 확신이 드는군요.</Text>
    </Row>
    <Row Tag="TXT_KEY_LEADER_BOUDICCA_DEMANDTRIBUTE_HAPPY">
      <Text>우리 문명이 어려움에 처했습니다. 당신의 도움이 필요합니다.</Text>
    </Row>
    <Row Tag="TXT_KEY_LEADER_BOUDICCA_DEMANDTRIBUTE_NEUTRAL">
      <Text>적당한 돈을 지불하면 당신의 의심스러운 행동을 덮어줄 용의가 있습니다.</Text>
    </Row>
    <Row Tag="TXT_KEY_LEADER_BOUDICCA_DISAGREE_SHORT_1">
      <Text>거절하겠습니다.</Text>
    </Row>
    <Row Tag="TXT_KEY_LEADER_BOUDICCA_DISAGREE_SHORT_2">
      <Text>싫습니다.</Text>
    </Row>
    <Row Tag="TXT_KEY_LEADER_BOUDICCA_DISAGREE_SHORT_3">
      <Text>그럴 수 없습니다.</Text>
    </Row>
    <Row Tag="TXT_KEY_LEADER_BOUDICCA_DISAGREE_SHORT_4">
      <Text>거절합니다.</Text>
    </Row>
    <Row Tag="TXT_KEY_LEADER_BOUDICCA_DISAGREE_SHORT_5">
      <Text>절대로 안 됩니다.</Text>
    </Row>
    <Row Tag="TXT_KEY_LEADER_BOUDICCA_DISAGREE_SHORT_6">
      <Text>수락할 수 없는 조건입니다.</Text>
    </Row>
    <Row Tag="TXT_KEY_LEADER_BOUDICCA_DISAGREE_SHORT_7">
      <Text>말도 안 됩니다.</Text>
    </Row>
    <Row Tag="TXT_KEY_LEADER_BOUDICCA_FIRSTGREETING_1">
      <Text>당신은 지금 켈트족의 땅에 들어왔습니다. 나는 켈트족의 선택된 여왕 부디카입니다. 여자라고 얕보지 마십시오.</Text>
    </Row>
    <Row Tag="TXT_KEY_LEADER_BOUDICCA_FIRSTGREETING_2">
      <Text>다른 전사를 만나서 반갑습니다. 나는 켈트족의 여왕 부디카입니다. 어지러운 세상을 함께 헤쳐나갑시다.</Text>
    </Row>
    <Row Tag="TXT_KEY_LEADER_BOUDICCA_FIRSTGREETING_3">
      <Text>안녕하십니까, 이방인 왕이여. 나는 켈트족의 여왕이자 프라스타구스가 선택한 자입니다. 켈트족의 뜻과 선왕의 정신을 이어받았지요.</Text>
    </Row>
    <Row Tag="TXT_KEY_LEADER_BOUDICCA_GOODBYE_1">
      <Text>안녕히.</Text>
    </Row>
    <Row Tag="TXT_KEY_LEADER_BOUDICCA_GOODBYE_2">
      <Text>잘 가시오.</Text>
    </Row>
    <Row Tag="TXT_KEY_LEADER_BOUDICCA_GOODBYE_3">
      <Text>나중에 또 만납시다.</Text>
    </Row>
    <Row Tag="TXT_KEY_LEADER_BOUDICCA_GOODBYE_4">
      <Text>다음에 또 봅시다.</Text>
    </Row>
    <Row Tag="TXT_KEY_LEADER_BOUDICCA_GOODBYE_5">
      <Text>그럼 이만.</Text>
    </Row>
    <Row Tag="TXT_KEY_LEADER_BOUDICCA_GOODBYE_6">
      <Text>인제 그만 가시오.</Text>
    </Row>
    <Row Tag="TXT_KEY_LEADER_BOUDICCA_GREETING_1">
      <Text>별일 없겠지요?</Text>
    </Row>
    <Row Tag="TXT_KEY_LEADER_BOUDICCA_GREETING_2">
      <Text>반갑습니다.</Text>
    </Row>
    <Row Tag="TXT_KEY_LEADER_BOUDICCA_GREETING_3">
      <Text>환영합니다.</Text>
    </Row>
    <Row Tag="TXT_KEY_LEADER_BOUDICCA_GREETING_4">
      <Text>아, 다시 만나서 반갑습니다.</Text>
    </Row>
    <Row Tag="TXT_KEY_LEADER_BOUDICCA_GREETING_5">
      <Text>오, 당신이군요.</Text>
    </Row>
    <Row Tag="TXT_KEY_LEADER_BOUDICCA_GREETING_6">
      <Text>무슨 일로 왔습니까?</Text>
    </Row>
    <Row Tag="TXT_KEY_LEADER_BOUDICCA_LETSHEARIT_1">
      <Text>말해보십시오.</Text>
    </Row>
    <Row Tag="TXT_KEY_LEADER_BOUDICCA_LETSHEARIT_2">
      <Text>용건이 무엇입니까?</Text>
    </Row>
    <Row Tag="TXT_KEY_LEADER_BOUDICCA_LETSHEARIT_3">
      <Text>계속하세요.</Text>
    </Row>
    <Row Tag="TXT_KEY_LEADER_BOUDICCA_LETSHEARIT_4">
      <Text>듣고 있습니다.</Text>
    </Row>
    <Row Tag="TXT_KEY_LEADER_BOUDICCA_LETSHEARIT_5">
      <Text>마음이 바뀌기 전에 빨리 말하십시오.</Text>
    </Row>
    <Row Tag="TXT_KEY_LEADER_BOUDICCA_LOSEWAR_1">
      <Text>당신은 다른 이방인에 비해 훨씬 훌륭한 전사군요. 이제 당신을 얕보지 않겠습니다.</Text>
    </Row>
    <Row Tag="TXT_KEY_LEADER_BOUDICCA_TRADE_NEEDMORE_ANGRY_1">
      <Text>네로 같은 미치광이도 이런 제안을 받아들이지는 않을 겁니다. 더 나은 제안을 하던지 돌아가시오.</Text>
    </Row>
    <Row Tag="TXT_KEY_LEADER_BOUDICCA_TRADE_NEEDMORE_ANGRY_2">
      <Text>그다지 내키는 제안이 아니군요.</Text>
    </Row>
    <Row Tag="TXT_KEY_LEADER_BOUDICCA_TRADE_NEEDMORE_ANGRY_3">
      <Text>이따위 제안을 하러 왔습니까?</Text>
    </Row>
    <Row Tag="TXT_KEY_LEADER_BOUDICCA_TRADE_NEEDMORE_HAPPY_1">
      <Text>이쪽 사정이 좋았다면 모를까, 이것으로는 안 되겠습니다.</Text>
    </Row>
    <Row Tag="TXT_KEY_LEADER_BOUDICCA_TRADE_NEEDMORE_HAPPY_2">
      <Text>조금 더 공평한 거래를 제안하십시오.</Text>
    </Row>
    <Row Tag="TXT_KEY_LEADER_BOUDICCA_TRADE_NEEDMORE_HAPPY_3">
      <Text>살짝 모자란 감이 있습니다...</Text>
    </Row>
    <Row Tag="TXT_KEY_LEADER_BOUDICCA_TRADE_NEEDMORE_NEUTRAL_1">
      <Text>나는 어리석은 여자가 아닙니다. 더 공평한 제안을 하십시오.</Text>
    </Row>
    <Row Tag="TXT_KEY_LEADER_BOUDICCA_TRADE_NEEDMORE_NEUTRAL_2">
      <Text>그쪽이 조금만 더 양보하면 기꺼이 받아들일 준비가 됐습니다.</Text>
    </Row>
    <Row Tag="TXT_KEY_LEADER_BOUDICCA_TRADE_NEEDMORE_NEUTRAL_3">
      <Text>받아들이기에는 무리가 있는 제안입니다.</Text>
    </Row>
    <Row Tag="TXT_KEY_LEADER_BOUDICCA_TRADE_NEEDMORE_NEUTRAL_4">
      <Text>타협점에 가까워지고 있습니다.</Text>
    </Row>
    <Row Tag="TXT_KEY_LEADER_BOUDICCA_TRADE_NO_ANGRY">
      <Text>나를 무시하는군요. 이 땅을 떠나십시오.</Text>
    </Row>
    <Row Tag="TXT_KEY_LEADER_BOUDICCA_TRADE_NO_HAPPY">
      <Text>고맙지만 사양하겠습니다.</Text>
    </Row>
    <Row Tag="TXT_KEY_LEADER_BOUDICCA_TRADE_NO_NEUTRAL">
      <Text>흥미 없습니다. 떠나십시오.</Text>
    </Row>
    <Row Tag="TXT_KEY_LEADER_BOUDICCA_TRADE_YES_ANGRY">
      <Text>좋습니다.</Text>
    </Row>
    <Row Tag="TXT_KEY_LEADER_BOUDICCA_TRADE_YES_HAPPY">
      <Text>동의합니다.</Text>
    </Row>
    <Row Tag="TXT_KEY_LEADER_BOUDICCA_TRADE_YES_NEUTRAL">
      <Text>이걸로 합의하는 겁니다.</Text>
    </Row>
    <Row Tag="TXT_KEY_LEADER_BOUDICCA_TRADEREQUEST_ANGRY">
      <Text>생각 같아서는 당장 당신 문명을 멸망시키고 싶지만, 잠시 적대적인 감정을 접는 것이 어떻습니까?</Text>
    </Row>
    <Row Tag="TXT_KEY_LEADER_BOUDICCA_TRADEREQUEST_HAPPY">
      <Text>우리가 힘을 합치면 서로에게 유익할 것 같습니다.</Text>
    </Row>
    <Row Tag="TXT_KEY_LEADER_BOUDICCA_TRADEREQUEST_NEUTRAL">
      <Text>물물교환하면 서로 이득을 볼 것 같습니다.</Text>
    </Row>
    <Row Tag="TXT_KEY_LEADER_BOUDICCA_TRIBUTE_NO_ANGRY">
      <Text>당신의 허튼소리는 이제 지겹습니다. 그만 떠나십시오.</Text>
    </Row>
    <Row Tag="TXT_KEY_LEADER_BOUDICCA_TRIBUTE_NO_HAPPY">
      <Text>친하다고 무리한 요구를 하다가는 큰코다치는 수가 있습니다.</Text>
    </Row>
    <Row Tag="TXT_KEY_LEADER_BOUDICCA_TRIBUTE_NO_NEUTRAL">
      <Text>내가 바보로 보입니까?</Text>
    </Row>
    <Row Tag="TXT_KEY_LEADER_BOUDICCA_TRIBUTE_YES_ANGRY">
      <Text>당신은 정말 염치없는 사람이군요. 용서하지 않겠습니다.</Text>
    </Row>
    <Row Tag="TXT_KEY_LEADER_BOUDICCA_TRIBUTE_YES_HAPPY">
      <Text>어려운 이웃을 도와주는 게 당연하지요.</Text>
    </Row>
    <Row Tag="TXT_KEY_LEADER_BOUDICCA_TRIBUTE_YES_NEUTRAL">
      <Text>이 정도 금은보화라면 나눠 드리지요. 하지만 당신의 경솔함은 잊지 않겠습니다.</Text>
    </Row>
    <Row Tag="TXT_KEY_LEADER_BOUDICCA_WARBLUFF_1">
      <Text>아, 평범한 사람보다는 재치가 있군요. 이번 승리는 당신 것입니다.</Text>
    </Row>
    <Row Tag="TXT_KEY_LEADER_BOUDICCA_WARBLUFF_2">
      <Text>그렇게 남을 무시하다가는 후회할 날이 옵니다.</Text>
    </Row>
    <Row Tag="TXT_KEY_LEADER_BOUDICCA_WARBLUFF_3">
      <Text>내가 굶주린 사냥개를 풀기 전에 그만두십시오.</Text>
    </Row>
    <Row Tag="TXT_KEY_LEADER_BOUDICCA_WINWAR_1">
      <Text>내 별명이 승리의 여신이란 걸 모릅니까? 이 승리는 안드라스테의 뜻입니다.</Text>
    </Row>
  </Language_KO_KR>
</GameData>