﻿<?xml version="1.0" encoding="utf-8"?>
<!--Generated with LocalizationBuddy.-->
<!--Copyright Firaxis Games 2010-->
<!--All Rights Reserved-->
<GameData>
  <Language_KO_KR>
    <Row Tag="TXT_KEY_LEADER_ISABELLA_AGREE_SHORT_1">
      <Text>좋습니다.</Text>
    </Row>
    <Row Tag="TXT_KEY_LEADER_ISABELLA_AGREE_SHORT_2">
      <Text>알겠습니다.</Text>
    </Row>
    <Row Tag="TXT_KEY_LEADER_ISABELLA_AGREE_SHORT_3">
      <Text>물론이죠.</Text>
    </Row>
    <Row Tag="TXT_KEY_LEADER_ISABELLA_AGREE_SHORT_4">
      <Text>하늘이 축복할 것입니다.</Text>
    </Row>
    <Row Tag="TXT_KEY_LEADER_ISABELLA_ATTACKED_1">
      <Text>감히 스페인을 공격하다니! 하늘에 맹세코 당신을 응징할 것입니다!</Text>
    </Row>
    <Row Tag="TXT_KEY_LEADER_ISABELLA_ATTACKED_2">
      <Text>이 혐오스러운 악마의 자식 같으니! 대가를 치러야 할 것입니다!
</Text>
    </Row>
    <Row Tag="TXT_KEY_LEADER_ISABELLA_ATTACKED_3">
      <Text>내 반드시 하늘의 도움을 받아 당신들에게 벌을 내리고 말 것입니다!
</Text>
    </Row>
    <Row Tag="TXT_KEY_LEADER_ISABELLA_DECLAREWAR_1">
      <Text>하늘의 검이 악을 벌하듯 당신을 벌하겠습니다! 전쟁입니다!
</Text>
    </Row>
    <Row Tag="TXT_KEY_LEADER_ISABELLA_DECLAREWAR_2">
      <Text>하늘이 당신을 용서하더라도 나는 못합니다. 전쟁입니다!
</Text>
    </Row>
    <Row Tag="TXT_KEY_LEADER_ISABELLA_DECLAREWAR_3">
      <Text>당신의 영혼을 위해 기도하겠습니다만 당신의 육신은 반드시 파괴하고 말 것입니다. 전쟁입니다!
</Text>
    </Row>
    <Row Tag="TXT_KEY_LEADER_ISABELLA_DEFEATED_1">
      <Text>좋습니다. 하늘의 뜻이 분명한 듯하니 패배를 인정하겠습니다.</Text>
    </Row>
    <Row Tag="TXT_KEY_LEADER_ISABELLA_DEFEATED_2">
      <Text>이제 끝이군... 악이 한때 승리할지라도 결국은 정의가 승리할 것이오!</Text>
    </Row>
    <Row Tag="TXT_KEY_LEADER_ISABELLA_DEFEATED_3">
      <Text>이제 끝이군... 악이 한때 승리할지라도 결국은 정의가 승리할 것이오!</Text>
    </Row>
    <Row Tag="TXT_KEY_LEADER_ISABELLA_DEMANDTRIBUTE_ANGRY">
      <Text>죽기 전에 선행을 베풀면 지옥에서 고통받는 시간이 줄어듭니다.</Text>
    </Row>
    <Row Tag="TXT_KEY_LEADER_ISABELLA_DEMANDTRIBUTE_HAPPY">
      <Text>친구여. 하늘의 뜻에 따라 당신에게 부탁할 일이 있습니다.
</Text>
    </Row>
    <Row Tag="TXT_KEY_LEADER_ISABELLA_DEMANDTRIBUTE_NEUTRAL">
      <Text>스페인은 악의 무리와 전쟁 중입니다. 자금 조달을 위해 당신에게 청할 것이 있습니다.
</Text>
    </Row>
    <Row Tag="TXT_KEY_LEADER_ISABELLA_DISAGREE_SHORT_1">
      <Text>하늘에 맹세코 그렇게는 안 됩니다.</Text>
    </Row>
    <Row Tag="TXT_KEY_LEADER_ISABELLA_DISAGREE_SHORT_2">
      <Text>아니요.</Text>
    </Row>
    <Row Tag="TXT_KEY_LEADER_ISABELLA_DISAGREE_SHORT_3">
      <Text>당연히 안됩니다.</Text>
    </Row>
    <Row Tag="TXT_KEY_LEADER_ISABELLA_DISAGREE_SHORT_4">
      <Text>받아들일 수 없습니다.</Text>
    </Row>
    <Row Tag="TXT_KEY_LEADER_ISABELLA_DISAGREE_SHORT_5">
      <Text>물론 안됩니다.</Text>
    </Row>
    <Row Tag="TXT_KEY_LEADER_ISABELLA_DISAGREE_SHORT_6">
      <Text>받아들일 수 없습니다.</Text>
    </Row>
    <Row Tag="TXT_KEY_LEADER_ISABELLA_DISAGREE_SHORT_7">
      <Text>장난치지 마세요.</Text>
    </Row>
    <Row Tag="TXT_KEY_LEADER_ISABELLA_FIRSTGREETING_1">
      <Text>나는 신의 축복을 받은 스페인의 여왕 이사벨라입니다. 당신은 정의로운 통치자인가요?</Text>
    </Row>
    <Row Tag="TXT_KEY_LEADER_ISABELLA_FIRSTGREETING_2">
      <Text>신께서 합당한 자들에게 축복을 내리시기를! 나는 스페인의 이사벨라입니다.</Text>
    </Row>
    <Row Tag="TXT_KEY_LEADER_ISABELLA_FIRSTGREETING_3">
      <Text>나는 주의 부르심을 받아 스페인의 여왕인 된 이사벨라입니다. 그대는 신자입니까, 이도교입니까?</Text>
    </Row>
    <Row Tag="TXT_KEY_LEADER_ISABELLA_GOODBYE_1">
      <Text>하늘이 그대를 축복하기를!</Text>
    </Row>
    <Row Tag="TXT_KEY_LEADER_ISABELLA_GOODBYE_2">
      <Text>잘 가세요.</Text>
    </Row>
    <Row Tag="TXT_KEY_LEADER_ISABELLA_GOODBYE_3">
      <Text>또 봅시다.</Text>
    </Row>
    <Row Tag="TXT_KEY_LEADER_ISABELLA_GOODBYE_4">
      <Text>이제 가보세요.</Text>
    </Row>
    <Row Tag="TXT_KEY_LEADER_ISABELLA_GOODBYE_5">
      <Text>용건은 끝난 듯하군요.</Text>
    </Row>
    <Row Tag="TXT_KEY_LEADER_ISABELLA_GOODBYE_6">
      <Text>안녕히 가세요.</Text>
    </Row>
    <Row Tag="TXT_KEY_LEADER_ISABELLA_GREETING_1">
      <Text>축복이 있기를.</Text>
    </Row>
    <Row Tag="TXT_KEY_LEADER_ISABELLA_GREETING_2">
      <Text>신께서 당신을 축복하기를.</Text>
    </Row>
    <Row Tag="TXT_KEY_LEADER_ISABELLA_GREETING_3">
      <Text>안녕하세요.</Text>
    </Row>
    <Row Tag="TXT_KEY_LEADER_ISABELLA_GREETING_4">
      <Text>오, 당신이군요.</Text>
    </Row>
    <Row Tag="TXT_KEY_LEADER_ISABELLA_GREETING_5">
      <Text>네?</Text>
    </Row>
    <Row Tag="TXT_KEY_LEADER_ISABELLA_GREETING_6">
      <Text>무슨 일이신지?</Text>
    </Row>
    <Row Tag="TXT_KEY_LEADER_ISABELLA_LETSHEARIT_1">
      <Text>듣고 있어요.</Text>
    </Row>
    <Row Tag="TXT_KEY_LEADER_ISABELLA_LETSHEARIT_2">
      <Text>계속하세요.</Text>
    </Row>
    <Row Tag="TXT_KEY_LEADER_ISABELLA_LETSHEARIT_3">
      <Text>말씀하세요.</Text>
    </Row>
    <Row Tag="TXT_KEY_LEADER_ISABELLA_LETSHEARIT_4">
      <Text>듣고 있어요.</Text>
    </Row>
    <Row Tag="TXT_KEY_LEADER_ISABELLA_LETSHEARIT_5">
      <Text>네?</Text>
    </Row>
    <Row Tag="TXT_KEY_LEADER_ISABELLA_LOSEWAR_1">
      <Text>패배한 적에게 자비를 베풀면 축복받을 거예요.</Text>
    </Row>
    <Row Tag="TXT_KEY_LEADER_ISABELLA_TRADE_NEEDMORE_ANGRY_1">
      <Text>탐욕은 영원한 고통의 지옥으로 이끄는 죄악입니다. 좀 더 공평한 제안을 하세요.</Text>
    </Row>
    <Row Tag="TXT_KEY_LEADER_ISABELLA_TRADE_NEEDMORE_ANGRY_2">
      <Text>그것보다 나은 제안을 해보세요.</Text>
    </Row>
    <Row Tag="TXT_KEY_LEADER_ISABELLA_TRADE_NEEDMORE_ANGRY_3">
      <Text>그걸로는 충분치 않아요.</Text>
    </Row>
    <Row Tag="TXT_KEY_LEADER_ISABELLA_TRADE_NEEDMORE_HAPPY_1">
      <Text>탐욕은 죄악입니다. 더 나은 제안을 할 생각은 없으신지?</Text>
    </Row>
    <Row Tag="TXT_KEY_LEADER_ISABELLA_TRADE_NEEDMORE_HAPPY_2">
      <Text>그게 당신이 제안할 수 있는 전부입니까?</Text>
    </Row>
    <Row Tag="TXT_KEY_LEADER_ISABELLA_TRADE_NEEDMORE_HAPPY_3">
      <Text>조금 더 양보해보시지요...</Text>
    </Row>
    <Row Tag="TXT_KEY_LEADER_ISABELLA_TRADE_NEEDMORE_NEUTRAL_1">
      <Text>관용을 베풀면 그대의 영혼도 깨끗해질 것입니다. 더 나은 제안은 할 수 없으신지요?</Text>
    </Row>
    <Row Tag="TXT_KEY_LEADER_ISABELLA_TRADE_NEEDMORE_NEUTRAL_2">
      <Text>이걸로는 부족합니다.</Text>
    </Row>
    <Row Tag="TXT_KEY_LEADER_ISABELLA_TRADE_NEEDMORE_NEUTRAL_3">
      <Text>조금만 더 써보시지요.</Text>
    </Row>
    <Row Tag="TXT_KEY_LEADER_ISABELLA_TRADE_NO_ANGRY">
      <Text>당신의 간교한 말을 더는 듣고 싶지 않습니다. 거절하겠어요.</Text>
    </Row>
    <Row Tag="TXT_KEY_LEADER_ISABELLA_TRADE_NO_HAPPY">
      <Text>그대도 영혼 깊숙한 곳에서는 이 제안이 공평하지 못하다는 것을 아실 테지요. 받아들일 수 없습니다.</Text>
    </Row>
    <Row Tag="TXT_KEY_LEADER_ISABELLA_TRADE_NO_NEUTRAL">
      <Text>국민의 재산을 지키는 일은 신이 주신 의무입니다. 당신의 불공한 제안은 받아들일 수 없군요.</Text>
    </Row>
    <Row Tag="TXT_KEY_LEADER_ISABELLA_TRADE_YES_ANGRY">
      <Text>동의합니다. 그만 가주세요.</Text>
    </Row>
    <Row Tag="TXT_KEY_LEADER_ISABELLA_TRADE_YES_HAPPY">
      <Text>당신은 공정하고 올바르게 협상하는군요. 동의하겠습니다.</Text>
    </Row>
    <Row Tag="TXT_KEY_LEADER_ISABELLA_TRADE_YES_NEUTRAL">
      <Text>적절한 조건이군요. 동의합니다.</Text>
    </Row>
    <Row Tag="TXT_KEY_LEADER_ISABELLA_TRADEREQUEST_ANGRY">
      <Text>스페인의 통치자로서 가끔은 불쾌한 거래를 해야 할 때도 있는데, 오늘이 바로 그날인가 보군요.</Text>
    </Row>
    <Row Tag="TXT_KEY_LEADER_ISABELLA_TRADEREQUEST_HAPPY">
      <Text>내 소중한 친구여, 이 거래가 성사된다면 양국에 이득이 됨은 물론이고 적들도 혼란스러워할 것입니다.</Text>
    </Row>
    <Row Tag="TXT_KEY_LEADER_ISABELLA_TRADEREQUEST_NEUTRAL">
      <Text>이 거래로 말미암아 당신에게 축복이 내리길 바랍니다.</Text>
    </Row>
    <Row Tag="TXT_KEY_LEADER_ISABELLA_TRIBUTE_NO_ANGRY">
      <Text>어떻게 감히! 아직도 천벌을 받지 않고 살아있는 까닭이 궁금할 따름이군요!</Text>
    </Row>
    <Row Tag="TXT_KEY_LEADER_ISABELLA_TRIBUTE_NO_HAPPY">
      <Text>지금은 당신이 원하는 걸 줄 수 없습니다. 하지만 당신이 구원받을 수 있도록 기도하지요.</Text>
    </Row>
    <Row Tag="TXT_KEY_LEADER_ISABELLA_TRIBUTE_NO_NEUTRAL">
      <Text>당신에게 그만한 관용을 베풀 이유는 없어 보이는군요.</Text>
    </Row>
    <Row Tag="TXT_KEY_LEADER_ISABELLA_TRIBUTE_YES_ANGRY">
      <Text>우리의 아낌없는 관용을 보고 당신의 사악한 마음 한구석에서나마 부끄러움을 느꼈으면 합니다.</Text>
    </Row>
    <Row Tag="TXT_KEY_LEADER_ISABELLA_TRIBUTE_YES_HAPPY">
      <Text>물론입니다. 불신자들에 맞서려면 정의로운 이들이 서로 도와야 합니다!</Text>
    </Row>
    <Row Tag="TXT_KEY_LEADER_ISABELLA_TRIBUTE_YES_NEUTRAL">
      <Text>좋습니다. 도움이 필요한 자에게 관용을 베푸는 것이 신의 뜻일 테지요.</Text>
    </Row>
    <Row Tag="TXT_KEY_LEADER_ISABELLA_WARBLUFF_1">
      <Text>신이 실망하실 겁니다.</Text>
    </Row>
    <Row Tag="TXT_KEY_LEADER_ISABELLA_WARBLUFF_2">
      <Text>위험한 장난을 치는군요.</Text>
    </Row>
    <Row Tag="TXT_KEY_LEADER_ISABELLA_WARBLUFF_3">
      <Text>알겠습니다. 우리도 앞으로는 예의를 차리지 않겠습니다!</Text>
    </Row>
    <Row Tag="TXT_KEY_LEADER_ISABELLA_WINWAR_1">
      <Text>신께서 자비를 베풀라 명하셨음을 다행으로 아십시오. 그렇지 않았다면 당신은 이미 멸망했을 테니까요.</Text>
    </Row>
  </Language_KO_KR>
</GameData>