﻿<?xml version="1.0" encoding="utf-8"?>
<!--Generated with LocalizationBuddy. Modified by N-->
<!--Copyright Firaxis Games 2010-->
<!--All Rights Reserved-->
<GameData>
  <Language_KO_KR>
    <Row Tag="TXT_KEY_NEWWORLD_SCENARIO_CIVILOPEDIA_LEADERS_MARIA_I_NAME">
      <Text>캐서린</Text>
    </Row>
    <Row Tag="TXT_KEY_NEWWORLD_SCENARIO_CIVILOPEDIA_LEADERS_NAPOLEON_NAME">
      <Text>프란시스 1세</Text>
	  <Plurality>2</Plurality>
    </Row>
    <Row Tag="TXT_KEY_NEWWORLD_SCENARIO_LEADER_ISABELLA">
      <Text>이사벨라</Text>
      <Gender>feminine</Gender>
	  <Plurality>2</Plurality>
    </Row>
    <Row Tag="TXT_KEY_NEWWORLD_SCENARIO_LEADER_MARIA_I">
      <Text>캐서린</Text>
      <Gender>feminine</Gender>
    </Row>
    <Row Tag="TXT_KEY_NEWWORLD_SCENARIO_LEADER_NAPOLEON">
      <Text>프란시스 1세</Text>
	  <Plurality>2</Plurality>
    </Row>
    <Row Tag="TXT_KEY_NEWWORLD_SCENARIO_LEADER_PACAL">
      <Text>파칼</Text>
    </Row>
    <Row Tag="TXT_KEY_NEWWORLD_SCENARIO_LEADER_PACHACUTI">
      <Text>파차쿠티</Text>
	  <Plurality>2</Plurality>
    </Row>
    <Row Tag="TXT_KEY_NEWWORLD_SCENARIO_LEADER_WILLIAM">
      <Text>윌리엄</Text>
    </Row>
  </Language_KO_KR>
</GameData>