﻿<?xml version="1.0" encoding="utf-8"?>
<!--Generated with LocalizationBuddy. Modified by N-->
<!--Copyright Firaxis Games 2010-->
<!--All Rights Reserved-->
<GameData>
  <Language_KO_KR>
    <Row Tag="TXT_KEY_NEWWORLD_SCENARIO_CIV_INCA_ADJECTIVE">
      <Text>[COLOR:200:230:0:255]잉카[COLOR_XX]의</Text>
    </Row>
    <Row Tag="TXT_KEY_NEWWORLD_SCENARIO_CIV_INCA_DESC">
      <Text>잉카 제국</Text>
    </Row>
    <Row Tag="TXT_KEY_NEWWORLD_SCENARIO_CIV_INCA_SHORT_DESC">
      <Text>[COLOR:200:230:0:255]잉카[COLOR_XX]</Text>
	  <Plurality>2</Plurality>
    </Row>
    <Row Tag="TXT_KEY_NEWWORLD_SCENARIO_CIV_JAPAN_ADJECTIVE">
      <Text>구대륙의</Text>
    </Row>
    <Row Tag="TXT_KEY_NEWWORLD_SCENARIO_CIV_JAPAN_DESC">
      <Text>구대륙</Text>
    </Row>
    <Row Tag="TXT_KEY_NEWWORLD_SCENARIO_CIV_JAPAN_SHORT_DESC">
      <Text>구대륙</Text>
    </Row>
    <Row Tag="TXT_KEY_NEWWORLD_SCENARIO_CIV_MAYA_ADJECTIVE">
      <Text>[COLOR:216:176:137:255]마야[COLOR_XX]의</Text>
    </Row>
    <Row Tag="TXT_KEY_NEWWORLD_SCENARIO_CIV_MAYA_DESC">
      <Text>마야 제국</Text>
    </Row>
    <Row Tag="TXT_KEY_NEWWORLD_SCENARIO_CIV_MAYA_SHORT_DESC">
      <Text>[COLOR:216:176:137:255]마야[COLOR_XX]</Text>
	  <Plurality>2</Plurality>
    </Row>
    <Row Tag="TXT_KEY_NEWWORLD_SCENARIO_CIV_NETHERLANDS_ADJECTIVE">
      <Text>[COLOR:255:151:66:255]네덜란드[COLOR_XX]의</Text>
    </Row>
    <Row Tag="TXT_KEY_NEWWORLD_SCENARIO_CIV_NETHERLANDS_DESC">
      <Text>네덜란드 제국</Text>
    </Row>
    <Row Tag="TXT_KEY_NEWWORLD_SCENARIO_CIV_NETHERLANDS_SHORT_DESC">
      <Text>[COLOR:255:151:66:255]네덜란드[COLOR_XX]</Text>
	  <Plurality>2</Plurality>
    </Row>
    <Row Tag="TXT_KEY_NEWWORLD_SCENARIO_CIV_SPAIN_ADJECTIVE">
      <Text>[COLOR:255:60:90:255]스페인[COLOR_XX]의</Text>
    </Row>
    <Row Tag="TXT_KEY_NEWWORLD_SCENARIO_CIV_SPAIN_DESC">
      <Text>스페인 제국</Text>
    </Row>
    <Row Tag="TXT_KEY_NEWWORLD_SCENARIO_CIV_SPAIN_SHORT_DESC">
      <Text>[COLOR:255:60:90:255]스페인[COLOR_XX]</Text>
    </Row>
  </Language_KO_KR>
</GameData>