﻿<?xml version="1.0" encoding="utf-8"?>
<!--Generated with LocalizationBuddy. Modified by N-->
<!--Copyright Firaxis Games 2010-->
<!--All Rights Reserved-->
<GameData>
  <Language_KO_KR>
    <Row Tag="TXT_KEY_BUILDING_MEETING_HOUSE">
      <Text>예배당</Text>
    </Row>
    <Row Tag="TXT_KEY_NEWWORLD_SCENARIO_BUILDING_BLYTHE_INTAGLIOS">
      <Text>블라이드 음각화</Text>
	  <Plurality>2</Plurality>
    </Row>
    <Row Tag="TXT_KEY_NEWWORLD_SCENARIO_BUILDING_CHOCOLATE_HOUSE">
      <Text>초콜렛 하우스</Text>
	  <Plurality>2</Plurality>
    </Row>
    <Row Tag="TXT_KEY_NEWWORLD_SCENARIO_BUILDING_GUNSMITH_SHOP">
      <Text>총기상</Text>
    </Row>
    <Row Tag="TXT_KEY_NEWWORLD_SCENARIO_BUILDING_MAYA_PYRAMID">
      <Text>피라미드</Text>
	  <Plurality>2</Plurality>
    </Row>
    <Row Tag="TXT_KEY_NEWWORLD_SCENARIO_BUILDING_NAVIGATION_SCHOOL">
      <Text>항해 학교</Text>
	  <Plurality>2</Plurality>
    </Row>
    <Row Tag="TXT_KEY_NEWWORLD_SCENARIO_WONDER_MOOREHEAD_CIRCLE">
      <Text>무어헤드 서클</Text>
    </Row>
    <Row Tag="TXT_KEY_NEWWORLD_SCENARIO_WONDER_TEXCOTZINGO">
      <Text>텍스코칭고</Text>
	  <Plurality>2</Plurality>
    </Row>
  </Language_KO_KR>
</GameData>