﻿<?xml version="1.0" encoding="utf-8"?>
<!--Generated with LocalizationBuddy. Modified by N-->
<!--Copyright Firaxis Games 2010-->
<!--All Rights Reserved-->
<GameData>
  <Language_KO_KR>
    <Row Tag="TXT_KEY_BUILD_TIPI">
      <Text>[LINK=IMPROVEMENT_TIPI]티피[\LINK]를 건설하세요.</Text>
    </Row>
    <Row Tag="TXT_KEY_BUILD_TIPI_HELP">
      <Text>이 타일에서 생산되는 [ICON_FOOD]식량과 [ICON_PEACE]신앙의 양을 상승시키기 위해 티피를 건설하세요.</Text>
    </Row>
    <Row Tag="TXT_KEY_BUILD_TIPI_REC">
      <Text>이 타일에서 생산되는 [ICON_FOOD]식량과 [ICON_PEACE]신앙의 양이 상승합니다.</Text>
    </Row>
    <Row Tag="TXT_KEY_CIV5_IMPROVEMENTS_TIPI_HELP">
      <Text>티피는 기능 유무와 상관없이 평지 타일에만 건설할 수 있습니다. 다른 티피와 인접하여 지을 수 없습니다. 쇼숀 영토에 건설해야 합니다.</Text>
    </Row>
    <Row Tag="TXT_KEY_CIV5_IMPROVEMENTS_TIPI_TEXT">
      <Text>티피는 북아메리카 평원에 거주하는 인디언들이 가죽과 나무 막대로 만든 휴대용 원뿔 모양의 텐트입니다. 이 이름은 '그들이 산다'는 뜻의 라코타어에서 유래된 것입니다. 티피는 때때로 화려한 색칠이 더해지기도 하며, 쇼숀족에게 안식처를 제공할 뿐만 아니라 다른 부족들과의 구별에 이용되기도 합니다.[NEWLINE][NEWLINE]티피는 기능 유무와 상관없이 평지 타일에만 건설할 수 있으며, 다른 티피와 인접하여 지을 수 없습니다.</Text>
    </Row>
    <Row Tag="TXT_KEY_FEATURE_BELIZE_REEF">
      <Text>벨리즈 산호초 보호지역</Text>
    </Row>
    <Row Tag="TXT_KEY_FEATURE_CHIMBORAZO">
      <Text>침보라조 산</Text>
    </Row>
    <Row Tag="TXT_KEY_FEATURE_MT_TLALOC">
      <Text>틀라로크 산</Text>
    </Row>
    <Row Tag="TXT_KEY_FEATURE_TSOODZIL">
      <Text>추질</Text>
    </Row>
    <Row Tag="TXT_KEY_FEATURES_BELIZE_REEF_TEXT">
      <Text>벨리즈 산호초 보호지역은 300km 길이의 메소아메리카 산호초 지역으로, 100종류 이상의 산호 종과 500종류 이상의 물고기들이 서식하고 있다. 세계에서 세 번째로 거대한 자연 보초인 이곳은 1996년에 세계 문화유산으로 지정됐다. 오염과 무분별한 관광, 낚시, 선박 운행으로 인해 위험에 처해 있으며, 지난 10년간 식별 가능한 산호 종류가 48%로 감소했다.</Text>
    </Row>
    <Row Tag="TXT_KEY_FEATURES_CHIMBORAZO_TEXT">
      <Text>침보라조 산은 안데스 산맥에 위치한 6,250미터 높이의 성층 화산으로, 550년에 마지막으로 분화했다. 유럽인들은 히말라야 산맥이 발견되기 전까지 이 산을 세계 최고봉이라고 생각했으며, 미국/이탈리아 팀이 1880년에 에콰도르 현지인의 가이드 하에 처음으로 등반에 성공했다.</Text>
    </Row>
    <Row Tag="TXT_KEY_FEATURES_MT_TLALOC_TEXT">
      <Text>아즈텍 부족은 멕시코 중앙에 위치한 4,150미터 높이의 틀라로크 산을 숭배했으며, 산 정상의 성소에서 비의 신을 향한 참배를 올렸다. 고고학 연구 결과에 따르면 이 성지와 주변 사원의 관계를 추적했고, 이 지역에 옥수수 씨를 뿌리는 날과 관련된 중요한 의식일을 알아낼 수 있었다.</Text>
    </Row>
    <Row Tag="TXT_KEY_FEATURES_TSOODZIL_TEXT">
      <Text>'터키석 산'이라는 별명을 가진 추질은 나바호 부족이 신성시하는 네 방향의 산 중 남쪽을 상징했으며, 뉴 멕시코에 위치한 그들의 국경을 가르기도 했다. 1,250미터의 휴화산인 이 산은 이제 재커리 테일러 대통령의 이름을 따르고 있으며, 나바호 부족에게 추질은 암흑의 신, 터키석 소년, 터키석 소녀의 고향을 의미한다.</Text>
    </Row>
    <Row Tag="TXT_KEY_IMPROVEMENT_TIPI">
      <Text>티피</Text>
	  <Plurality>2</Plurality>
    </Row>
    <Row Tag="TXT_KEY_NEWWORLD_SCENARIO_CIV5_RESOURCE_BISON_TEXT">
      <Text>한때 거대한 무리로 몰려다니며 대초원 지대를 휩쓸었던 북아메리카 들소는 많은 원시 부족들에게 고기, 힘줄, 가죽, 뼈를 얻을 수 있는 주요 자원의 원천이었다. 원주민들의 사냥 때문에 1800년대 후반에 멸종 위기를 거친 후, 연방과 주에서 야생동물 보호 프로그램을 실시하면서 버팔로가 지난 수십 년간 다시 번성하기 시작했다.</Text>
    </Row>
    <Row Tag="TXT_KEY_NEWWORLD_SCENARIO_CIV5_RESOURCE_COCOA_TEXT">
      <Text>코코아 씨는 남아메리카산 카카오 나무에서 생산되며, 콜럼버스의 발견이 있기 전의 메소아메리카에서는 중요한 상품이었고, 부족 문화에서도 중요하게 간주되었다. 1700년대 중반에 스페인에서 유럽으로 전파된 후, 코코아는 음료, 요리 재료, 약제 등 다방면으로 이용됐다.</Text>
    </Row>
    <Row Tag="TXT_KEY_NEWWORLD_SCENARIO_IMPROVEMENT_TERRACE_FARM">
      <Text>계단식 농장</Text>
    </Row>
    <Row Tag="TXT_KEY_NEWWORLD_SCENARIO_RESOURCE_BISON">
      <Text>들소</Text>
	  <Plurality>2</Plurality>
    </Row>
    <Row Tag="TXT_KEY_NEWWORLD_SCENARIO_RESOURCE_COCOA">
      <Text>코코아</Text>
	  <Plurality>2</Plurality>
    </Row>
  </Language_KO_KR>
</GameData>