﻿<?xml version="1.0" encoding="utf-8"?>
<GameData>

    <!-- Table definition -->
    <Table name="Colors">
        <Column name="ID" type="integer" primarykey="true" autoincrement="true" />
        <Column name="Type" type="text" notnull="true" unique="true" />
        <Column name="Red" type="float" default="1.0" />
        <Column name="Green" type="float" default="1.0" />
        <Column name="Blue" type="float" default="1.0" />
        <Column name="Alpha" type="float" default="1.0" />
    </Table>

    <!-- Table data -->
    <Colors>
        <Row>
            <ID>0</ID>
            <Type>COLOR_CLEAR</Type>
            <Red>1</Red>
            <Green>1</Green>
            <Blue>1</Blue>
            <Alpha>0</Alpha>
        </Row>
        <Row>
            <Type>COLOR_ALPHA_GREY</Type>
            <Red>0.1</Red>
            <Green>0.1</Green>
            <Blue>0.1</Blue>
            <Alpha>0.45</Alpha>
        </Row>
        <Row>
            <Type>COLOR_WHITE</Type>
            <Red>1</Red>
            <Green>1</Green>
            <Blue>1</Blue>
            <Alpha>1</Alpha>
        </Row>
        <Row>
            <Type>COLOR_BLACK</Type>
            <Red>0</Red>
            <Green>0</Green>
            <Blue>0</Blue>
            <Alpha>1</Alpha>
        </Row>
        <Row>
            <Type>COLOR_DARK_GREY</Type>
            <Red>0.25</Red>
            <Green>0.25</Green>
            <Blue>0.25</Blue>
            <Alpha>1</Alpha>
        </Row>
        <Row>
            <Type>COLOR_GREY</Type>
            <Red>0.5</Red>
            <Green>0.5</Green>
            <Blue>0.5</Blue>
            <Alpha>1</Alpha>
        </Row>
        <Row>
            <Type>COLOR_LIGHT_GREY</Type>
            <Red>0.75</Red>
            <Green>0.75</Green>
            <Blue>0.75</Blue>
            <Alpha>1</Alpha>
        </Row>
        <Row>
            <Type>COLOR_GREEN</Type>
            <Red>0</Red>
            <Green>1</Green>
            <Blue>0</Blue>
            <Alpha>1</Alpha>
        </Row>
        <Row>
            <Type>COLOR_BLUE</Type>
            <Red>0</Red>
            <Green>0</Green>
            <Blue>1</Blue>
            <Alpha>1</Alpha>
        </Row>
        <Row>
			<Type>COLOR_XP_BLUE</Type>
            <Red>0</Red>
            <Green>0.47</Green>
            <Blue>0.99</Blue>
            <Alpha>1</Alpha>
        </Row>
        <Row>
            <Type>COLOR_CYAN</Type>
            <Red>0</Red>
            <Green>1</Green>
            <Blue>1</Blue>
            <Alpha>1</Alpha>
        </Row>
        <Row>
            <Type>COLOR_YELLOW</Type>
            <Red>1</Red>
            <Green>1</Green>
            <Blue>0</Blue>
            <Alpha>1</Alpha>
        </Row>
        <Row>
            <Type>COLOR_MAGENTA</Type>
            <Red>1</Red>
            <Green>0</Green>
            <Blue>1</Blue>
            <Alpha>1</Alpha>
        </Row>
        <Row>
            <Type>COLOR_YIELD_FOOD</Type>
            <Red>0.99</Red>
            <Green>0.58</Green>
            <Blue>0.16</Blue>
            <Alpha>1</Alpha>
        </Row>
        <Row>
            <Type>COLOR_YIELD_PRODUCTION</Type>
            <Red>0.44</Red>
            <Green>0.56</Green>
            <Blue>0.74</Blue>
            <Alpha>1</Alpha>
        </Row>
        <Row>
            <Type>COLOR_YIELD_GOLD</Type>
            <Red>1</Red>
            <Green>0.94</Green>
            <Blue>0.08</Blue>
            <Alpha>1</Alpha>
        </Row>
        <Row>
            <Type>COLOR_CITY_BLUE</Type>
            <Red>0.07</Red>
            <Green>0.46</Green>
            <Blue>0.8</Blue>
            <Alpha>1</Alpha>
        </Row>
        <Row>
            <Type>COLOR_CITY_GREY</Type>
            <Red>0.35</Red>
            <Green>0.25</Green>
            <Blue>0.25</Blue>
            <Alpha>1</Alpha>
        </Row>
        <Row>
            <Type>COLOR_CITY_BROWN</Type>
            <Red>0.7</Red>
            <Green>0.45</Green>
            <Blue>0</Blue>
            <Alpha>1</Alpha>
        </Row>
        <Row>
            <Type>COLOR_CITY_GREEN</Type>
            <Red>0.18</Red>
            <Green>0.53</Green>
            <Blue>0.42</Blue>
            <Alpha>1</Alpha>
        </Row>
        <Row>
            <Type>COLOR_FONT_RED</Type>
            <Red>1</Red>
            <Green>0.3</Green>
            <Blue>0.15</Blue>
            <Alpha>1</Alpha>
        </Row>
        <Row>
            <Type>COLOR_FONT_GREEN</Type>
            <Red>0.1</Red>
            <Green>0.95</Green>
            <Blue>0</Blue>
            <Alpha>1</Alpha>
        </Row>
        <Row>
            <Type>COLOR_RESEARCH_STORED</Type>
            <Red>0</Red>
            <Green>1</Green>
            <Blue>1</Blue>
            <Alpha>1</Alpha>
        </Row>
        <Row>
            <Type>COLOR_RESEARCH_RATE</Type>
            <Red>0</Red>
            <Green>1</Green>
            <Blue>1</Blue>
            <Alpha>0.6</Alpha>
        </Row>
        <Row>
            <Type>COLOR_CULTURE_STORED</Type>
            <Red>0.6</Red>
            <Green>0</Green>
            <Blue>1</Blue>
            <Alpha>1</Alpha>
        </Row>
        <Row>
            <Type>COLOR_CULTURE_RATE</Type>
            <Red>0.6</Red>
            <Green>0</Green>
            <Blue>1</Blue>
            <Alpha>0.6</Alpha>
        </Row>
        <Row>
            <Type>COLOR_GREAT_PEOPLE_STORED</Type>
            <Red>1</Red>
            <Green>1</Green>
            <Blue>0</Blue>
            <Alpha>1</Alpha>
        </Row>
        <Row>
            <Type>COLOR_GREAT_PEOPLE_RATE</Type>
            <Red>1</Red>
            <Green>1</Green>
            <Blue>0</Blue>
            <Alpha>0.6</Alpha>
        </Row>
        <Row>
            <Type>COLOR_NEGATIVE_RATE</Type>
            <Red>1</Red>
            <Green>0</Green>
            <Blue>0</Blue>
            <Alpha>0.65</Alpha>
        </Row>
        <Row>
            <Type>COLOR_EMPTY</Type>
            <Red>0</Red>
            <Green>0</Green>
            <Blue>0</Blue>
            <Alpha>0.4</Alpha>
        </Row>
        <Row>
            <Type>COLOR_POPUP_TEXT</Type>
            <Red>1</Red>
            <Green>1</Green>
            <Blue>1</Blue>
            <Alpha>1</Alpha>
        </Row>
        <Row>
            <Type>COLOR_POPUP_SELECTED</Type>
            <Red>1</Red>
            <Green>1</Green>
            <Blue>0</Blue>
            <Alpha>0.75</Alpha>
        </Row>
        <Row>
            <Type>COLOR_TECH_TEXT</Type>
            <Red>0.5</Red>
            <Green>1</Green>
            <Blue>0.1</Blue>
            <Alpha>1</Alpha>
        </Row>
        <Row>
            <Type>COLOR_UNIT_TEXT</Type>
            <Red>1</Red>
            <Green>1</Green>
            <Blue>0</Blue>
            <Alpha>1</Alpha>
        </Row>
        <Row>
            <Type>COLOR_BUILDING_TEXT</Type>
            <Red>0.8</Red>
            <Green>0.8</Green>
            <Blue>0.85</Blue>
            <Alpha>1</Alpha>
        </Row>
        <Row>
            <Type>COLOR_PROJECT_TEXT</Type>
            <Red>0.8</Red>
            <Green>0.8</Green>
            <Blue>0.85</Blue>
            <Alpha>1</Alpha>
        </Row>
        <Row>
            <Type>COLOR_HIGHLIGHT_TEXT</Type>
            <Red>0.4</Red>
            <Green>0.9</Green>
            <Blue>1</Blue>
            <Alpha>1</Alpha>
        </Row>
        <Row>
            <Type>COLOR_ALT_HIGHLIGHT_TEXT</Type>
            <Red>0.5</Red>
            <Green>1</Green>
            <Blue>0.1</Blue>
            <Alpha>1</Alpha>
        </Row>
        <Row>
            <Type>COLOR_WARNING_TEXT</Type>
            <Red>1</Red>
            <Green>0.3</Green>
            <Blue>0.3</Blue>
            <Alpha>1</Alpha>
        </Row>
        <Row>
            <Type>COLOR_POSITIVE_TEXT</Type>
            <Red>0.5</Red>
            <Green>1</Green>
            <Blue>0.1</Blue>
            <Alpha>1</Alpha>
        </Row>
        <Row>
            <Type>COLOR_NEGATIVE_TEXT</Type>
            <Red>1</Red>
            <Green>0.3</Green>
            <Blue>0.3</Blue>
            <Alpha>1</Alpha>
        </Row>
        <Row>
            <Type>COLOR_BROWN_TEXT</Type>
            <Red>0.4</Red>
            <Green>0.24</Green>
            <Blue>0.16</Blue>
            <Alpha>1</Alpha>
        </Row>
        <Row>
            <Type>COLOR_SELECTED_TEXT</Type>
            <Red>1</Red>
            <Green>0.82</Green>
            <Blue>0.49</Blue>
            <Alpha>1</Alpha>
        </Row>
        <Row>
            <Type>COLOR_WATER_TEXT</Type>
            <Red>0.7</Red>
            <Green>0.7</Green>
            <Blue>1</Blue>
            <Alpha>1</Alpha>
        </Row>
        <Row>
            <Type>COLOR_MENU_BLUE</Type>
            <Red>0.28</Red>
            <Green>0.83</Green>
            <Blue>0.95</Blue>
            <Alpha>1</Alpha>
        </Row>
        <Row>
            <Type>COLOR_DAWN_OF_MAN_TEXT</Type>
            <Red>0.22</Red>
            <Green>0.09</Green>
            <Blue>0.03</Blue>
            <Alpha>1</Alpha>
        </Row>
      <Row>
        <Type>COLOR_ADVISOR_HIGHLIGHT_TEXT</Type>
        <Red>1</Red>
        <Green>1</Green>
        <Blue>0</Blue>
        <Alpha>1</Alpha>
      </Row>
      <Row>
            <Type>COLOR_TECH_GREEN</Type>
            <Red>0.16</Red>
            <Green>0.7</Green>
            <Blue>0.27</Blue>
            <Alpha>0.5</Alpha>
        </Row>
        <Row>
            <Type>COLOR_TECH_BLUE</Type>
            <Red>0.21</Red>
            <Green>0.23</Green>
            <Blue>0.68</Blue>
            <Alpha>0.5</Alpha>
        </Row>
        <Row>
            <Type>COLOR_TECH_WORKING</Type>
            <Red>0.21</Red>
            <Green>0.23</Green>
            <Blue>0.68</Blue>
            <Alpha>0.5</Alpha>
        </Row>
        <Row>
            <Type>COLOR_TECH_BLACK</Type>
            <Red>0</Red>
            <Green>0</Green>
            <Blue>0</Blue>
            <Alpha>0.5</Alpha>
        </Row>
        <Row>
            <Type>COLOR_TECH_RED</Type>
            <Red>1</Red>
            <Green>0</Green>
            <Blue>0</Blue>
            <Alpha>0.5</Alpha>
        </Row>
        <Row>
            <Type>COLOR_RED</Type>
            <Red>1</Red>
            <Green>0</Green>
            <Blue>0</Blue>
            <Alpha>1</Alpha>
        </Row>
        <Row>
            <Type>COLOR_PLAYER_BLACK</Type>
            <Red>0.13</Red>
            <Green>0.13</Green>
            <Blue>0.13</Blue>
            <Alpha>1</Alpha>
        </Row>
        <Row>
            <Type>COLOR_PLAYER_BLACK_TEXT</Type>
            <Red>0.8</Red>
            <Green>0.808</Green>
            <Blue>0.851</Blue>
            <Alpha>1</Alpha>
        </Row>
        <Row>
            <Type>COLOR_PLAYER_BLUE</Type>
            <Red>0.21</Red>
            <Green>0.4</Green>
            <Blue>1</Blue>
            <Alpha>1</Alpha>
        </Row>
        <Row>
            <Type>COLOR_PLAYER_LIGHT_BLUE_TEXT</Type>
            <Red>0.7</Red>
            <Green>0.8</Green>
            <Blue>1</Blue>
            <Alpha>1</Alpha>
        </Row>
        <Row>
            <Type>COLOR_PLAYER_BROWN</Type>
            <Red>0.39</Red>
            <Green>0.24</Green>
            <Blue>0</Blue>
            <Alpha>1</Alpha>
        </Row>
        <Row>
            <Type>COLOR_PLAYER_BROWN_TEXT</Type>
            <Red>0.9</Red>
            <Green>0.65</Green>
            <Blue>0.3</Blue>
            <Alpha>1</Alpha>
        </Row>
        <Row>
            <Type>COLOR_PLAYER_CYAN</Type>
            <Red>0.07</Red>
            <Green>0.8</Green>
            <Blue>0.96</Blue>
            <Alpha>1</Alpha>
        </Row>
        <Row>
            <Type>COLOR_PLAYER_CYAN_TEXT</Type>
            <Red>0.6</Red>
            <Green>1</Green>
            <Blue>0.973</Blue>
            <Alpha>1</Alpha>
        </Row>
        <Row>
            <Type>COLOR_PLAYER_DARK_BLUE</Type>
            <Red>0.16</Red>
            <Green>0</Green>
            <Blue>0.64</Blue>
            <Alpha>1</Alpha>
        </Row>
        <Row>
            <Type>COLOR_PLAYER_DARK_BLUE_TEXT</Type>
            <Red>0.65</Red>
            <Green>0.55</Green>
            <Blue>0.9</Blue>
            <Alpha>1</Alpha>
        </Row>
        <Row>
            <Type>COLOR_PLAYER_DARK_CYAN</Type>
            <Red>0</Red>
            <Green>0.54</Green>
            <Blue>0.55</Blue>
            <Alpha>1</Alpha>
        </Row>
        <Row>
            <Type>COLOR_PLAYER_DARK_CYAN_TEXT</Type>
            <Red>0</Red>
            <Green>0.831</Green>
            <Blue>0.788</Blue>
            <Alpha>1</Alpha>
        </Row>
        <Row>
            <Type>COLOR_PLAYER_DARK_GREEN</Type>
            <Red>0</Red>
            <Green>0.39</Green>
            <Blue>0</Blue>
            <Alpha>1</Alpha>
        </Row>
        <Row>
            <Type>COLOR_PLAYER_DARK_DARK_GREEN</Type>
            <Red>0</Red>
            <Green>0.27</Green>
            <Blue>0</Blue>
            <Alpha>1</Alpha>
        </Row>
        <Row>
            <Type>COLOR_PLAYER_DARK_GREEN_TEXT</Type>
            <Red>0.561</Red>
            <Green>0.8</Green>
            <Blue>0.561</Blue>
            <Alpha>1</Alpha>
        </Row>
        <Row>
            <Type>COLOR_PLAYER_DARK_PINK</Type>
            <Red>0.69</Red>
            <Green>0</Green>
            <Blue>0.38</Blue>
            <Alpha>1</Alpha>
        </Row>
        <Row>
            <Type>COLOR_PLAYER_DARK_PINK_TEXT</Type>
            <Red>1</Red>
            <Green>0</Green>
            <Blue>1</Blue>
            <Alpha>1</Alpha>
        </Row>
        <Row>
            <Type>COLOR_PLAYER_DARK_PURPLE</Type>
            <Red>0.45</Red>
            <Green>0</Green>
            <Blue>0.49</Blue>
            <Alpha>1</Alpha>
        </Row>
        <Row>
            <Type>COLOR_PLAYER_DARK_PURPLE_TEXT</Type>
            <Red>0.8</Red>
            <Green>0.35</Green>
            <Blue>0.85</Blue>
            <Alpha>1</Alpha>
        </Row>
        <Row>
            <Type>COLOR_PLAYER_DARK_RED</Type>
            <Red>0.62</Red>
            <Green>0</Green>
            <Blue>0</Blue>
            <Alpha>1</Alpha>
        </Row>
        <Row>
            <Type>COLOR_PLAYER_DARK_RED_TEXT</Type>
            <Red>1</Red>
            <Green>0.22</Green>
            <Blue>0.22</Blue>
            <Alpha>1</Alpha>
        </Row>
        <Row>
            <Type>COLOR_PLAYER_DARK_YELLOW</Type>
            <Red>0.97</Red>
            <Green>0.75</Green>
            <Blue>0</Blue>
            <Alpha>1</Alpha>
        </Row>
        <Row>
            <Type>COLOR_PLAYER_DARK_YELLOW_TEXT</Type>
            <Red>1</Red>
            <Green>0.8</Green>
            <Blue>0</Blue>
            <Alpha>1</Alpha>
        </Row>
        <Row>
            <Type>COLOR_PLAYER_GRAY</Type>
            <Red>0.7</Red>
            <Green>0.7</Green>
            <Blue>0.7</Blue>
            <Alpha>1</Alpha>
        </Row>
        <Row>
            <Type>COLOR_PLAYER_GRAY_TEXT</Type>
            <Red>0.8</Red>
            <Green>0.8</Green>
            <Blue>0.8</Blue>
            <Alpha>1</Alpha>
        </Row>
        <Row>
            <Type>COLOR_PLAYER_GREEN</Type>
            <Red>0.49</Red>
            <Green>0.88</Green>
            <Blue>0</Blue>
            <Alpha>1</Alpha>
        </Row>
        <Row>
            <Type>COLOR_PLAYER_GREEN_TEXT</Type>
            <Red>0.486</Red>
            <Green>0.882</Green>
            <Blue>0</Blue>
            <Alpha>1</Alpha>
        </Row>
        <Row>
            <Type>COLOR_PLAYER_ORANGE</Type>
            <Red>0.99</Red>
            <Green>0.35</Green>
            <Blue>0</Blue>
            <Alpha>1</Alpha>
        </Row>
        <Row>
            <Type>COLOR_PLAYER_ORANGE_TEXT</Type>
            <Red>0.996</Red>
            <Green>0.459</Green>
            <Blue>0</Blue>
            <Alpha>1</Alpha>
        </Row>
        <Row>
            <Type>COLOR_PLAYER_PEACH</Type>
            <Red>1</Red>
            <Green>0.85</Green>
            <Blue>0.56</Blue>
            <Alpha>1</Alpha>
        </Row>
        <Row>
            <Type>COLOR_PLAYER_PEACH_TEXT</Type>
            <Red>0.761</Red>
            <Green>0.698</Green>
            <Blue>0.396</Blue>
            <Alpha>1</Alpha>
        </Row>
        <Row>
            <Type>COLOR_PLAYER_PINK</Type>
            <Red>0.98</Red>
            <Green>0.67</Green>
            <Blue>0.49</Blue>
            <Alpha>1</Alpha>
        </Row>
        <Row>
            <Type>COLOR_PLAYER_PINK_TEXT</Type>
            <Red>0.98</Red>
            <Green>0.72</Green>
            <Blue>0.57</Blue>
            <Alpha>1</Alpha>
        </Row>
        <Row>
            <Type>COLOR_PLAYER_PURPLE</Type>
            <Red>0.77</Red>
            <Green>0.34</Green>
            <Blue>1</Blue>
            <Alpha>1</Alpha>
        </Row>
        <Row>
            <Type>COLOR_PLAYER_PURPLE_TEXT</Type>
            <Red>0.85</Red>
            <Green>0.65</Green>
            <Blue>1</Blue>
            <Alpha>1</Alpha>
        </Row>
        <Row>
            <Type>COLOR_PLAYER_RED</Type>
            <Red>0.86</Red>
            <Green>0.02</Green>
            <Blue>0.02</Blue>
            <Alpha>1</Alpha>
        </Row>
        <Row>
            <Type>COLOR_PLAYER_RED_TEXT</Type>
            <Red>1</Red>
            <Green>0.298</Green>
            <Blue>0.416</Blue>
            <Alpha>1</Alpha>
        </Row>
        <Row>
            <Type>COLOR_PLAYER_WHITE</Type>
            <Red>0.9</Red>
            <Green>0.9</Green>
            <Blue>0.9</Blue>
            <Alpha>1</Alpha>
        </Row>
        <Row>
            <Type>COLOR_PLAYER_WHITE_TEXT</Type>
            <Red>1</Red>
            <Green>0.95</Green>
            <Blue>0.95</Blue>
            <Alpha>1</Alpha>
        </Row>
        <Row>
            <Type>COLOR_PLAYER_YELLOW</Type>
            <Red>1</Red>
            <Green>1</Green>
            <Blue>0.17</Blue>
            <Alpha>1</Alpha>
        </Row>
        <Row>
            <Type>COLOR_PLAYER_YELLOW_TEXT</Type>
            <Red>0.996</Red>
            <Green>1</Green>
            <Blue>0.173</Blue>
            <Alpha>1</Alpha>
        </Row>
        <Row>
            <Type>COLOR_PLAYER_LIGHT_GREEN</Type>
            <Red>0.5</Red>
            <Green>1</Green>
            <Blue>0.5</Blue>
            <Alpha>1</Alpha>
        </Row>
        <Row>
            <Type>COLOR_PLAYER_LIGHT_GREEN_TEXT</Type>
            <Red>0.7</Red>
            <Green>1</Green>
            <Blue>0.7</Blue>
            <Alpha>1</Alpha>
        </Row>
        <Row>
            <Type>COLOR_PLAYER_LIGHT_BLUE</Type>
            <Red>0.5</Red>
            <Green>0.7</Green>
            <Blue>1</Blue>
            <Alpha>1</Alpha>
        </Row>
        <Row>
            <Type>COLOR_PLAYER_BLUE_TEXT</Type>
            <Red>0.5</Red>
            <Green>0.7</Green>
            <Blue>1</Blue>
            <Alpha>1</Alpha>
        </Row>
        <Row>
            <Type>COLOR_PLAYER_LIGHT_YELLOW</Type>
            <Red>1</Red>
            <Green>1</Green>
            <Blue>0.5</Blue>
            <Alpha>1</Alpha>
        </Row>
        <Row>
            <Type>COLOR_PLAYER_LIGHT_YELLOW_TEXT</Type>
            <Red>0.9</Red>
            <Green>1</Green>
            <Blue>0.5</Blue>
            <Alpha>1</Alpha>
        </Row>
        <Row>
            <Type>COLOR_PLAYER_LIGHT_PURPLE</Type>
            <Red>0.7</Red>
            <Green>0.6</Green>
            <Blue>1</Blue>
            <Alpha>1</Alpha>
        </Row>
        <Row>
            <Type>COLOR_PLAYER_LIGHT_PURPLE_TEXT</Type>
            <Red>0.7</Red>
            <Green>0.6</Green>
            <Blue>1</Blue>
            <Alpha>1</Alpha>
        </Row>
        <Row>
            <Type>COLOR_PLAYER_LIGHT_ORANGE</Type>
            <Red>0.9</Red>
            <Green>0.65</Green>
            <Blue>0.32</Blue>
            <Alpha>1</Alpha>
        </Row>
        <Row>
            <Type>COLOR_PLAYER_LIGHT_ORANGE_TEXT</Type>
            <Red>1</Red>
            <Green>0.75</Green>
            <Blue>0.35</Blue>
            <Alpha>1</Alpha>
        </Row>
        <Row>
            <Type>COLOR_PLAYER_MIDDLE_PURPLE</Type>
            <Red>0.675</Red>
            <Green>0.118</Green>
            <Blue>0.725</Blue>
            <Alpha>1</Alpha>
        </Row>
        <Row>
            <Type>COLOR_PLAYER_MIDDLE_PURPLE_TEXT</Type>
            <Red>0.808</Red>
            <Green>0.396</Green>
            <Blue>0.631</Blue>
            <Alpha>1</Alpha>
        </Row>
        <Row>
            <Type>COLOR_PLAYER_GOLDENROD</Type>
            <Red>0.871</Red>
            <Green>0.624</Green>
            <Blue>0</Blue>
            <Alpha>1</Alpha>
        </Row>
        <Row>
            <Type>COLOR_PLAYER_DARK_GRAY</Type>
            <Red>0.369</Red>
            <Green>0.369</Green>
            <Blue>0.369</Blue>
            <Alpha>1</Alpha>
        </Row>
        <Row>
            <Type>COLOR_PLAYER_DARK_GRAY_TEXT</Type>
            <Red>0.565</Red>
            <Green>0.565</Green>
            <Blue>0.565</Blue>
            <Alpha>1</Alpha>
        </Row>
        <Row>
            <Type>COLOR_PLAYER_MIDDLE_GREEN</Type>
            <Red>0.204</Red>
            <Green>0.576</Green>
            <Blue>0</Blue>
            <Alpha>1</Alpha>
        </Row>
        <Row>
            <Type>COLOR_PLAYER_MIDDLE_GREEN_TEXT</Type>
            <Red>0.243</Red>
            <Green>0.616</Green>
            <Blue>0</Blue>
            <Alpha>1</Alpha>
        </Row>
        <Row>
            <Type>COLOR_PLAYER_DARK_LEMON</Type>
            <Red>0.847</Red>
            <Green>0.792</Green>
            <Blue>0.039</Blue>
            <Alpha>1</Alpha>
        </Row>
        <Row>
            <Type>COLOR_PLAYER_DARK_LEMON_TEXT</Type>
            <Red>0.906</Red>
            <Green>0.851</Green>
            <Blue>0.098</Blue>
            <Alpha>1</Alpha>
        </Row>
        <Row>
            <Type>COLOR_PLAYER_MIDDLE_BLUE</Type>
            <Red>0</Red>
            <Green>0.22</Green>
            <Blue>0.914</Blue>
            <Alpha>1</Alpha>
        </Row>
        <Row>
            <Type>COLOR_PLAYER_MIDDLE_BLUE_TEXT</Type>
            <Red>0.504</Red>
            <Green>0.725</Green>
            <Blue>0.71</Blue>
            <Alpha>1</Alpha>
        </Row>
        <Row>
            <Type>COLOR_PLAYER_MIDDLE_CYAN</Type>
            <Red>0</Red>
            <Green>0.639</Green>
            <Blue>0.71</Blue>
            <Alpha>1</Alpha>
        </Row>
        <Row>
            <Type>COLOR_PLAYER_MIDDLE_CYAN_TEXT</Type>
            <Red>0.157</Red>
            <Green>0.796</Green>
            <Blue>0.867</Blue>
            <Alpha>1</Alpha>
        </Row>
        <Row>
            <Type>COLOR_PLAYER_MAROON</Type>
            <Red>0.514</Red>
            <Green>0.2</Green>
            <Blue>0.157</Blue>
            <Alpha>1</Alpha>
        </Row>
        <Row>
            <Type>COLOR_PLAYER_LIGHT_BROWN</Type>
            <Red>0.518</Red>
            <Green>0.345</Green>
            <Blue>0.075</Blue>
            <Alpha>1</Alpha>
        </Row>
        <Row>
            <Type>COLOR_PLAYER_LIGHT_BROWN_TEXT</Type>
            <Red>0.58</Red>
            <Green>0.431</Green>
            <Blue>0.204</Blue>
            <Alpha>1</Alpha>
        </Row>
        <Row>
            <Type>COLOR_PLAYER_DARK_ORANGE</Type>
            <Red>0.878</Red>
            <Green>0.235</Green>
            <Blue>0</Blue>
            <Alpha>1</Alpha>
        </Row>
        <Row>
            <Type>COLOR_PLAYER_DARK_ORANGE_TEXT</Type>
            <Red>0.949</Red>
            <Green>0.306</Green>
            <Blue>0.071</Blue>
            <Alpha>1</Alpha>
        </Row>
        <Row>
            <Type>COLOR_PLAYER_DARK_DARK_GREEN_TEXT</Type>
            <Red>0.355</Red>
            <Green>0.625</Green>
            <Blue>0.355</Blue>
            <Alpha>1</Alpha>
        </Row>
        <Row>
            <Type>COLOR_PLAYER_PALE_RED</Type>
            <Red>0.78</Red>
            <Green>0.282</Green>
            <Blue>0.239</Blue>
            <Alpha>1</Alpha>
        </Row>
        <Row>
            <Type>COLOR_PLAYER_DARK_INDIGO</Type>
            <Red>0.306</Red>
            <Green>0.02</Green>
            <Blue>0.835</Blue>
            <Alpha>1</Alpha>
        </Row>
        <Row>
            <Type>COLOR_PLAYER_DARK_INDIGO_TEXT</Type>
            <Red>0.533</Red>
            <Green>0.361</Green>
            <Blue>0.859</Blue>
            <Alpha>1</Alpha>
        </Row>
        <Row>
            <Type>COLOR_PLAYER_PALE_ORANGE</Type>
            <Red>0.863</Red>
            <Green>0.471</Green>
            <Blue>0.149</Blue>
            <Alpha>1</Alpha>
        </Row>
        <Row>
            <Type>COLOR_PLAYER_LIGHT_BLACK</Type>
            <Red>0.251</Red>
            <Green>0.251</Green>
            <Blue>0.251</Blue>
            <Alpha>1</Alpha>
        </Row>
        <Row>
            <Type>COLOR_PLAYER_LIGHT_BLACK_TEXT</Type>
            <Red>0.392</Red>
            <Green>0.392</Green>
            <Blue>0.392</Blue>
            <Alpha>1</Alpha>
        </Row>
        <Row>
            <Type>COLOR_PLAYER_MINOR_ICON</Type>
            <Red>0</Red>
            <Green>0</Green>
            <Blue>0</Blue>
            <Alpha>1</Alpha>
        </Row>
        <Row>
            <Type>COLOR_PLAYER_BARBARIAN_ICON</Type>
            <Red>0.721</Red>
            <Green>0</Green>
            <Blue>0</Blue>
            <Alpha>1</Alpha>
        </Row>
        <Row>
            <Type>COLOR_PLAYER_AMERICA_ICON</Type>
            <Red>1</Red>
            <Green>1</Green>
            <Blue>1</Blue>
            <Alpha>1</Alpha>
        </Row>
        <Row>
            <Type>COLOR_PLAYER_ARABIA_ICON</Type>
            <Red>0.573</Red>
            <Green>0.867</Green>
            <Blue>0.039</Blue>
            <Alpha>1</Alpha>
        </Row>
        <Row>
            <Type>COLOR_PLAYER_AZTEC_ICON</Type>
            <Red>0.537</Red>
            <Green>0.937</Green>
            <Blue>0.835</Blue>
            <Alpha>1</Alpha>
        </Row>
        <Row>
            <Type>COLOR_PLAYER_CHINA_ICON</Type>
			<Red>1.000</Red>
			<Green>1.000</Green>
			<Blue>1.000</Blue>
            <Alpha>1</Alpha>
        </Row>
        <Row>
            <Type>COLOR_PLAYER_EGYPT_ICON</Type>
            <Red>0.325</Red>
            <Green>0.000</Green>
            <Blue>0.816</Blue>
            <Alpha>1</Alpha>
        </Row>
        <Row>
            <Type>COLOR_PLAYER_ENGLAND_ICON</Type>
            <Red>1</Red>
            <Green>1</Green>
            <Blue>1</Blue>
            <Alpha>1</Alpha>
        </Row>
        <Row>
            <Type>COLOR_PLAYER_FRANCE_ICON</Type>
            <Red>0.922</Red>
            <Green>0.922</Green>
            <Blue>0.545</Blue>
            <Alpha>1</Alpha>
        </Row>
        <Row>
            <Type>COLOR_PLAYER_GERMANY_ICON</Type>
            <Red>0.145</Red>
            <Green>0.169</Green>
            <Blue>0.129</Blue>
            <Alpha>1</Alpha>
        </Row>
        <Row>
            <Type>COLOR_PLAYER_GREECE_ICON</Type>
            <Red>0.255</Red>
            <Green>0.553</Green>
            <Blue>0.996</Blue>
            <Alpha>1</Alpha>
        </Row>
        <Row>
            <Type>COLOR_PLAYER_INDIA_ICON</Type>
            <Red>1</Red>
            <Green>0.600</Green>
            <Blue>0.196</Blue>
            <Alpha>1</Alpha>
        </Row>
        <Row>
            <Type>COLOR_PLAYER_IROQUOIS_ICON</Type>
            <Red>0.988</Red>
            <Green>0.792</Green>
            <Blue>0.506</Blue>
            <Alpha>1</Alpha>
        </Row>
        <Row>
            <Type>COLOR_PLAYER_JAPAN_ICON</Type>
            <Red>0.722</Red>
            <Green>0</Green>
            <Blue>0</Blue>
            <Alpha>1</Alpha>
        </Row>
        <Row>
            <Type>COLOR_PLAYER_OTTOMAN_ICON</Type>
            <Red>0.071</Red>
            <Green>0.322</Green>
            <Blue>0.118</Blue>
            <Alpha>1</Alpha>
        </Row>
        <Row>
            <Type>COLOR_PLAYER_PERSIA_ICON</Type>
            <Red>0.961</Red>
            <Green>0.902</Green>
            <Blue>0.216</Blue>
            <Alpha>1</Alpha>
        </Row>
        <Row>
            <Type>COLOR_PLAYER_ROME_ICON</Type>
			<Red>0.941</Red>
			<Green>0.780</Green>
			<Blue>0</Blue>
			<Alpha>1</Alpha>
        </Row>
        <Row>
            <Type>COLOR_PLAYER_RUSSIA_ICON</Type>
            <Red>0</Red>
            <Green>0</Green>
            <Blue>0</Blue>
            <Alpha>1</Alpha>
        </Row>
        <Row>
            <Type>COLOR_PLAYER_SIAM_ICON</Type>
            <Red>0.694</Red>
            <Green>0.031</Green>
            <Blue>0.012</Blue>
            <Alpha>1</Alpha>
        </Row>
        <Row>
            <Type>COLOR_PLAYER_SONGHAI_ICON</Type>
            <Red>0.353</Red>
            <Green>0</Green>
            <Blue>0.039</Blue>
            <Alpha>1</Alpha>
        </Row>
        <Row>
            <Type>COLOR_PLAYER_BARBARIAN_BACKGROUND</Type>
            <Red>0</Red>
            <Green>0</Green>
            <Blue>0</Blue>
            <Alpha>1</Alpha>
        </Row>
        <Row>
            <Type>COLOR_PLAYER_AMERICA_BACKGROUND</Type>
            <Red>0.122</Red>
            <Green>0.2</Green>
            <Blue>0.471</Blue>
            <Alpha>1</Alpha>
        </Row>
        <Row>
            <Type>COLOR_PLAYER_ARABIA_BACKGROUND</Type>
            <Red>0.169</Red>
            <Green>0.345</Green>
            <Blue>0.18</Blue>
            <Alpha>1</Alpha>
        </Row>
        <Row>
            <Type>COLOR_PLAYER_AZTEC_BACKGROUND</Type>
            <Red>0.633</Red>
            <Green>0.224</Green>
            <Blue>0.137</Blue>
            <Alpha>1</Alpha>
        </Row>
        <Row>
            <Type>COLOR_PLAYER_CHINA_BACKGROUND</Type>
			<Red>0</Red>
			<Green>0.584</Green>
			<Blue>0.322</Blue>
            <Alpha>1</Alpha>
        </Row>
        <Row>
            <Type>COLOR_PLAYER_EGYPT_BACKGROUND</Type>
            <Red>1</Red>
            <Green>0.988</Green>
            <Blue>0.012</Blue>
            <Alpha>1</Alpha>
        </Row>
        <Row>
            <Type>COLOR_PLAYER_ENGLAND_BACKGROUND</Type>
            <Red>0.427</Red>
            <Green>0.008</Green>
            <Blue>0</Blue>
            <Alpha>1</Alpha>
        </Row>
        <Row>
            <Type>COLOR_PLAYER_FRANCE_BACKGROUND</Type>
            <Red>0.255</Red>
            <Green>0.553</Green>
            <Blue>0.996</Blue>
            <Alpha>1</Alpha>
        </Row>
        <Row>
            <Type>COLOR_PLAYER_GERMANY_BACKGROUND</Type>
            <Red>0.702</Red>
            <Green>0.698</Green>
            <Blue>0.722</Blue>
            <Alpha>1</Alpha>
        </Row>
        <Row>
            <Type>COLOR_PLAYER_GREECE_BACKGROUND</Type>
            <Red>1</Red>
            <Green>1</Green>
            <Blue>1</Blue>
            <Alpha>1</Alpha>
        </Row>
        <Row>
            <Type>COLOR_PLAYER_INDIA_BACKGROUND</Type>
            <Red>0.071</Red>
            <Green>0.533</Green>
            <Blue>0.027</Blue>
            <Alpha>1</Alpha>
        </Row>
        <Row>
            <Type>COLOR_PLAYER_IROQUOIS_BACKGROUND</Type>
            <Red>0.255</Red>
            <Green>0.341</Green>
            <Blue>0.341</Blue>
            <Alpha>1</Alpha>
        </Row>
        <Row>
            <Type>COLOR_PLAYER_JAPAN_BACKGROUND</Type>
            <Red>1</Red>
            <Green>1</Green>
            <Blue>1</Blue>
            <Alpha>1</Alpha>
        </Row>
        <Row>
            <Type>COLOR_PLAYER_OTTOMAN_BACKGROUND</Type>
            <Red>0.969</Red>
            <Green>0.976</Green>
            <Blue>0.784</Blue>
            <Alpha>1</Alpha>
        </Row>
        <Row>
            <Type>COLOR_PLAYER_PERSIA_BACKGROUND</Type>
            <Red>0.694</Red>
            <Green>0.031</Green>
            <Blue>0.012</Blue>
            <Alpha>1</Alpha>
        </Row>
        <Row>
            <Type>COLOR_PLAYER_ROME_BACKGROUND</Type>
			<Red>0.275</Red>
			<Green>0</Green>
			<Blue>0.463</Blue>
			<Alpha>1</Alpha>
        </Row>
        <Row>
            <Type>COLOR_PLAYER_RUSSIA_BACKGROUND</Type>
            <Red>0.937</Red>
            <Green>0.706</Green>
            <Blue>0</Blue>
            <Alpha>1</Alpha>
        </Row>
        <Row>
            <Type>COLOR_PLAYER_SIAM_BACKGROUND</Type>
            <Red>0.961</Red>
            <Green>0.902</Green>
            <Blue>0.216</Blue>
            <Alpha>1</Alpha>
        </Row>
        <Row>
            <Type>COLOR_PLAYER_SONGHAI_BACKGROUND</Type>
            <Red>0.839</Red>
            <Green>0.569</Green>
            <Blue>0.075</Blue>
            <Alpha>1</Alpha>
        </Row>
        <Row>
            <Type>COLOR_XX</Type>
            <Red>1</Red>
            <Green>1</Green>
            <Blue>0.784</Blue>
            <Alpha>1</Alpha>
        </Row>     
    </Colors>
</GameData>
