﻿<?xml version="1.0" encoding="utf-8"?>
<!--Generated with LocalizationBuddy.-->
<!--Copyright Firaxis Games 2010-->
<!--All Rights Reserved-->
<GameData>
  <Language_KO_KR>
    <Row Tag="TXT_KEY_LEADER_HARALD_AGREE_SHORT_1">
      <Text>좋군.</Text>
    </Row>
    <Row Tag="TXT_KEY_LEADER_HARALD_AGREE_SHORT_2">
      <Text>아주 좋군.</Text>
    </Row>
    <Row Tag="TXT_KEY_LEADER_HARALD_AGREE_SHORT_3">
      <Text>물론이네, 친구.</Text>
    </Row>
    <Row Tag="TXT_KEY_LEADER_HARALD_AGREE_SHORT_4">
      <Text>오, 아주 좋군.</Text>
    </Row>
    <Row Tag="TXT_KEY_LEADER_HARALD_ATTACKED_1">
      <Text>하, 제법 배짱이 두둑해지셨군. 그래도 발버둥을 칠 모양이니... 어디 얼마나 능력이 있나 두고 봅시다.</Text>
    </Row>
    <Row Tag="TXT_KEY_LEADER_HARALD_ATTACKED_2">
      <Text>심지어 작은 생쥐들도 자신이 사자인 마냥 달려들지. 하지만 사자도 내 칼 앞에선 추풍낙엽일 뿐. 너의 능력이 어떤지 보여 줘봐라.</Text>
    </Row>
    <Row Tag="TXT_KEY_LEADER_HARALD_ATTACKED_3">
      <Text>너한테서 훌륭한 바이킹의 자질이 보이는군! 그러나 안됐지만 난 너를 죽여야 한다. </Text>
    </Row>
    <Row Tag="TXT_KEY_LEADER_HARALD_DECLAREWAR_1">
      <Text>이런 쓸모없는 대화가 날 피곤하게 만드는군. 진짜 사나이답게 서로의 차이점을 전장에서 결정하자.</Text>
    </Row>
    <Row Tag="TXT_KEY_LEADER_HARALD_DECLAREWAR_2">
      <Text>영예로운 전투가 다가왔음을 느꼈다. 그대는 내 다음 상대가 되는 영광을 얻었군! 잘 해줬다!</Text>
    </Row>
    <Row Tag="TXT_KEY_LEADER_HARALD_DECLAREWAR_3">
      <Text>나의 병사들이 지루해하고 우리의 금고는 텅 비어 있다. 그들에게 간단한 훈련을 시킨다면 도움이 될 것으로 생각하지 않나?</Text>
    </Row>
    <Row Tag="TXT_KEY_LEADER_HARALD_DEFEATED_1">
      <Text>신들이 몰락한 게 틀림없다. 그렇지 않고서야 우리가 패배할 리 없다. 얼마 남지 않은 이 세상에서의 시간을 즐기게나. 아스가르드에서 너를 기다리겠다. </Text>
    </Row>
    <Row Tag="TXT_KEY_LEADER_HARALD_DEFEATED_2">
      <Text>이 무슨 배신자의 행위란 말인가? 하찮은 인간이 날 이길 수는 없을 텐데 아무래도 로키 신이 너를 도와준 게 틀림없군.</Text>
    </Row>
    <Row Tag="TXT_KEY_LEADER_HARALD_DEFEATED_3">
      <Text>넌 자신이 진정한 전사라는 것을 증명하였군! 마지막으로, 너에게 명예로운 바이킹의 족장 칭호를 수여하겠다. </Text>
    </Row>
    <Row Tag="TXT_KEY_LEADER_HARALD_DEMANDTRIBUTE_ANGRY">
      <Text>네가 최근에 손에 넣은 게 마음에 드는군. 내 홀을 꾸미는데 잘 어울릴듯싶어.</Text>
    </Row>
    <Row Tag="TXT_KEY_LEADER_HARALD_DEMANDTRIBUTE_HAPPY">
      <Text>이리 오게 친구. 자네가 날 얼마나 대단하게 생각하는지 보여줄 기회라고.</Text>
    </Row>
    <Row Tag="TXT_KEY_LEADER_HARALD_DEMANDTRIBUTE_NEUTRAL">
      <Text>오래갈 것 같진 않네만 노략질하는 것도 지겨워지는군. 내가 원하는 걸 내놓게나.</Text>
    </Row>
    <Row Tag="TXT_KEY_LEADER_HARALD_DISAGREE_SHORT_1">
      <Text>거절이다.</Text>
    </Row>
    <Row Tag="TXT_KEY_LEADER_HARALD_DISAGREE_SHORT_2">
      <Text>안돼.</Text>
    </Row>
    <Row Tag="TXT_KEY_LEADER_HARALD_DISAGREE_SHORT_3">
      <Text>허, 안돼.</Text>
    </Row>
    <Row Tag="TXT_KEY_LEADER_HARALD_DISAGREE_SHORT_4">
      <Text>안됐지만 오늘은 안 되겠군.</Text>
    </Row>
    <Row Tag="TXT_KEY_LEADER_HARALD_DISAGREE_SHORT_5">
      <Text>이런 어리석은 사람. 안돼!</Text>
    </Row>
    <Row Tag="TXT_KEY_LEADER_HARALD_DISAGREE_SHORT_6">
      <Text>받아들일 수 없군.</Text>
    </Row>
    <Row Tag="TXT_KEY_LEADER_HARALD_DISAGREE_SHORT_7">
      <Text>신의 이름으로 말하지만 안돼.</Text>
    </Row>
    <Row Tag="TXT_KEY_LEADER_HARALD_FIRSTGREETING_1">
      <Text>반갑군, 이방인! 난 데인족의 통치자 하랄 블로탄이라고 한다. 내 배가 마음에 드는가? 이 배로 수천의 적들을 무찔렀지.</Text>
    </Row>
    <Row Tag="TXT_KEY_LEADER_HARALD_FIRSTGREETING_2">
      <Text>작은 지도자를 경외하라. 그대는 위대한 하랄 블로탄 앞에 섰습니다. 음... 어떤 무용담으로 그대를 즐겁게 해줬으면 좋겠습니까?</Text>
    </Row>
    <Row Tag="TXT_KEY_LEADER_HARALD_FIRSTGREETING_3">
      <Text>오 훌륭해. 새로운 도전자라니! 나 하랄 블로탄이 이곳에 온 걸 환영하지. 아마 언젠간 우리가 서로 명예롭게 겨룰 수 있게 될 것이야!</Text>
    </Row>
    <Row Tag="TXT_KEY_LEADER_HARALD_GOODBYE_1">
      <Text>다시 만날 때까지.</Text>
    </Row>
    <Row Tag="TXT_KEY_LEADER_HARALD_GOODBYE_2">
      <Text>잘 가시오.</Text>
    </Row>
    <Row Tag="TXT_KEY_LEADER_HARALD_GOODBYE_3">
      <Text>잘 가게 친구.</Text>
    </Row>
    <Row Tag="TXT_KEY_LEADER_HARALD_GOODBYE_4">
      <Text>안녕히 가시오.</Text>
    </Row>
    <Row Tag="TXT_KEY_LEADER_HARALD_GOODBYE_5">
      <Text>그게 전부라오.</Text>
    </Row>
    <Row Tag="TXT_KEY_LEADER_HARALD_GOODBYE_6">
      <Text>가시오.</Text>
    </Row>
    <Row Tag="TXT_KEY_LEADER_HARALD_GREETING_1">
      <Text>두 팔 벌려 환영하오.</Text>
    </Row>
    <Row Tag="TXT_KEY_LEADER_HARALD_GREETING_2">
      <Text>안녕하시오.</Text>
    </Row>
    <Row Tag="TXT_KEY_LEADER_HARALD_GREETING_3">
      <Text>또다시 환영하오!</Text>
    </Row>
    <Row Tag="TXT_KEY_LEADER_HARALD_GREETING_4">
      <Text>아 돌아왔군.</Text>
    </Row>
    <Row Tag="TXT_KEY_LEADER_HARALD_GREETING_5">
      <Text>오 그대였군.</Text>
    </Row>
    <Row Tag="TXT_KEY_LEADER_HARALD_GREETING_6">
      <Text>뭘 원하는가?</Text>
    </Row>
    <Row Tag="TXT_KEY_LEADER_HARALD_LETSHEARIT_1">
      <Text>한번 들어보겠소.</Text>
    </Row>
    <Row Tag="TXT_KEY_LEADER_HARALD_LETSHEARIT_2">
      <Text>얘기하시오.</Text>
    </Row>
    <Row Tag="TXT_KEY_LEADER_HARALD_LETSHEARIT_3">
      <Text>얘기하시오.</Text>
    </Row>
    <Row Tag="TXT_KEY_LEADER_HARALD_LETSHEARIT_4">
      <Text>듣고 있소.</Text>
    </Row>
    <Row Tag="TXT_KEY_LEADER_HARALD_LETSHEARIT_5">
      <Text>무슨 일인가?</Text>
    </Row>
    <Row Tag="TXT_KEY_LEADER_HARALD_LOSEWAR_1">
      <Text>그대는 토르 신의 망치로 상대할 만한 가치가 있는 상대란 것을 증명하였소. 축하하오!</Text>
    </Row>
    <Row Tag="TXT_KEY_LEADER_HARALD_LOSEWAR_2">
      <Text>기억에 남을만한 멋진 흉터를 남겨주었소. 언젠간 나도 그대에게 똑같은 것을 남겨 주고 싶습니다만.</Text>
    </Row>
    <Row Tag="TXT_KEY_LEADER_HARALD_TRADE_NEEDMORE_ANGRY_1">
      <Text>그런 제안이라면 내가 내 형제들의 면전에서 웃어줄 것이오.</Text>
    </Row>
    <Row Tag="TXT_KEY_LEADER_HARALD_TRADE_NEEDMORE_ANGRY_2">
      <Text>충분하지가 않군.</Text>
    </Row>
    <Row Tag="TXT_KEY_LEADER_HARALD_TRADE_NEEDMORE_ANGRY_3">
      <Text>좀 더 나은 제안을 해봐라.</Text>
    </Row>
    <Row Tag="TXT_KEY_LEADER_HARALD_TRADE_NEEDMORE_ANGRY_4">
      <Text>거의...</Text>
    </Row>
    <Row Tag="TXT_KEY_LEADER_HARALD_TRADE_NEEDMORE_HAPPY_1">
      <Text>내 그대를 좋아하긴 하지만, 그런 식의 제안으로 우리 잔을 채울 순 없을 것이오.</Text>
    </Row>
    <Row Tag="TXT_KEY_LEADER_HARALD_TRADE_NEEDMORE_HAPPY_2">
      <Text>그게 그대가 할 수 있는 전부인가? 우리 엄마도 그대보다는 나을 것이오.</Text>
    </Row>
    <Row Tag="TXT_KEY_LEADER_HARALD_TRADE_NEEDMORE_HAPPY_3">
      <Text>음. 거의...</Text>
    </Row>
    <Row Tag="TXT_KEY_LEADER_HARALD_TRADE_NEEDMORE_NEUTRAL_1">
      <Text>관심은 가지만 조금 더 노력해야겠소.</Text>
    </Row>
    <Row Tag="TXT_KEY_LEADER_HARALD_TRADE_NEEDMORE_NEUTRAL_2">
      <Text>조금 더 나은 제안을 할 수는 없소?</Text>
    </Row>
    <Row Tag="TXT_KEY_LEADER_HARALD_TRADE_NEEDMORE_NEUTRAL_3">
      <Text>그건 충분하지 않소이다.</Text>
    </Row>
    <Row Tag="TXT_KEY_LEADER_HARALD_TRADE_NEEDMORE_NEUTRAL_4">
      <Text>거의...</Text>
    </Row>
    <Row Tag="TXT_KEY_LEADER_HARALD_TRADE_NO_ANGRY">
      <Text>아니오. 난 로키 신의 작품을 이곳에서 목격했소.</Text>
    </Row>
    <Row Tag="TXT_KEY_LEADER_HARALD_TRADE_NO_HAPPY">
      <Text>하, 어쩌면... 안 되겠소.</Text>
    </Row>
    <Row Tag="TXT_KEY_LEADER_HARALD_TRADE_NO_NEUTRAL">
      <Text>미안하네만 관심 없소.</Text>
    </Row>
    <Row Tag="TXT_KEY_LEADER_HARALD_TRADE_YES_ANGRY">
      <Text>좋아 그렇게 하지.</Text>
    </Row>
    <Row Tag="TXT_KEY_LEADER_HARALD_TRADE_YES_HAPPY">
      <Text>그리합시다.</Text>
    </Row>
    <Row Tag="TXT_KEY_LEADER_HARALD_TRADE_YES_NEUTRAL">
      <Text>좋소.</Text>
    </Row>
    <Row Tag="TXT_KEY_LEADER_HARALD_TRADEREQUEST_ANGRY">
      <Text>무역으로 원하는 걸 얻는 건 계집애 같은 짓이지만, 고문에게 그렇게 하겠다고 약속했습니다.</Text>
    </Row>
    <Row Tag="TXT_KEY_LEADER_HARALD_TRADEREQUEST_HAPPY">
      <Text>훌륭한 거래요! 심지어 단순한 거지라도 동의할 것이오.</Text>
    </Row>
    <Row Tag="TXT_KEY_LEADER_HARALD_TRADEREQUEST_NEUTRAL">
      <Text>이 거래는 그대에게 그다지 나쁜 거래가 아니라고 내 고문이 조언했소.</Text>
    </Row>
    <Row Tag="TXT_KEY_LEADER_HARALD_TRIBUTE_NO_ANGRY">
      <Text>저주가 내릴지어다. 내가 우리 엄마에게서 도둑질이라도 하길 원하는 것인가.</Text>
    </Row>
    <Row Tag="TXT_KEY_LEADER_HARALD_TRIBUTE_NO_HAPPY">
      <Text>허허, 그대는 혈기 넘치는 작은 악마군. 그래도 안된다오.</Text>
    </Row>
    <Row Tag="TXT_KEY_LEADER_HARALD_TRIBUTE_NO_NEUTRAL">
      <Text>허허, 그대는 주먹만 한 게 아주 웃기는 사람일세. 우리 광대를 그대로 교체했는지 몰랐습니다.</Text>
    </Row>
    <Row Tag="TXT_KEY_LEADER_HARALD_TRIBUTE_YES_ANGRY">
      <Text>너의 도전 정신은 존경하지만, 너무 심하면 다치는 수가 있습니다.</Text>
    </Row>
    <Row Tag="TXT_KEY_LEADER_HARALD_TRIBUTE_YES_HAPPY">
      <Text>그대의 기백이 마음에 드는구려. 이건 그대가 가져야 할 것 같군.</Text>
    </Row>
    <Row Tag="TXT_KEY_LEADER_HARALD_TRIBUTE_YES_NEUTRAL">
      <Text>날 즐겁게 하는군, 작은 한 지도자여. 이 자비로운 선물로 뭘 할지 보고 싶군.</Text>
    </Row>
    <Row Tag="TXT_KEY_LEADER_HARALD_WARBLUFF_1">
      <Text>잘했다. 앞으로의 전투가 더욱더 기대되는군!</Text>
    </Row>
    <Row Tag="TXT_KEY_LEADER_HARALD_WARBLUFF_2">
      <Text>너는 강철로 만들어진 것 같군! 조만간 네가 실제로는 얼마나 강한지 시험해 보도록 할 것이다.</Text>
    </Row>
    <Row Tag="TXT_KEY_LEADER_HARALD_WARBLUFF_3">
      <Text>어허, 너에 대한 고문의 생각이 맞는 것 같군. 아무래도 고문들 봉급을 올려줄 시기가 온 것 같군.</Text>
    </Row>
    <Row Tag="TXT_KEY_LEADER_HARALD_WINWAR_1">
      <Text>음. 지금 들리는 건 무슨 소리지? 잠깐... 그건 당신네 여인들이 우는 소리인 것 같군요! 하! 또다시 나의 승리입니다!</Text>
    </Row>
    <Row Tag="TXT_KEY_LEADER_HARALD_WINWAR_2">
      <Text>좋은 날에 치러진 훌륭한 전투였어. 그렇지 않나? 우린 언젠가 한 번 더 싸워야 해.</Text>
    </Row>
  </Language_KO_KR>
</GameData>