﻿<?xml version="1.0" encoding="utf-8"?>
<!--Generated with LocalizationBuddy.-->
<!--Copyright Firaxis Games 2010-->
<!--All Rights Reserved-->
<GameData>
  <Language_KO_KR>
    <Row Tag="TXT_KEY_CITY_NAME_APIA">
      <Text>아피아</Text>
		<Plurality>2</Plurality>
    </Row>
    <Row Tag="TXT_KEY_CITY_NAME_AUA">
      <Text>아우아</Text>
		<Plurality>2</Plurality>
    </Row>
    <Row Tag="TXT_KEY_CITY_NAME_EIAO">
      <Text>이아오</Text>
		<Plurality>2</Plurality>
    </Row>
    <Row Tag="TXT_KEY_CITY_NAME_FAA_A">
      <Text>파하아</Text>
		<Plurality>2</Plurality>
    </Row>
    <Row Tag="TXT_KEY_CITY_NAME_FALE_ULA">
      <Text>파엘울라</Text>
		<Plurality>2</Plurality>
    </Row>
    <Row Tag="TXT_KEY_CITY_NAME_FALEASI_U">
      <Text>파엘레시우</Text>
		<Plurality>2</Plurality>
    </Row>
    <Row Tag="TXT_KEY_CITY_NAME_FATU_HIVA">
      <Text>파투히바</Text>
		<Plurality>2</Plurality>
    </Row>
    <Row Tag="TXT_KEY_CITY_NAME_FATU_UKU">
      <Text>파투우쿠</Text>
		<Plurality>2</Plurality>
    </Row>
    <Row Tag="TXT_KEY_CITY_NAME_FUA_AMOTU">
      <Text>후아모투</Text>
		<Plurality>2</Plurality>
    </Row>
    <Row Tag="TXT_KEY_CITY_NAME_HA_ATEIHO">
      <Text>하 에테이호</Text>
		<Plurality>2</Plurality>
    </Row>
    <Row Tag="TXT_KEY_CITY_NAME_HATUTU">
      <Text>하투투</Text>
		<Plurality>2</Plurality>
    </Row>
    <Row Tag="TXT_KEY_CITY_NAME_HAVELULOTO">
      <Text>하베루투</Text>
		<Plurality>2</Plurality>
    </Row>
    <Row Tag="TXT_KEY_CITY_NAME_HIVA_OA">
      <Text>히바 오아</Text>
		<Plurality>2</Plurality>
    </Row>
    <Row Tag="TXT_KEY_CITY_NAME_HOUMA">
      <Text>후우마</Text>
		<Plurality>2</Plurality>
    </Row>
    <Row Tag="TXT_KEY_CITY_NAME_HUAHINE">
      <Text>후아니</Text>
		<Plurality>2</Plurality>
    </Row>
    <Row Tag="TXT_KEY_CITY_NAME_ILI_ILI">
      <Text>리리</Text>
		<Plurality>2</Plurality>
    </Row>
    <Row Tag="TXT_KEY_CITY_NAME_KOLONGA">
      <Text>코롱가</Text>
		<Plurality>2</Plurality>
    </Row>
    <Row Tag="TXT_KEY_CITY_NAME_LAPAHA">
      <Text>라파하</Text>
		<Plurality>2</Plurality>
    </Row>
    <Row Tag="TXT_KEY_CITY_NAME_LE_AUVA_A">
      <Text>레 우바아</Text>
		<Plurality>2</Plurality>
    </Row>
    <Row Tag="TXT_KEY_CITY_NAME_LEIMATU_A">
      <Text>레이마투아</Text>
		<Plurality>2</Plurality>
    </Row>
    <Row Tag="TXT_KEY_CITY_NAME_LEONE">
      <Text>리온</Text>
		<Plurality>2</Plurality>
    </Row>
    <Row Tag="TXT_KEY_CITY_NAME_MAIAO">
      <Text>마이아오</Text>
		<Plurality>2</Plurality>
    </Row>
    <Row Tag="TXT_KEY_CITY_NAME_MALIE">
      <Text>말리</Text>
		<Plurality>2</Plurality>
    </Row>
    <Row Tag="TXT_KEY_CITY_NAME_MANUAE">
      <Text>마누에</Text>
		<Plurality>2</Plurality>
    </Row>
    <Row Tag="TXT_KEY_CITY_NAME_MAUPITI">
      <Text>마우피티</Text>
		<Plurality>2</Plurality>
    </Row>
    <Row Tag="TXT_KEY_CITY_NAME_MEHETIA">
      <Text>메헤티아</Text>
		<Plurality>2</Plurality>
    </Row>
    <Row Tag="TXT_KEY_CITY_NAME_MOHO_TANI">
      <Text>모호타니</Text>
		<Plurality>2</Plurality>
    </Row>
    <Row Tag="TXT_KEY_CITY_NAME_MOOREA">
      <Text>무어아</Text>
		<Plurality>2</Plurality>
    </Row>
    <Row Tag="TXT_KEY_CITY_NAME_MOPELIA">
      <Text>모페리아</Text>
		<Plurality>2</Plurality>
    </Row>
    <Row Tag="TXT_KEY_CITY_NAME_MOTU_ITI">
      <Text>모투 리티</Text>
		<Plurality>2</Plurality>
    </Row>
    <Row Tag="TXT_KEY_CITY_NAME_MOTU_NAO">
      <Text>모투 나오</Text>
		<Plurality>2</Plurality>
    </Row>
    <Row Tag="TXT_KEY_CITY_NAME_MOTU_OA">
      <Text>모투 오아</Text>
		<Plurality>2</Plurality>
    </Row>
    <Row Tag="TXT_KEY_CITY_NAME_MOTU_ONE">
      <Text>모투 원</Text>
		<Plurality>2</Plurality>
    </Row>
    <Row Tag="TXT_KEY_CITY_NAME_NEIAFU">
      <Text>나이아푸</Text>
		<Plurality>2</Plurality>
    </Row>
    <Row Tag="TXT_KEY_CITY_NAME_NU_UULI">
      <Text>누우울리</Text>
		<Plurality>2</Plurality>
    </Row>
    <Row Tag="TXT_KEY_CITY_NAME_NUKU_ALOFA">
      <Text>누쿠 알로파</Text>
		<Plurality>2</Plurality>
    </Row>
    <Row Tag="TXT_KEY_CITY_NAME_NUKU_HIVA">
      <Text>누쿠히바</Text>
		<Plurality>2</Plurality>
    </Row>
    <Row Tag="TXT_KEY_CITY_NAME_NUKUNUKU">
      <Text>누쿠누쿠</Text>
		<Plurality>2</Plurality>
    </Row>
    <Row Tag="TXT_KEY_CITY_NAME_PAGO_PAGO">
      <Text>파고 파고</Text>
		<Plurality>2</Plurality>
    </Row>
    <Row Tag="TXT_KEY_CITY_NAME_PANGAI_HIHIFO">
      <Text>판가이-히히포</Text>
		<Plurality>2</Plurality>
    </Row>
    <Row Tag="TXT_KEY_CITY_NAME_PAPEETE">
      <Text>페페트</Text>
		<Plurality>2</Plurality>
    </Row>
    <Row Tag="TXT_KEY_CITY_NAME_PAVA_IA_I">
      <Text>파바이아</Text>
		<Plurality>2</Plurality>
    </Row>
    <Row Tag="TXT_KEY_CITY_NAME_PEA">
      <Text>피이</Text>
		<Plurality>2</Plurality>
    </Row>
    <Row Tag="TXT_KEY_CITY_NAME_POPUA">
      <Text>포푸아</Text>
		<Plurality>2</Plurality>
    </Row>
    <Row Tag="TXT_KEY_CITY_NAME_SALELOLOGA">
      <Text>살레로로가</Text>
		<Plurality>2</Plurality>
    </Row>
    <Row Tag="TXT_KEY_CITY_NAME_SIUSEGA">
      <Text>시우세가</Text>
		<Plurality>2</Plurality>
    </Row>
    <Row Tag="TXT_KEY_CITY_NAME_TAFUNA">
      <Text>타푸나</Text>
		<Plurality>2</Plurality>
    </Row>
    <Row Tag="TXT_KEY_CITY_NAME_TAHAA">
      <Text>타하아</Text>
		<Plurality>2</Plurality>
    </Row>
    <Row Tag="TXT_KEY_CITY_NAME_TAHUATA">
      <Text>타후아타</Text>
		<Plurality>2</Plurality>
    </Row>
    <Row Tag="TXT_KEY_CITY_NAME_TATAKAMOTONGA">
      <Text>타타카모통가</Text>
		<Plurality>2</Plurality>
    </Row>
    <Row Tag="TXT_KEY_CITY_NAME_TERIHI">
      <Text>테리히</Text>
		<Plurality>2</Plurality>
    </Row>
    <Row Tag="TXT_KEY_CITY_NAME_TETIAROA">
      <Text>테티아로아</Text>
		<Plurality>2</Plurality>
    </Row>
    <Row Tag="TXT_KEY_CITY_NAME_TOFOA_KOLOUA">
      <Text>토포아-코로우아</Text>
		<Plurality>2</Plurality>
    </Row>
    <Row Tag="TXT_KEY_CITY_NAME_TUPAI">
      <Text>투파이</Text>
		<Plurality>2</Plurality>
    </Row>
    <Row Tag="TXT_KEY_CITY_NAME_UA_HUKA">
      <Text>우아 후카</Text>
		<Plurality>2</Plurality>
    </Row>
    <Row Tag="TXT_KEY_CITY_NAME_UA_PU">
      <Text>우아 푸</Text>
		<Plurality>2</Plurality>
    </Row>
    <Row Tag="TXT_KEY_CITY_NAME_VAILELE">
      <Text>바일리</Text>
		<Plurality>2</Plurality>
    </Row>
    <Row Tag="TXT_KEY_CITY_NAME_VAINI">
      <Text>바이니</Text>
		<Plurality>2</Plurality>
    </Row>
    <Row Tag="TXT_KEY_CITY_NAME_VAITELE">
      <Text>바이테레</Text>
		<Plurality>2</Plurality>
    </Row>
  </Language_KO_KR>
</GameData>