﻿<?xml version="1.0" encoding="utf-8"?>
<!--Generated with LocalizationBuddy.-->
<!--Copyright Firaxis Games 2010-->
<!--All Rights Reserved-->
<GameData>
  <Language_KO_KR>
    <Row Tag="TXT_KEY_CITY_NAME_ANUTA">
      <Text>아누타</Text>
		<Plurality>2</Plurality>
    </Row>
    <Row Tag="TXT_KEY_CITY_NAME_AOTEAROA">
      <Text>아우테이어로아</Text>
		<Plurality>2</Plurality>
    </Row>
    <Row Tag="TXT_KEY_CITY_NAME_BELLONA">
      <Text>벨로나</Text>
		<Plurality>2</Plurality>
    </Row>
    <Row Tag="TXT_KEY_CITY_NAME_BORA_BORA">
      <Text>보라 보라</Text>
		<Plurality>2</Plurality>
    </Row>
    <Row Tag="TXT_KEY_CITY_NAME_EMAE">
      <Text>에마에</Text>
		<Plurality>2</Plurality>
    </Row>
    <Row Tag="TXT_KEY_CITY_NAME_FUTUNA">
      <Text>푸투나</Text>
		<Plurality>2</Plurality>
    </Row>
    <Row Tag="TXT_KEY_CITY_NAME_HILO">
      <Text>힐로</Text>
		<Plurality>2</Plurality>
    </Row>
    <Row Tag="TXT_KEY_CITY_NAME_KAILUA">
      <Text>카일루아</Text>
		<Plurality>2</Plurality>
    </Row>
    <Row Tag="TXT_KEY_CITY_NAME_KAPINGAMARANGI">
      <Text>카핑가마랑기</Text>
		<Plurality>2</Plurality>
    </Row>
    <Row Tag="TXT_KEY_CITY_NAME_KIRITIMATI">
      <Text>키리티마티</Text>
		<Plurality>2</Plurality>
    </Row>
    <Row Tag="TXT_KEY_CITY_NAME_LAHAINA">
      <Text>라하이나</Text>
		<Plurality>2</Plurality>
    </Row>
    <Row Tag="TXT_KEY_CITY_NAME_MANGAREVA">
      <Text>망가레바</Text>
		<Plurality>2</Plurality>
    </Row>
    <Row Tag="TXT_KEY_CITY_NAME_MUNGAVA">
      <Text>뭉가바</Text>
		<Plurality>2</Plurality>
    </Row>
    <Row Tag="TXT_KEY_CITY_NAME_NIUE">
      <Text>니우에</Text>
		<Plurality>2</Plurality>
    </Row>
    <Row Tag="TXT_KEY_CITY_NAME_NUGURIA">
      <Text>누구리아</Text>
		<Plurality>2</Plurality>
    </Row>
    <Row Tag="TXT_KEY_CITY_NAME_NUKUHIVA">
      <Text>누쿠히바</Text>
		<Plurality>2</Plurality>
    </Row>
    <Row Tag="TXT_KEY_CITY_NAME_NUKUMANU">
      <Text>누쿠마누</Text>
		<Plurality>2</Plurality>
    </Row>
    <Row Tag="TXT_KEY_CITY_NAME_NUKUORO">
      <Text>누쿠로</Text>
		<Plurality>2</Plurality>
    </Row>
    <Row Tag="TXT_KEY_CITY_NAME_OAHU">
      <Text>오아후</Text>
		<Plurality>2</Plurality>
    </Row>
    <Row Tag="TXT_KEY_CITY_NAME_ONTONGJAVA">
      <Text>온통자바</Text>
		<Plurality>2</Plurality>
    </Row>
    <Row Tag="TXT_KEY_CITY_NAME_PILENI">
      <Text>필레니</Text>
		<Plurality>2</Plurality>
    </Row>
    <Row Tag="TXT_KEY_CITY_NAME_RAIATEA">
      <Text>라이아테아</Text>
		<Plurality>2</Plurality>
    </Row>
    <Row Tag="TXT_KEY_CITY_NAME_RAKAHANGA">
      <Text>라카항가</Text>
		<Plurality>2</Plurality>
    </Row>
    <Row Tag="TXT_KEY_CITY_NAME_RAPANUI">
      <Text>라파누이</Text>
		<Plurality>2</Plurality>
    </Row>
    <Row Tag="TXT_KEY_CITY_NAME_RAROTONGA">
      <Text>라로통가</Text>
		<Plurality>2</Plurality>
    </Row>
    <Row Tag="TXT_KEY_CITY_NAME_REKOHU">
      <Text>레코후</Text>
		<Plurality>2</Plurality>
    </Row>
    <Row Tag="TXT_KEY_CITY_NAME_ROTUMA">
      <Text>로투마</Text>
		<Plurality>2</Plurality>
    </Row>
    <Row Tag="TXT_KEY_CITY_NAME_SAMOA">
      <Text>사모아</Text>
		<Plurality>2</Plurality>
    </Row>
    <Row Tag="TXT_KEY_CITY_NAME_SIKAIANA">
      <Text>시카이아나</Text>
		<Plurality>2</Plurality>
    </Row>
    <Row Tag="TXT_KEY_CITY_NAME_TAHITI">
      <Text>타히티</Text>
		<Plurality>2</Plurality>
    </Row>
    <Row Tag="TXT_KEY_CITY_NAME_TAKUU">
      <Text>타쿠우</Text>
		<Plurality>2</Plurality>
    </Row>
    <Row Tag="TXT_KEY_CITY_NAME_TEWAIPOUNAMU">
      <Text>테와이 포우나무</Text>
		<Plurality>2</Plurality>
    </Row>
    <Row Tag="TXT_KEY_CITY_NAME_TIKOPIA">
      <Text>티코피아</Text>
		<Plurality>2</Plurality>
    </Row>
    <Row Tag="TXT_KEY_CITY_NAME_TOKELAU">
      <Text>토켈라우</Text>
		<Plurality>2</Plurality>
    </Row>
    <Row Tag="TXT_KEY_CITY_NAME_TONGA">
      <Text>통가</Text>
		<Plurality>2</Plurality>
    </Row>
    <Row Tag="TXT_KEY_CITY_NAME_TUAMOTU">
      <Text>투아모투</Text>
		<Plurality>2</Plurality>
    </Row>
    <Row Tag="TXT_KEY_CITY_NAME_TUBUAI">
      <Text>투부아이</Text>
		<Plurality>2</Plurality>
    </Row>
    <Row Tag="TXT_KEY_CITY_NAME_TUVALU">
      <Text>투발루</Text>
		<Plurality>2</Plurality>
    </Row>
    <Row Tag="TXT_KEY_CITY_NAME_UVEA">
      <Text>우베아</Text>
		<Plurality>2</Plurality>
    </Row>
  </Language_KO_KR>
</GameData>