﻿<?xml version="1.0" encoding="utf-8"?>
<!--Generated with LocalizationBuddy.-->
<!--Copyright Firaxis Games 2010-->
<!--All Rights Reserved-->
<GameData>
  <Language_KO_KR>
    <Row Tag="TXT_KEY_POLYNESIAN_SCENARIO_CIVILOPEDIA_LEADERS_GANDHI_NAME">
      <Text>말리에토아 사베</Text>
		<Plurality>2</Plurality>
    </Row>
    <Row Tag="TXT_KEY_POLYNESIAN_SCENARIO_CIVILOPEDIA_LEADERS_HIAWATHA_NAME">
      <Text>포메어 1세</Text>
		<Plurality>2</Plurality>
    </Row>
    <Row Tag="TXT_KEY_POLYNESIAN_SCENARIO_CIVILOPEDIA_LEADERS_KAMEHAMEHA_NAME">
      <Text>호투 마투아</Text>
		<Plurality>2</Plurality>
    </Row>
    <Row Tag="TXT_KEY_POLYNESIAN_SCENARIO_CIVILOPEDIA_LEADERS_MONTEZUMA_NAME">
      <Text>아오에투</Text>
		<Plurality>2</Plurality>
    </Row>
    <Row Tag="TXT_KEY_POLYNESIAN_SCENARIO_LEADER_GANDHI">
      <Text>말리에토아 사베</Text>
		<Plurality>2</Plurality>
    </Row>
    <Row Tag="TXT_KEY_POLYNESIAN_SCENARIO_LEADER_HIAWATHA">
      <Text>포메어 1세</Text>
		<Plurality>2</Plurality>
    </Row>
    <Row Tag="TXT_KEY_POLYNESIAN_SCENARIO_LEADER_KAMEHAMEHA">
      <Text>호투 마투아</Text>
		<Plurality>2</Plurality>
    </Row>
    <Row Tag="TXT_KEY_POLYNESIAN_SCENARIO_LEADER_MONTEZUMA">
      <Text>아오에투</Text>
		<Plurality>2</Plurality>
    </Row>
  </Language_KO_KR>
</GameData>