﻿<?xml version="1.0" encoding="utf-8"?>
<!--Generated with LocalizationBuddy.-->
<!--Copyright Firaxis Games 2010-->
<!--All Rights Reserved-->
<GameData>
  <Language_KO_KR>
    <Row Tag="TXT_KEY_PROMOTION_HAKA_WAR_DANCE">
      <Text>하카 전쟁 의식</Text>
    </Row>
    <Row Tag="TXT_KEY_PROMOTION_HAKA_WAR_DANCE_HELP">
      <Text>이 유닛과 인접한 적 유닛의 [ICON_STRENGTH]전투력이 [COLOR_POSITIVE_TEXT]10%[COLOR_XX] 감소</Text>
    </Row>
    <Row Tag="TXT_KEY_UNIT_POLYNESIAN_MAORI_WARRIOR">
      <Text>마오리 전사</Text>
	  <Plurality>2</Plurality>
    </Row>
  </Language_KO_KR>
</GameData>