﻿<?xml version="1.0" encoding="utf-8"?>
<!--Generated with LocalizationBuddy.-->
<!--Copyright Firaxis Games 2010-->
<!--All Rights Reserved-->
<GameData>
  <Language_KO_KR>
    <Row Tag="TXT_KEY_POLYNESIAN_SCENARIO_CITYSTATE_FIJI">
      <Text>피지</Text>
      	<Plurality>2</Plurality>
    </Row>
    <Row Tag="TXT_KEY_POLYNESIAN_SCENARIO_CITYSTATE_FIJI_ADJ">
      <Text>[COLOR:240:240:140:255]피지[COLOR_XX]의</Text>
    </Row>
    <Row Tag="TXT_KEY_POLYNESIAN_SCENARIO_CITYSTATE_GUADALCANAL">
      <Text>과달카날</Text>
    </Row>
    <Row Tag="TXT_KEY_POLYNESIAN_SCENARIO_CITYSTATE_GUADALCANAL_ADJ">
      <Text>[COLOR:240:240:140:255]과달카날[COLOR_XX]의</Text>
    </Row>
    <Row Tag="TXT_KEY_POLYNESIAN_SCENARIO_CITYSTATE_KIRIBATI">
      <Text>키리바시</Text>
      	<Plurality>2</Plurality>
    </Row>
    <Row Tag="TXT_KEY_POLYNESIAN_SCENARIO_CITYSTATE_KIRIBATI_ADJ">
      <Text>[COLOR:240:240:140:255]키리바시[COLOR_XX]의</Text>
    </Row>
    <Row Tag="TXT_KEY_POLYNESIAN_SCENARIO_CITYSTATE_MAJURO">
      <Text>마주로</Text>
      	<Plurality>2</Plurality>
    </Row>
    <Row Tag="TXT_KEY_POLYNESIAN_SCENARIO_CITYSTATE_MAJURO_ADJ">
      <Text>[COLOR:240:240:140:255]마주로[COLOR_XX]의</Text>
    </Row>
    <Row Tag="TXT_KEY_POLYNESIAN_SCENARIO_CITYSTATE_NAURU">
      <Text>나우루</Text>
      	<Plurality>2</Plurality>
    </Row>
    <Row Tag="TXT_KEY_POLYNESIAN_SCENARIO_CITYSTATE_NAURU_ADJ">
      <Text>[COLOR:240:240:140:255]나우루[COLOR_XX]의</Text>
    </Row>
    <Row Tag="TXT_KEY_POLYNESIAN_SCENARIO_CITYSTATE_NENDO">
      <Text>넨도</Text>
      	<Plurality>2</Plurality>
    </Row>
    <Row Tag="TXT_KEY_POLYNESIAN_SCENARIO_CITYSTATE_NENDO_ADJ">
      <Text>[COLOR:240:240:140:255]넨도[COLOR_XX]의</Text>
    </Row>
    <Row Tag="TXT_KEY_POLYNESIAN_SCENARIO_CITYSTATE_POHNPEI">
      <Text>폰페이</Text>
      	<Plurality>2</Plurality>
    </Row>
    <Row Tag="TXT_KEY_POLYNESIAN_SCENARIO_CITYSTATE_POHNPEI_ADJ">
      <Text>[COLOR:240:240:140:255]폰페이[COLOR_XX]의</Text>
    </Row>
    <Row Tag="TXT_KEY_POLYNESIAN_SCENARIO_CITYSTATE_VANUATU">
      <Text>바누아투</Text>
      	<Plurality>2</Plurality>
    </Row>
    <Row Tag="TXT_KEY_POLYNESIAN_SCENARIO_CITYSTATE_VANUATU_ADJ">
      <Text>[COLOR:240:240:140:255]바누아투[COLOR_XX]의</Text>
    </Row>
  </Language_KO_KR>
</GameData>