﻿<?xml version="1.0" encoding="utf-8"?>
<!--Generated with LocalizationBuddy.-->
<!--Copyright Firaxis Games 2010-->
<!--All Rights Reserved-->
<GameData>
  <Language_KO_KR>
    <Row Tag="TXT_KEY_POLYNESIAN_SCENARIO_CIV_AZTEC_ADJECTIVE">
      <Text>[COLOR:255:60:40:255]통가[COLOR_XX]의</Text>
    </Row>
    <Row Tag="TXT_KEY_POLYNESIAN_SCENARIO_CIV_AZTEC_DESC">
      <Text>통가 제국</Text>
    </Row>
    <Row Tag="TXT_KEY_POLYNESIAN_SCENARIO_CIV_AZTEC_SHORT_DESC">
      <Text>[COLOR:255:60:40:255]통가[COLOR_XX]</Text>
		<Plurality>2</Plurality>
    </Row>
    <Row Tag="TXT_KEY_POLYNESIAN_SCENARIO_CIV_INDIA_ADJECTIVE">
      <Text>[COLOR:60:110:220:255]사모아[COLOR_XX]의</Text>
    </Row>
    <Row Tag="TXT_KEY_POLYNESIAN_SCENARIO_CIV_INDIA_DESC">
      <Text>사모아 제국</Text>
    </Row>
    <Row Tag="TXT_KEY_POLYNESIAN_SCENARIO_CIV_INDIA_SHORT_DESC">
      <Text>[COLOR:60:110:220:255]사모아[COLOR_XX]</Text>
		<Plurality>2</Plurality>
    </Row>
    <Row Tag="TXT_KEY_POLYNESIAN_SCENARIO_CIV_IROQUOIS_ADJECTIVE">
      <Text>[COLOR:100:100:255:255]타히티[COLOR_XX]의</Text>
    </Row>
    <Row Tag="TXT_KEY_POLYNESIAN_SCENARIO_CIV_IROQUOIS_DESC">
      <Text>타히티 제국</Text>
    </Row>
    <Row Tag="TXT_KEY_POLYNESIAN_SCENARIO_CIV_IROQUOIS_SHORT_DESC">
      <Text>[COLOR:100:100:255:255]타히티[COLOR_XX]</Text>
		<Plurality>2</Plurality>
    </Row>
    <Row Tag="TXT_KEY_POLYNESIAN_SCENARIO_CIV_POLYNESIA_ADJECTIVE">
      <Text>[COLOR:255:150:50:255]히바[COLOR_XX]의</Text>
    </Row>
    <Row Tag="TXT_KEY_POLYNESIAN_SCENARIO_CIV_POLYNESIA_DESC">
      <Text>히바 제국</Text>
    </Row>
    <Row Tag="TXT_KEY_POLYNESIAN_SCENARIO_CIV_POLYNESIA_SHORT_DESC">
      <Text>[COLOR:255:150:50:255]히바[COLOR_XX]</Text>
		<Plurality>2</Plurality>
    </Row>
  </Language_KO_KR>
</GameData>