﻿<?xml version="1.0" encoding="utf-8"?>
<!--Sid Meier's Civilization V -->
<!--Copyright Firaxis Games 2010 -->
<!--File created by Paul Murphy-->
<GameData>
	<Language_KO_KR>
		<Row Tag="TXT_KEY_LEADER_ALEXANDER">
			<Text>알렉산드로스</Text>
			<Plurality>2</Plurality>
		</Row>
		<Row Tag="TXT_KEY_LEADER_ASKIA">
			<Text>아스키아</Text>
				<Plurality>2</Plurality>
		</Row>
		<Row Tag="TXT_KEY_LEADER_AUGUSTUS">
			<Text>아우구스투스</Text>
				<Plurality>2</Plurality>
		</Row>
		<Row Tag="TXT_KEY_LEADER_BARBARIAN">
			<Text>야만족 우두머리</Text>
				<Plurality>2</Plurality>
		</Row>
		<Row Tag="TXT_KEY_LEADER_BISMARCK">
			<Text>비스마르크</Text>
				<Plurality>2</Plurality>
		</Row>
		<Row Tag="TXT_KEY_LEADER_CATHERINE">
			<Text>예카테리나 2세</Text>
				<Plurality>2</Plurality>
		</Row>
		<Row Tag="TXT_KEY_LEADER_DARIUS">
			<Text>다리우스 1세</Text>
				<Plurality>2</Plurality>
		</Row>
		<Row Tag="TXT_KEY_LEADER_ELIZABETH">
			<Text>엘리자베스</Text>
			<Plurality>2</Plurality>
		</Row>
		<Row Tag="TXT_KEY_LEADER_GANDHI">
			<Text>간디</Text>
				<Plurality>2</Plurality>
		</Row>
		<Row Tag="TXT_KEY_LEADER_HARUN">
			<Text>하룬 알 라시드</Text>
				<Plurality>2</Plurality>
		</Row>
		<Row Tag="TXT_KEY_LEADER_HIAWATHA">
			<Text>히아와타</Text>
			<Plurality>2</Plurality>
		</Row>
		<Row Tag="TXT_KEY_LEADER_MONTEZUMA">
			<Text>몬테수마</Text>
				<Plurality>2</Plurality>
		</Row>
		<Row Tag="TXT_KEY_LEADER_NAPOLEON">
			<Text>나폴레옹</Text>
		</Row>
		<Row Tag="TXT_KEY_LEADER_ODA_NOBUNAGA">
			<Text>오다 노부나가</Text>
				<Plurality>2</Plurality>
		</Row>
		<Row Tag="TXT_KEY_LEADER_RAMESSES">
			<Text>람세스 2세</Text>
				<Plurality>2</Plurality>
		</Row>
		<Row Tag="TXT_KEY_LEADER_RAMKHAMHAENG">
			<Text>람캄행</Text>
		</Row>
		<Row Tag="TXT_KEY_LEADER_SULEIMAN">
			<Text>술레이만</Text>
		</Row>
		<Row Tag="TXT_KEY_LEADER_WASHINGTON">
			<Text>워싱턴</Text>
		</Row>
		<Row Tag="TXT_KEY_LEADER_WU_ZETIAN">
			<Text>측천무후</Text>
				<Plurality>2</Plurality>
		</Row>
	</Language_KO_KR>
</GameData>