<?xml version="1.0" encoding="utf-8"?>
<!-- edited with XMLSPY v2004 rel. 2 U (http://www.xmlspy.com) by Ed Beach (Firaxis Games) -->
<!-- Sid Meier's Civilization V -->
<!-- Copyright Firaxis Games 2010 -->
<!-- -->
<!-- Game Text Objects -->
<GameData>
	<Language_KO_KR>
		<Row Tag="TXT_KEY_UNIT_MONGOL_TATARS">
			<Text>타타르</Text>
			<Plurality>2</Plurality>
		</Row>
		<Row Tag="TXT_KEY_UNIT_MONGOL_KEREIT">
			<Text>케레이트</Text>
			<Plurality>2</Plurality>
		</Row>
		<Row Tag="TXT_KEY_UNIT_MONGOL_MERKITS">
			<Text>메르키트</Text>
			<Plurality>2</Plurality>
		</Row>
		<Row Tag="TXT_KEY_UNIT_MONGOL_NAIMANS">
			<Text>나이만</Text>
		</Row>
		<Row Tag="TXT_KEY_UNIT_MONGOL_MONGOLS">
			<Text>몽골</Text>
		</Row>
		<Row Tag="TXT_KEY_UNIT_MONGOL_GENGHIS">
			<Text>칭기즈</Text>
			<Plurality>2</Plurality>
		</Row>
	</Language_KO_KR>
</GameData>
