<?xml version="1.0" encoding="utf-8"?>
<!-- edited with XMLSPY v2004 rel. 2 U (http://www.xmlspy.com) by Ed Beach (Firaxis Games) -->
<GameData>
	<Language_KO_KR>
		<Row Tag="TXT_KEY_MONGOL_SCENARIO_CIV_SIAM_ADJECTIVE">
			<Text>[COLOR:255:160:50:255]금[COLOR_XX]의</Text>
		</Row>
		<Row Tag="TXT_KEY_MONGOL_SCENARIO_CIV_SIAM_DESC">
			<Text>금 제국</Text>
		</Row>
		<Row Tag="TXT_KEY_MONGOL_SCENARIO_CIV_SIAM_SHORT_DESC">
			<Text>[COLOR:255:160:50:255]금[COLOR_XX]</Text>
		</Row>
		<Row Tag="TXT_KEY_MONGOL_SCENARIO_CIV_GREECE_ADJECTIVE">
			<Text>[COLOR:255:100:100:255]비잔티움[COLOR_XX]의</Text>
		</Row>
		<Row Tag="TXT_KEY_MONGOL_SCENARIO_CIV_GREECE_DESC">
			<Text>비잔티움 제국</Text>
		</Row>
		<Row Tag="TXT_KEY_MONGOL_SCENARIO_CIV_GREECE_SHORT_DESC">
			<Text>[COLOR:255:100:100:255]비잔티움[COLOR_XX]</Text>
		</Row>
	</Language_KO_KR>
</GameData>