﻿<?xml version="1.0" encoding="utf-8"?>
<!-- edited with XMLSPY v2004 rel. 2 U (http://www.xmlspy.com) by Ed Beach (Firaxis Games) -->
<GameData>
	<Language_KO_KR>
		<Row Tag="TXT_KEY_CIV_MONGOL_ADJECTIVE">
			<Text>[COLOR:170:100:0:255]몽골[COLOR_XX]의</Text>
		</Row>
		<Row Tag="TXT_KEY_CIV_MONGOL_DESC">
			<Text>몽골 제국</Text>
		</Row>
		<Row Tag="TXT_KEY_CIV_MONGOL_SHORT_DESC">
			<Text>[COLOR:170:100:0:255]몽골[COLOR_XX]</Text>
		</Row>
	</Language_KO_KR>
</GameData>