<?xml version="1.0" encoding="utf-8"?>
<!-- edited with XMLSPY v2004 rel. 2 U (http://www.xmlspy.com) by Ed Beach (Firaxis Games) -->
<!-- Sid Meier's Civilization V -->
<!-- Copyright Firaxis Games 2010 -->
<!-- -->
<!-- Game Text Objects -->
<GameData>
	<Language_KO_KR>
		<Row Tag="TXT_KEY_UNIT_MONGOL_KESHIK">
			<Text>케식</Text>
		</Row>
		<Row Tag="TXT_KEY_UNIT_MONGOL_KHAN">
			<Text>칸</Text>
		</Row>
		<Row Tag="TXT_KEY_MONGOLIAN_KHAN_GENGHIS">
			<Text>칭기즈</Text>
			<Plurality>2</Plurality>
		</Row>
		<Row Tag="TXT_KEY_MONGOLIAN_KHAN_BATU">
			<Text>바투</Text>
			<Plurality>2</Plurality>
		</Row>
		<Row Tag="TXT_KEY_MONGOLIAN_KHAN_OGEDEI">
			<Text>오고타이</Text>
			<Plurality>2</Plurality>
		</Row>
		<Row Tag="TXT_KEY_MONGOLIAN_KHAN_GUYUK">
			<Text>귀위크</Text>
			<Plurality>2</Plurality>
		</Row>
		<Row Tag="TXT_KEY_MONGOLIAN_KHAN_MONGKE">
			<Text>뭉케</Text>
			<Plurality>2</Plurality>
		</Row>
		<Row Tag="TXT_KEY_MONGOLIAN_KHAN_KUBLAI">
			<Text>쿠빌라이</Text>
			<Plurality>2</Plurality>
		</Row>
		<Row Tag="TXT_KEY_MONGOLIAN_KHAN_HULEGU">
			<Text>훌라구</Text>
			<Plurality>2</Plurality>
		</Row>
		<Row Tag="TXT_KEY_MONGOLIAN_KHAN_BERKE">
			<Text>베르케</Text>
			<Plurality>2</Plurality>
		</Row>
		<Row Tag="TXT_KEY_MONGOLIAN_KHAN_MONGKE_TEMUR">
			<Text>몽케티무르</Text>
			<Plurality>2</Plurality>
		</Row>
		<Row Tag="TXT_KEY_MONGOLIAN_KHAN_TEMUR_KHAGAN">
			<Text>티무르칸</Text>
		</Row>
		<Row Tag="TXT_KEY_PROMOTION_MEDIC_GENERAL">
			<Text>회복 강화</Text>>
		    <Plurality>2</Plurality>
		</Row>
        <Row Tag="TXT_KEY_PROMOTION_MEDIC_GENERAL_HELP">
			<Text>이 유닛을 포함한 인근 타일에 있는 다른 모든 유닛이 매 턴 [COLOR:0:255:0:255]15[COLOR_XX]씩 체력을 추가 회복합니다.</Text>
		</Row>
		<Row Tag="TXT_KEY_PROMOTION_GAIN_EXPERIENCE">
			<Text>빠른 이해력</Text>
		</Row>
		<Row Tag="TXT_KEY_PROMOTION_GAIN_EXPERIENCE_HELP">
			<Text>승급을 위해 경험치 얻는 속도가 [COLOR:0:255:0:255]50%[COLOR_XX] 더 빨라집니다.</Text>
		</Row>
	</Language_KO_KR>
</GameData>
