<?xml version="1.0" encoding="utf-8"?>
<GameData>
	<!-- LocBuddy does not yet handle DLC scenarios so for now add the scenario text to the DLC package.-->
	<Language_KO_KR>
		<Row Tag="TXT_KEY_MONGOL_SCENARIO_TITLE">
			<Text>몽골의 비상</Text>
		</Row>
		<Row Tag="TXT_KEY_MONGOL_SCENARIO_DESC">
			<Text>[NEWLINE]칭기즈칸과 함께하는 그의 몽골 기병으로 끝없는 거대한 제국의 건설을 위해 앞으로 나아가십시오.</Text>
		</Row>
		<Row Tag="TXT_KEY_MONGOL_SCENARIO_CIVSALIVE">
			<Text>주요 문명 파괴: {1_CivsRemaining}[NEWLINE]남은 턴: {2_TurnsRemaining}</Text>
		</Row>
		<Row Tag="TXT_KEY_MONGOL_SCENARIO_BRIEFING">
			<Text>브리핑</Text>
		</Row>
		<Row Tag="TXT_KEY_MONGOL_SCENARIO_MARITIME_FALLEN">
			<Text>해양 도시국가 하나가 우리 몽골의 손에 무너졌습니다. 이들은 목숨을 구걸하며 우리에게 [COLOR_POSITIVE_TEXT]{1_NumGold}[COLOR_XX] [ICON_GOLD]골드를 받쳤습니다.</Text>
		</Row>
		<Row Tag="TXT_KEY_MONGOL_SCENARIO_CULTURED_FALLEN">
			<Text>문화 도시국가 하나가 우리 몽골의 손에 무너졌습니다. 이들이 시행하던 새롭고 효율적인 정책을 알게되었습니다. 위대한 칸이시여, 이 새로운 정책을 시행하십시오.</Text>
		</Row>
		<Row Tag="TXT_KEY_MONGOL_SCENARIO_MAJOR_FALLEN">
			<Text>오 위대하신 칸 만세! 강대했던 문명 중 하나가 우리 몽골 기병에 말발굽아래 쓰러졌습니다. 그들의 마지막 도시에서 [COLOR_POSITIVE_TEXT]{1_NumGold}[COLOR_XX] [ICON_GOLD]골드에 달하는 부와 놀라운 지식을 손에 넣었습니다. 위대한 칸이시여, 몽골제국에 이 새로운 지식을 적용하십시오.</Text>
        	</Row>
		<Row Tag="TXT_KEY_MONGOL_SCENARIO_MAJOR_FALLEN_TO_ALLY">
			<Text>다른 세력으로부터 약간의 도움을 받아, 또 다른 주요 문명을 정복했습니다. 우리는 그들로부터 막대한 재산인 [COLOR_POSITIVE_TEXT]{1_NumGold}[COLOR_XX] [ICON_GOLD]골드를 강탈했습니다.</Text>
        	</Row>
		<Row Tag="TXT_KEY_MONGOL_SCENARIO_ALMATY_FALLEN">
			<Text>알마티가 우리 몽골의 손에 떨어졌습니다. 이 도시에서 [COLOR_POSITIVE_TEXT]{1_NumUnits}명[COLOR_XX]의 기마병을 징병하였습니다. 위대한 칸이시여, 이들은 카라코람 근처에서 찾을 수 있습니다.</Text>
		</Row>
		<Row Tag="TXT_KEY_MONGOL_SCENARIO_DALI_FALLEN">
			<Text>대리가 우리 몽골의 통제하에 들어왔습니다. 이 국가에서 쓸만한 장창병 [COLOR_POSITIVE_TEXT]{1_NumUnits}명[COLOR_XX]을 찾아내 우리군에 합류시켰습니다. 위대한 칸이시여, 이들은 카라코람 근처에서 찾을 수 있습니다.</Text>
		</Row>
		<Row Tag="TXT_KEY_MONGOL_SCENARIO_KOREA_FALLEN">
			<Text>고려가 우리 몽골의 손에 떨어졌습니다. 이 국가의 석궁병 [COLOR_POSITIVE_TEXT]{1_NumUnits}명[COLOR_XX]이 매우 뛰어나 우리군에 편입시켰습니다. 위대한 칸이시여, 이들은 카라코람 근처에서 찾을 수 있습니다.</Text>
		</Row>
		<Row Tag="TXT_KEY_MONGOL_SCENARIO_XIA_FALLEN">
			<Text>서하가 우리 몽골의 손에 들어왔습니다. 이 도시에서 [COLOR_POSITIVE_TEXT]{1_NumUnits}명[COLOR_XX]의 기마병을 징병하였습니다. 위대한 칸이시여, 이들은 카라코람 근처에서 찾을 수 있습니다.[NEWLINE][NEWLINE]무역 수입을 얻기 위해 당신의 [ICON_CAPITAL]수도와 이 도시를 도로로 연결하십시오. 또한, [ICON_CITIZEN]시민의 [ICON_HAPPINESS_1]행복을 유지하기 위해 비교적 힘이 약한 부대는 도시에 주둔시킬 수도 있습니다.</Text>
		</Row>
		<Row Tag="TXT_KEY_MONGOL_SCENARIO_FREE_TECH">
			<Text>주요 문명 점령에 따른 무료기술</Text>
		</Row>

		<Row Tag="TXT_KEY_MONGOL_SCENARIO_CIV5_DAWN_MONGOLIA_TEXT">
			<Text>
				시나리오 설명[NEWLINE]위대하고 강대한 칸이시여, 새로운 중앙아시아 고원 통일 부족의 지배자 시여! 당신은 당신의 땅에서 메르키트, 나이만, 케라이트, 타타르의 각 부족의 전사들과 정예인 케식 부대를 데려왔습니다. 이제 이 5 부족의 전사들로 유라시아에 몽골의 멍에를 씌울 그때입니다. 하지만, 쉬운일이라고 생각지 마십시오. 당신은 당신을 따르는 이 부족민들을 만족하게 해야 할 것입니다. 그들은 오직 적절한 약탈전쟁이 이루어져야만 야사법전에 충실할 것입니다. 그러기 위해선 시간을 낭비할 수 없습니다. 여행을 시작하십시오. 그리고 정복을 시작합시다.[NEWLINE][NEWLINE]승리 조건[NEWLINE]4개 또는 주요 문명을 100턴 이전에 점령하는 것입니다. (왕자 난이도 이상이면 4개 이상을 정복해야 합니다.) 할당된 시간보다 늦장을 부린다면 인내심에 한계에 이른 부족 내의 분란으로 강대한 제국은 흩어져 무너져내릴 것입니다.[NEWLINE][NEWLINE]특별 규칙[NEWLINE]전쟁을 계속 지속시키기 위한 필요한 막대한 부를 점령을 통해서 약탈할 수 있습니다. 예를 들어 군사 도시국가에서는 군대를 문화 도시국가에서는 무료 정책을 얻을 수 있습니다. 해양 도시국가를 정복한다면 막대한 금을 얻을 수 있습니다. 무엇보다도 문명을 정복한다면 무료기술과 큰 부를 얻을 수 있습니다!
			</Text>
		</Row>
		<Row Tag="TXT_KEY_MONGOL_SCENARIO_LEADER_RAMKHAMHAENG_FIRSTGREETING_1">
			<Text>환영하오. 북중국의 이방인이여. 나는 장종이라고 하오. 이렇게 만나게 되어 영광이오.</Text>
		</Row>
		<Row Tag="TXT_KEY_MONGOL_SCENARIO_LEADER_RAMKHAMHAENG_FIRSTGREETING_2">
			<Text>이렇게 만나게 되어 영광이오. 북중국 금나라의 장종이라고 하오.</Text>
		</Row>
		<Row Tag="TXT_KEY_MONGOL_SCENARIO_LEADER_RAMKHAMHAENG_FIRSTGREETING_3">
			<Text>반갑소. 나는 금의 황제 장종이라고 하오. 북중국의 모두를 대표해 이렇게 만나게 되어 영광이오.</Text>
		</Row>
		<Row Tag="TXT_KEY_MONGOL_SCENARIO_LEADER_ALEXANDER_FIRSTGREETING_1">
			<Text>난 비잔틴 제국의 통치자 미카일 8세라네. 확고한 동맹이냐, 걸맞은 적이 될 것인지 표현해 주었으면 하오!</Text>
		</Row>
		<Row Tag="TXT_KEY_MONGOL_SCENARIO_LEADER_ALEXANDER_FIRSTGREETING_2">
			<Text>오 이렇게 만났군! 나는 비잔틴의 지배자 미카일 8세 팔라이올로고스라고 하오. 우리 땅을 조금이라도 넘보면 4번째 성전을 볼 수가 있을 것이야!</Text>
		</Row>
		<Row Tag="TXT_KEY_MONGOL_SCENARIO_LEADER_ALEXANDER_FIRSTGREETING_3">
			<Text>반갑군, 이방인이여! 나는 비잔틴 제국의 미카일 8세라고 하오. 우리의 땅에 온 것을 환영하오. 4번째 십자군을 통해 최근에 회복된 곳이지!</Text>
		</Row>
		<Row Tag="TXT_KEY_MONGOL_SCENARIO_CIV5_UIGHUR_TEXT">
			<Text>742년경으로 시작된 위구르의 황금 시기의 제국은 8세기 늦게까지 확장되었습니다. 그러나 막 시작된 제국은 키르기스에 의해서 840년 점령되었습니다. 그리고 위구르는 간수, 투르판, 카락하니즈 3 왕국으로 분열되었습니다. 이 시나리오에서는 위구르의 투르판을 다루고 있고 몽골 침략시기인 1389년경에 매우 성공한 왕국이었습니다. 몽골은 결국 그들을 속국으로 만들고 그들의 기록 체계를 도입했습니다.</Text>
		</Row>
		<Row Tag="TXT_KEY_MONGOL_SCENARIO_CIV5_GEORGIA_TEXT">
			<Text>이곳은 석기시대부터 11세기에 바그라트 5세에 의해서 통일될 때까지 분리되어 살아왔습니다. 통일된 새로운 그루지야 왕국은 매우 빠르게 번영했고 한 세기 만에 전성기에 도달했습니다. 그리고 이 그루지야의 황금 시기는 몽골의 침략에 1236년 무너져내렸고 결국 15세기에 왕국은 완전히 멸망했습니다.</Text>
		</Row>
		<Row Tag="TXT_KEY_MONGOL_SCENARIO_CIV5_HUNGARY_TEXT">
			<Text>서기 895년경의 헝가리는 유럽에서 매우 오래된 국가였습니다. 백년왕국은 수많은 외적을 물리쳐 부를 지켰고 이 당시 헝가리 왕의 수입은 영국 군주의 수입의 2배가 넘었습니다. 1217년 왕은 왕실 군대를 이끌고 홀리랜드로의 5번째 십자군 전쟁에 참가했습니다. 그러나, 이 강력한 군대로도 몽골의 유럽 침략을 막을 순 없었습니다. 1241년 몽골은 헝가리를 공격해 거의 백만 가까이 되는 헝가리 인구의 절반을 무참히 죽였습니다. 헝가리의 왕 벨라 4세는 국경에 수백 개의 요새를 건설하고 군대를 주둔시켰지만, 그때는 이미 큰 피해를 본 이후였습니다.</Text>
		</Row>
		<Row Tag="TXT_KEY_MONGOL_SCENARIO_CIV5_DAI_VIET_TEXT">
			<Text>다이비엣의 황금 시기는 서기 1009년 이왕조에 의해 시작되었습니다. 이때 국가의 틀이 갖추어지기 시작했고 경제 건설과 문명 프로젝트가 이루어졌습니다. 변경의 이 보석 같은 가치를 가진 곳을 몽골은 1257년, 1284년, 그리고1288년에 침략했지만 전부 실패했습니다. 다이비엣은 이시기에 강대했던 몽골 군대에 유린당한 다른 국가들과는 달리 그들 국가의 독립을 지켜냈습니다.</Text>
		</Row>
		<Row Tag="TXT_KEY_MONGOL_SCENARIO_CIV5_DALI_TEXT">
			<Text>현대 중국 운남에 위치한 이곳은 작은 왕조들의 혼란과 소용돌이 끝에 서기 930년에는 다리 왕국이 세워졌습니다. 왕국은 몇몇 이들에 의해 골짜기의 보호라 불리는 자연적인 방어 지형에 있었습니다. 몽골의 침략이 계속되었지만, 이 천혜의 요새에 막혀 성공하지 못했습니다. 그러던 중 결국 몽골의 배반자로부터 이 난공불락의 요새를 우회할 수 있는 비밀 통로를 알게 됐고 1253년 침략을 통해서 결국 1274년 운남주로 만들 수 있었습니다.</Text>
		</Row>
		<Row Tag="TXT_KEY_MONGOL_SCENARIO_CIV5_ABBASIDS_TEXT">
			<Text>세 번째 이슬람 칼리프이자, 아바시드 왕조에 의해서 바그다드를 수도로 하는 왕국이 지배되고 있었습니다. 칼리프는 서기 750년경의 예언자 무하마드로부터 세습되었고 몇백 년 동안 번영했습니다. 아비시드 왕조는 계속해서 몇 세기 간 권력을 잡았지만, 그 지역은 시간에 감에 따라 점차 줄어들었습니다. 1258년 몽골의 바그다드를 침공했고 아비시드로부터 정치적인 권력을 없애고 아바시드의 칼리프에게는 오직 조금의 종교적인 권위만을 지배할 수 있도록 남겨두었습니다.</Text>
		</Row>
		<Row Tag="TXT_KEY_MONGOL_SCENARIO_CIV5_CRUSADERS_TEXT">
			<Text>서부 유럽의 성스러운 땅으로의 십자군 중에 몇 작은 봉건 지역이 서기 12세기에서 13세기경에 만들어졌습니다. 처음 4개의 십자군 지역이 지중해의 동부해안을 따라 라반지역의 만들어졌다. 3번째의 십자군 도중 크리스찬 군대로 이루어진 라이온하트의 키프로스 왕국이 세워졌습니다. 몽골은 이 십자군 지역에 대한 어떤 공식적인 공격도 하지 않았습니다. 그리고 대부분은 16세기 오스만의 침공 전까지 생존했습니다.</Text>
		</Row>
		<Row Tag="TXT_KEY_MONGOL_SCENARIO_CIV5_WESTERN_XIA_TEXT">
			<Text>1038년경은 서안 왕조 또는 탄구트 제국은 스스로 황제라 칭하는 탄구트 부족장의 다샤강 지역이었습니다. 오래지 않아 몽골 칭기즈칸에 의한 거대한 파괴로 고통받았습니다. 22년에 걸친 6방향의 거대한 침략. 칭기즈칸은 마지막 원정에서 사망했으며 격분한 군대에 수도가 1227년 함락당했습니다. 건물은 파괴되고 황제는 살해됐으며 그 과정에서 수만 명의 사람들이 죽게 됐습니다.</Text>
		</Row>
		<Row Tag="TXT_KEY_MONGOL_SCENARIO_CIV5_KOREA_TEXT">
			<Text>몽골 제국 시기에 한반도는 914년 이후 자리 잡은 고려 왕조에 의해서 통치되고 있었습니다. 전성기 동안 법을 집대성하고, 내정 체계를 창안했으며 이를 통해서 세계 최초의 금속활자를 만드는 큰 문화적 업적을 이루었습니다. 그러나 1230년경 시작된 몇십 년에 걸친 몽골 군대에 침략을 받았습니다. 1259년 평화 조약을 요구했고 몽골과 한반도 사이의 분쟁은 막이 내렸습니다. 고려는 거대한 몽골 제국에 통합되는 대신 스스로 통치하는 것을 허락받았습니다.</Text>
		</Row>
		<Row Tag="TXT_KEY_MONGOL_SCENARIO_CIV5_SIAM">
			<Text>금</Text>
		</Row>
		<Row Tag="TXT_KEY_MONGOL_SCENARIO_CIV5_SIAM_HEADING_1">
			<Text>역사</Text>
		</Row>
		<Row Tag="TXT_KEY_MONGOL_SCENARIO_CIV5_SIAM_TEXT_1">
			<Text>금나라(여진으로도 알려짐)는 기원후 1115년에 역사적으로 만주라고 알려진 중국 북부 지역에 세워졌습니다. 여진족은 이 지역에서 거주하던 말갈족의 후손으로 주로 사냥과 채집을 통해서 생계를 꾸렸으며 요조의 속국이었습니다. 여진족은 완얀족의 지도자인 완얀 아구다가 이끄는 연방으로 편입됐으며 이후 신속하게 요조와 중국 북부 대부분을 정복했습니다. 완얀은 자신의 새로운 왕조를 "황금"이라는 의미의 "금"으로 불렀습니다.[NEWLINE][NEWLINE]여진족은 몽골과 마찬가지로 그들의 위협적인 기마병으로 잘 알려졌었고 이들은 부족의 전통적인 사냥을 통해서 자연스레 이런 뛰어난 기마술을 익혔다고 합니다. 송나라의 도움으로 요조를 무너뜨린 여진족은 이후 송나라의 영토를 침략했고 이 때문에 송과 20년간 전쟁을 치러야 했습니다. 두 제국은 1141년에 회하강을 경계로 설정하는 소흥 조약을 체결한 후 전쟁을 중단했습니다.[NEWLINE][NEWLINE]절정기의 금나라는 인구가 3천만 명이 넘었으며 중국의 북부 전역을 차지했습니다. 그렇지만 칭기즈칸의 부흥과 더불어 인근 몽골족들은 새로운 지도자의 통치하에 놓이게 되었고 얼마후 몽골은 금 나라를 포함한 전설적인 아시아 정복에 나섰습니다. 칭기즈칸이 사망한 1227년 무렵, 금 나라의 병력 대부분은 몽골군에 무릎을 꿇었습니다. 그러나 금 나라의 용맹한 전사들은 칭기즈칸이 사망한 후 7년간 몽골의 지배를 막아냈습니다. 하지만, 결국 1234년, 이들은 몽골군에 굴복하고 말았습니다.
			</Text>
		</Row>
		<Row Tag="TXT_KEY_MONGOL_SCENARIO_CIV5_GREECE">
			<Text>비잔티움</Text>
		</Row>
		<Row Tag="TXT_KEY_MONGOL_SCENARIO_CIV5_GREECE_HEADING_1">
			<Text>역사</Text>
		</Row>
		<Row Tag="TXT_KEY_MONGOL_SCENARIO_CIV5_GREECE_TEXT_1">
			<Text>그리스 식민지 주민 비자스가 기원전 667년에 세운 고대 그리스 도시 비잔티움은 두 제국의 권좌를 받쳐출 숙명을 가지고 태어났습니다. 비잔티움의 초기 역사는 그리스 신화와 맞물려 있지만, 역사가들은 이곳의 거주민들이 에게 해를 건너온 후 그리스 도시 메가라에서 이곳으로 이주해온 것이라고 확신합니다.[NEWLINE][NEWLINE]유럽과 아시아를 잊는 교역로 인근에 전략적으로 위치한 비잔티움은 재빠르게 그 규모가 커졌으며 번창해 나갔습니다. 기원후 324년, 로마의 황제 콘스탄틴이 비잔티움을 로마의 형상을 본떠 재건하기로 하고 동로마 제국(현재의 비잔티움 제국)의 새로운 수도로 만들었습니다. 이때부터 이곳은 콘스탄티노플이라고 알려졌으며 1000년 후 멸망할 때까지 비잔티움 제국의 수도로 남아 있었습니다.[NEWLINE][NEWLINE]오스만 제국은 1453년에 콘스탄티노플을 점령하였고 이는 비잔티움 제국의 종말을 알리는 사건이었습니다. 그렇지만 오스만의 통치자 메메드 2세는 이곳을 오스만 제국의 새로운 수도로 천명하고 콘스탄티노플의 역사를 이어나갔습니다. 터키인에게는 "이스탄불"로 알려졌지만, 공식적으로 1930년까지 도시의 이름은 변경되지 않았습니다.[NEWLINE][NEWLINE]비잔티움에서 콘스탄티노플까지 그리고 또 이스탄불까지, 그리스의 소규모 식민지로 출발한 이 도시는 세계에서 가장 크고 가장 번성한 도시로 성장했습니다. 현대의 이스탄불은 인구가 13백 만에 달하는 "메가시티"(인구 100만 이상의 도시)로 터키에서 가장 큰 도시입니다. 이스탄불은 유네스코의 세계 유산으로 지정됐으며 매년 열리는 광범위하고 다양한 사회적, 문화적 행사 등을 통해 과거의 전통을 계승해 나가고 있습니다.
			</Text>
		</Row>
		<Row Tag="TXT_KEY_MONGOL_SCENARIO_CIVILOPEDIA_LEADERS_RAMKHAMHAENG_NAME">
			<Text>장종</Text>
		</Row>
		<Row Tag="TXT_KEY_MONGOL_SCENARIO_CIVILOPEDIA_LEADERS_RAMKHAMHAENG_SUBTITLE">
			<Text>금 왕조의 지도자</Text>
		</Row>
		<Row Tag="TXT_KEY_MONGOL_SCENARIO_CIVILOPEDIA_LEADERS_RAMKHAMHAENG_LIVED">
			<Text>서기 1168 - 1208</Text>
		</Row>
		<Row Tag="TXT_KEY_MONGOL_SCENARIO_CIVILOPEDIA_LEADERS_ALEXANDER_NAME">
			<Text>미카일 8세</Text>
		</Row>
		<Row Tag="TXT_KEY_MONGOL_SCENARIO_CIVILOPEDIA_LEADERS_ALEXANDER_SUBTITLE">
			<Text>비잔티움 제국의 지도자</Text>
		</Row>
		<Row Tag="TXT_KEY_MONGOL_SCENARIO_CIVILOPEDIA_LEADERS_ALEXANDER_LIVED">
			<Text>서기 1224 - 1282</Text>
		</Row>
	</Language_KO_KR>
</GameData>
