<?xml version="1.0" encoding="utf-8"?>
<!--Sid Meier's Civilization V -->
<!--Copyright Firaxis Games 2010 -->
<GameData>
  <Language_KO_KR>
	  <Row Tag="TXT_KEY_MONGOL_SCENARIO_CITYSTATE_UIGHUR">
		  <Text>위구르</Text>
		  <Plurality>2</Plurality>
	  </Row>
	  <Row Tag="TXT_KEY_MONGOL_SCENARIO_CITYSTATE_UIGHUR_ADJ">
		  <Text>[COLOR:240:240:140:255]위구르[COLOR_XX]의</Text>
	  </Row>
	  <Row Tag="TXT_KEY_MONGOL_SCENARIO_CITYSTATE_GEORGIA">
		  <Text>그루지야</Text>
		  <Plurality>2</Plurality>
	  </Row>
	  <Row Tag="TXT_KEY_MONGOL_SCENARIO_CITYSTATE_GEORGIA_ADJ">
		  <Text>[COLOR:240:240:140:255]그루지야[COLOR_XX]의</Text>
	  </Row>
	  <Row Tag="TXT_KEY_MONGOL_SCENARIO_CITYSTATE_HUNGARY">
		  <Text>헝가리</Text>
		  <Plurality>2</Plurality>
	  </Row>
	  <Row Tag="TXT_KEY_MONGOL_SCENARIO_CITYSTATE_HUNGARY_ADJ">
		  <Text>[COLOR:240:240:140:255]헝가리[COLOR_XX]의</Text>
	  </Row>
	  <Row Tag="TXT_KEY_MONGOL_SCENARIO_CITYSTATE_DAI_VIET">
		  <Text>다이비엣</Text>
	  </Row>
	  <Row Tag="TXT_KEY_MONGOL_SCENARIO_CITYSTATE_DAI_VIET_ADJ">
		  <Text>[COLOR:240:240:140:255]다이비엣[COLOR_XX]의</Text>
	  </Row>
	  <Row Tag="TXT_KEY_MONGOL_SCENARIO_CITYSTATE_DALI">
		  <Text>대리</Text>
		  <Plurality>2</Plurality>
	  </Row>
	  <Row Tag="TXT_KEY_MONGOL_SCENARIO_CITYSTATE_DALI_ADJ">
		  <Text>[COLOR:240:240:140:255]대리[COLOR_XX]의</Text>
	  </Row>
	  <Row Tag="TXT_KEY_MONGOL_SCENARIO_CITYSTATE_ABBASIDS">
		  <Text>아바시드</Text>
		  <Plurality>2</Plurality>
	  </Row>
	  <Row Tag="TXT_KEY_MONGOL_SCENARIO_CITYSTATE_ABBASIDS_ADJ">
		  <Text>[COLOR:240:240:140:255]아바시드[COLOR_XX]의</Text>
	  </Row>
	  <Row Tag="TXT_KEY_MONGOL_SCENARIO_CITYSTATE_CRUSADERS">
		  <Text>십자군</Text>
	  </Row>
	  <Row Tag="TXT_KEY_MONGOL_SCENARIO_CITYSTATE_CRUSADERS_ADJ">
		  <Text>[COLOR:240:240:140:255]십자군[COLOR_XX]의</Text>
	  </Row>
	  <Row Tag="TXT_KEY_MONGOL_SCENARIO_CITYSTATE_WESTERN_XIA">
		  <Text>서하</Text>
		  <Plurality>2</Plurality>
	  </Row>
	  <Row Tag="TXT_KEY_MONGOL_SCENARIO_CITYSTATE_WESTERN_XIA_ADJ">
		  <Text>[COLOR:240:240:140:255]서하[COLOR_XX]의</Text>
	  </Row>
	  <Row Tag="TXT_KEY_MONGOL_SCENARIO_CITYSTATE_KOREA">
		  <Text>고려</Text>
		  <Plurality>2</Plurality>
	  </Row>
	  <Row Tag="TXT_KEY_MONGOL_SCENARIO_CITYSTATE_KOREA_ADJ">
		  <Text>[COLOR:240:240:140:255]고려[COLOR_XX]의</Text>
	  </Row>  
  </Language_KO_KR>
</GameData>