<?xml version="1.0" encoding="utf-8"?>
<!-- edited with XMLSPY v2004 rel. 2 U (http://www.xmlspy.com) by Ed Beach (Firaxis Games) -->
<!-- edited with Programmer's Notepad 2 by Michelle Menard (Firaxis Games) -->
<!-- Babylon DLC Civilopedia Entries -->
<GameData>
	<Language_KO_KR>
		<Row Tag="TXT_KEY_CIV5_MONGOLIA_TITLE">
			<Text>몽골</Text>
		</Row>
		<Row Tag="TXT_KEY_CIV5_MONGOLIA_HEADING_1">
			<Text>역사</Text>
		</Row>
		<Row Tag="TXT_KEY_CIV5_MONGOLIA_HEADING_2">
			<Text>지리와 기후</Text>
		</Row>
		<Row Tag="TXT_KEY_CIV5_MONGOLIA_HEADING_3">
			<Text>초기 역사</Text>
		</Row>
		<Row Tag="TXT_KEY_CIV5_MONGOLIA_HEADING_4">
			<Text>테무친의 등장</Text>
		</Row>
		<Row Tag="TXT_KEY_CIV5_MONGOLIA_HEADING_5">
			<Text>몽골 제국의 삶</Text>
		</Row>
		<Row Tag="TXT_KEY_CIV5_MONGOLIA_HEADING_6">
			<Text>세계 초강대국</Text>
		</Row>
		<Row Tag="TXT_KEY_CIV5_MONGOLIA_HEADING_7">
			<Text>내전과 시대의 종말</Text>
		</Row>
		<Row Tag="TXT_KEY_CIV5_MONGOLIA_HEADING_8">
			<Text>중국의 지배</Text>
		</Row>
		<Row Tag="TXT_KEY_CIV5_MONGOLIA_HEADING_9">
			<Text>새로운 몽골</Text>
		</Row>
		<Row Tag="TXT_KEY_CIV5_MONGOLIA_HEADING_10">
			<Text>현재와 미래</Text>
		</Row>
		<Row Tag="TXT_KEY_CIV5_MONGOLIA_STATBOX">
			<Text>[NEWLINE]        지도자 : 칭기즈 칸[NEWLINE]        고유 유닛: 몽골 케식[NEWLINE]        고유 유닛: 칸[NEWLINE][NEWLINE]</Text>
		</Row>
		<Row Tag="TXT_KEY_CIV5_MONGOLIA_TEXT_1">
			<Text>몽골 제국은 세계 역사 속에서 가장 거대하고 여러 지역을 거느린 제국으로, 서로는 도나우 강 유역으로부터 동으로는 한국의 동해까지, 북으로는 시베리아에서 남으로는 캄보디아에까지 이어졌습니다. 대략 지구의 육지 면적의 약 22%를 그의 제국 아래에 두었습니다. 이 분열되었던 유목민들의 땅의 작은 부족에 불과했던 몽골은, 고대의 세계를 바꾸었고 이제 그들의 군대는 두려움과 신속함의 상징이 되었습니다.</Text>
		</Row>
		<Row Tag="TXT_KEY_CIV5_MONGOLIA_TEXT_2">
			<Text>동아시아에 펼쳐진 몽골의 지형은 험하면서도 다양한 지형을 가지고 있습니다. 북쪽과 서쪽에는 험준한 산악지대가 펼쳐져 있고 중앙에는 대초원이 펼쳐져 있습니다. 그리고 남쪽에는 고비 사막과 맞닿아 있습니다. 가혹한 기후인데 반해 풍요로운 대초원은 방목에 도움을 줍니다. 여름을 짧고 뜨겁고, 겨울은 길면서도 혹독하고 특히 국토 전반을 뒤덮는 눈보라로(조드라 불린다.) 몰아쳐 모두 방목을 하면서 살고 있지만 일 년의 대부분 기간은 방목할 수 없습니다. 겨울은 기온은 종종 영하 30 이하로 떨어집니다.</Text>
		</Row>
		<Row Tag="TXT_KEY_CIV5_MONGOLIA_TEXT_3">
			<Text>최소 구석기시대로부터 유목민들은 몽골 땅에서 살아왔습니다. 이 부족들은 농부들과 사냥꾼으로 적응했고 건조한 여름과 가혹한 겨울 시기를 피해서 머물러 왔습니다. 그들은 승마와 궁술에 능숙하고 특히 기마 전투에 뛰어났습니다. 가끔 몇 독립적인 부족이 연합했으며, 그런 예로 기원전 209년 흉노족과 같은 연맹을 형성하였습니다. 중국 금나라는 이런 위협에 대항하기 위해서 만리장성을 세웠지만, 몽골인들은 동맹의 해체로 지속적인 힘을 키우지 못했습니다. 몇 세기 동안 많은 부족이 새로운 연합을 만들려 시도했지만, 연합은 외부로부터의 공격과 말, 여자, 목초지에 대한 권리에 대한 말다툼 등으로 짧은 기간만이 존속했습니다.</Text>
		</Row>
		<Row Tag="TXT_KEY_CIV5_MONGOLIA_TEXT_4">
			<Text>매우 혼란스러웠던 격동의 시기, 한 소년이 있었습니다. 그의 이름은 테무친으로 몽골의 한 부족인 보르지긴 부족장의 아들이었습니다. 많은 고락을 통해서 성장하여 그는 매우 강력했던 부족인 메르키트 부족을 패배시켰습니다. 이 승리와 그의 군사를 다스리는 방법과 체계에 (개인적인 약탈을 금지하고 공평하게 전리품을 분배) 인상 깊었던 부족장들은 그를 "칸" 으로 추대한 후 그에게 부족을 다스릴 수 있는 권한을 주었습니다. [NEWLINE][NEWLINE]하지만, 그의 삼촌과 사촌은 그의 칸 등극을 기뻐하지 않고 그의 자리를 노렸습니다. 테무친은 그런 그들을 상대로 1203~1205년, 개인적인 복수를 위한 파괴를 뒤로한 채 반란을 진압하여 그들을 고스란히 수중에 끌어안았습니다. 그 후 그는 전에 시도되지 못했던 몽골 통일을 성공시키고 1206년, 모든 것들의 지배자로서 칭기즈칸의 칭호를 받습니다. 이런 일들을 통해서 몽골 제국은 등장한 것입니다.</Text>
		</Row>
		<Row Tag="TXT_KEY_CIV5_MONGOLIA_TEXT_5">
			<Text>칭기즈칸 하면 보통 그의 군사적 기량과 정복으로 잘 알려져 있습니다. 그러나 그는 또한 제국에 대한 엄격한 규율과 규칙의 유지를 중요시했습니다. 그는 야싸라 불리는 법전을 만들어 모든 제국을 통치했는데, 이를 적용시킴에 귀족과 평민 할 거 없이 모두에게 적용시켰습니다. 야사에선 법을 어겼을 때의 처벌이 매우 강력했고(보통은 사형), 종교의 자유를 보장하고, 공공기물의 파손을 금지하였으며, 모든 정부 관리의 선출은 능력을 기준으로 삼았습니다.(혈통이 아닌). 매우 많고 다양한 사람들에도 불구하고, 몽골 제국은 믿을 수 없을 만큼 잘 다스려졌고 법을 준수하는 한 매우 안전했습니다. 이 칸의 법령을 따르지 않는 도시는 매우 철저히 파괴당했습니다.[NEWLINE][NEWLINE]무역로는 제국의 크기만큼 확장되어, 유럽과 중국까지의 안전한 길을 보장했습니다. 또한, 효율적 얌(역마)이라 불리는 통신 체계가 도입되었습니다. 이 형태는 후에 미국의 포니익스프레스에 이용되었습니다. 길이 닦여지고, 공정한 세금이 부과되었으며, 언어를 기록할 수 있도록 제국 사람들은 교육받았습니다. 칸에 복종하는 한 몽골 제국의 삶은 매우 훌륭했습니다.</Text>
		</Row>
		<Row Tag="TXT_KEY_CIV5_MONGOLIA_TEXT_6">
			<Text>
			 이런 효과적인 정부의 정책과, 강력한 몽골 기마 궁수들을 통해서 국가 너머 국가들을 몽골의 깃발 아래 굴복시켰습니다. 1277년 칭기즈칸이 사망했을 당시의 몽골 제국은 이미 태평양에서 카스피 해까지 확장되어 있었습니다. 로마의 두 배에 달하는 크기의. 그의 후계자들은 약 40년에 걸친 정복 전쟁을 통해서 영토를 확장해 나갔습니다.[NEWLINE][NEWLINE]1258년 몽골 군대는 바그다드를 점령하고, 항복하길 거부한 칼리프(종교제사장+황제쯤 되는 칭호)를 죽였습니다. 이 점령은 지금까지 잠들어 있던 유럽으로의 문을 열었다는데 의미가 있었습니다. 한 작은 원정대가 극서인 우크라이나와 폴란드로 보내졌으나 큰 규모의 군대는 시리아를 넘어가진 않았습니다. 많은 유럽국가는 편지를 보내 칸과 평화적인 관계와 동맹이 되기를 희망했습니다.</Text>
		</Row>
		<Row Tag="TXT_KEY_CIV5_MONGOLIA_TEXT_7">
			<Text>몽골의 멈출 수 없는 확장은 아마 대서양에 이를 때까지 계속되었을지도 모릅니다. 그러나 그 시대의 군림하고 있던 쿠빌라이 칸의 가족이자 서부 장군이었던 쿠빌라이의 아들 훌라구의 죽음으로 이란으로 후퇴할 수밖에 없었습니다. 시리아와 새로운 서부 지역은 빠르게 상실되었습니다.[NEWLINE][NEWLINE]훌라구와 그의 사촌 베르케(동부 장군)가 서로 다른 이의 영역에서의 싸움에서 의심스러운 죽음 때문에 서로의 군대는 의심하고 양분되었습니다. 쿠빌라이 칸은 빠르게 이 내분을 가라앉히고 외부 팽창을 위한 군대를 되돌아오게 했으나 몽골군대의 단결력과 통제는 약해질 수 밖에 없었습니다. 이렇게 제국의 타락을 위한 발판은 놓여졌습니다.[NEWLINE][NEWLINE]칸의 가족과 장군들 간의 많은 국제적 투쟁과 다툼이 백 년 간 이어졌고 제국은 계속 약화되었습니다. 1335년 당시의 칸의 죽음으로, 페르시아 지역은 빠르게 무정부 상태로 빠져들었으며, 흑사병의 발병은 또한 많은 관리를 죽였고, 상업적 연계를 끊어 놓았으며, 수백만 명의 사람이 죽어나갔습니다. 또한, 유언비어들이 퍼져나갔습니다.[NEWLINE][NEWLINE]제국은 서부지역에 대해 빠르게 영향을 상실했고, 뒤따라 1368년 중국을 잃었습니다. 남은 몽골인들은 빠르게 자신의 원래의 몽골 고향 땅으로 돌아갔고, 작은 부족과 유목민으로 돌아갔습니다. 삼십 년의 짧은 기간 동안 제국이 지배하던 세계는 작은 조각들로 축소되었습니다.</Text>
		</Row>
		<Row Tag="TXT_KEY_CIV5_MONGOLIA_TEXT_8">
			<Text>몽골은 1634년 마지막 칸의 죽음과 함께 삼세기 동안 서서히 쇠퇴하고 대부분 부족체계로 돌아갔습니다. 결국, 1691년 부터 1911년에 이르기까지 몽골은 중국에 둘러싸여 지배되게 되었습니다. 이 시간 동안 중국의 말도 안 되는 세금에 대해서 귀족들이 무책임하게 대응함으로 인해 이 땅은 엄청난 가난에 지배되었습니다.</Text>
		</Row>
		<Row Tag="TXT_KEY_CIV5_MONGOLIA_TEXT_9">
			<Text>1911년 쇠퇴한 중국 청나라로부터 몽골은 독립을 선언했으나 오래지 않은 1919년 중국 쑤 수쳉에 의해서 다시 정복당합니다. 3년 후 러시아가 와서 몽골을 원조하고 중국의 영향력을 몰아냈습니다. 1924년 소비에트 연방의 보호 아래 몽골인들은 공화국을 세웁니다.[NEWLINE][NEWLINE]공산죽의 통치 아래의 삶은 매우 가혹했습니다. 모든 가축은 정부의 소유가 되었고, 불교사원들은 파괴되고 승려들은 살해당했습니다. 국과 안과 국경 밖으로 서민을 위한 많은 싸움이 일어났고 이런 문제들로 가난해졌습니다. </Text>
        </Row>
		<Row Tag="TXT_KEY_CIV5_MONGOLIA_TEXT_10">
			<Text>1985년 소련의 미하일 고르바초프가 내걸었던 뻬레스트로이카 - 재건, 재편이라는 뜻 - 정책에 영향을 받아서, 몽골은 1992년 복수 정당제 및 자본주의 경제에 기반한 평화적인 민주 혁명을 이루어내었습니다. 새로운 헌법이 승인되었고 "몽골리아" 라는 이름을 되찾았습니다. 처음 몇 년 동안은 힘들었지만 몽골은 그들의 풍부한 지하 매장 자원 덕에 중요한 산업 경제를 이룩해 내었습니다. 나라가 세워진 지 얼마 되지 않았을 때부터 몽골은 일본, 미국 및 중국을 포함한 세계의 지도자들과 긍정적인 제휴를 형성하여 국민의 삶이 더 밝고 풍요로워지도록 하고 있습니다.</Text>
			</Row>
		<Row Tag="TXT_KEY_CIV5_MONGOLIA_FACTOID_HEADING">
			<Text>몽골 정보</Text>
		</Row>
		<Row Tag="TXT_KEY_CIV5_MONGOLIA_FACTOID_TEXT">
			<Text>몽골 제국의 통신체계는 미국의 포니익스프레스의 기초가 되었습니다.[NEWLINE][NEWLINE]유럽인의 지식이라고 세계에 알려진 것은 몽골제국에 의한 무역로에 의존한 바가 큽니다.</Text>
		</Row>
		<Row Tag="TXT_KEY_CIV5_MONGOLIA_KESHIK_HEADING">
			<Text>몽골 케식</Text>
		</Row>
		<Row Tag="TXT_KEY_CIV5_MONGOLIA_KESHIK_TEXT">
			<Text>12세기경 몽골은 중앙아시아에서 뛰쳐나와 아시아를 거의 점령하고, 동유럽 일부와 중동의 많은 지역을 불과 한 세기 만에 점령해냈습니다. 몽골군의 주요 업적은 그들의 주요 병종이자 그 어디에도 비교할 수 없을 정도로 강력한 기마궁수인 케식의 공로가 매우 컸습니다. 몽골 유목민 부족은 어렸을 때부터 말 안장 위에서 그대로 길러졌고, 크기는 작으나 기름진 목초지에서 자라나 힘과 지구력이 강력한 말로 무장된 몽골 기병은 하루에 놀랄 정도의 영역을 극복할 수 있었습니다. 그 당시 보병이나 유럽의 중기병은 도저히 따를 수 없는 거리였습니다.[NEWLINE][NEWLINE]전투에서 몽골 케식은 엄청나게 정확하고 치명적인 기마 사격을 가해 적들을 혼란에 빠뜨렸습니다. 이렇게 약해진 적에게 몽골의 중기병대가 돌격해 분쇄했습니다. 몽골 기병들이 유럽 기사를 만났을 때 그들은 기사들의 말을 쏴서 그들의 기동력을 봉인시켯고 기동성을 잃은 그들을 단지 사냥감일 뿐이었습니다.</Text>
		</Row>
		<Row Tag="TXT_KEY_CIV5_MONGOLIA_KHAN_HEADING">
			<Text>칸</Text>
		</Row>
		<Row Tag="TXT_KEY_CIV5_MONGOLIA_KHAN_TEXT">
			<Text>본래의 칸은 몽골의 부족장으로, 동맹한 연합부족을 다스렸습니다. 칭기즈칸이 권세를 잡았던 시절, 칸의 의미는 일반적으로 군대의 지도자로 뜻이 제한되었습니다. 그러나 후에 몽골 제국의 지도자라는 의미로 널리 쓰이게 되었습니다. 칸은 제국 지방의 지배자로 뽑혔지만, 그들의 명칭은 혈연보다는 충성심이나 공적에 의해서 유지되었습니다. 지도자는 흔히 장군으로써도 활약했는데, 몽골군의 큰 성공과 정복을 이끌었습니다. 후에 "카간"이라는 뜻이 확장되어 위대한 지도자, 칸 중의 칸이란 뜻의 단어가 만들어지나, 이것은 칭기즈칸 사후 (서기 1227년) 이전엔 쓰이진 않았습니다.</Text>
		</Row>
		<Row Tag="TXT_KEY_CIV5_GENGHIS_LIVED">
			<Text>서기 약 1162 - 1227</Text>
		</Row>
		<Row Tag="TXT_KEY_CIV5_GENGHIS_NAME">
			<Text>칭기즈칸</Text>
		</Row>
		<Row Tag="TXT_KEY_CIV5_GENGHIS_SUBTITLE">
			<Text>몽골의 지도자</Text>
		</Row>
		<Row Tag="TXT_KEY_CIV5_GENGHIS_TITLES_1">
			<Text>몽골의 지도자</Text>
		</Row>
		<Row Tag="TXT_KEY_CIV5_GENGHIS_HEADING_1">
			<Text>역사</Text>
		</Row>
		<Row Tag="TXT_KEY_CIV5_GENGHIS_HEADING_2">
			<Text>탄생</Text>
		</Row>
		<Row Tag="TXT_KEY_CIV5_GENGHIS_HEADING_3">
			<Text>어린 시기</Text>
		</Row>
		<Row Tag="TXT_KEY_CIV5_GENGHIS_HEADING_4">
			<Text>통합의 시작</Text>
		</Row>
		<Row Tag="TXT_KEY_CIV5_GENGHIS_HEADING_5">
			<Text>밖으로의 확장</Text>
		</Row>
		<Row Tag="TXT_KEY_CIV5_GENGHIS_HEADING_6">
			<Text>성공 그리고 죽음</Text>
		</Row>
		<Row Tag="TXT_KEY_CIV5_GENGHIS_HEADING_7">
			<Text>역사의 평가</Text>
		</Row>
		<Row Tag="TXT_KEY_CIV5_GENGHIS_TEXT_1">
			<Text>칭기즈칸은 인류 역사 속에 가장 두려운 지배자로 기록되어 있습니다. 하지만, 그것뿐만 아니라 수백의 동상과 건물, 상업 물품들이 그의 생각으로 만들어졌으며 엄청난 숫자의 오락물이 그의 영광스런 삶 속에 창조되었습니다. 그는 북아시아 유목민의 첫 통일을 이루어냈으며 인류 역사상 가장 커다란 제국을 건설 한 사람으로 잘 알려져 있습니다. 그러나 아마도 그가 이루어낸 개량물과 사회적인 진보, 사회기반시설과 그가 보장했던 상업의 자유와 종교적인 관용에 대해서는 잘 알려져 있지 않을 것입니다. 단지 전사로의 모습이 강조되어 있지만, 그는 분명히 능력 있는 문명의 지도자였습니다.</Text>
		</Row>
		<Row Tag="TXT_KEY_CIV5_GENGHIS_TEXT_2">
			<Text>보르진 테무친은 서기 1162년에 태어났습니다. 테무친은 오늘날 울란바토르라고 알려진 지역의 가까운 몽골 부족 안에서 자라났습니다. 부족장의 아들 중 셋째였으며, 그의 이름은 아버지가 패배시킨 적 부족장의 이름을 딴 것이라고 합니다. 테무친의 유년시절은 자세히 기록되어 있지 않고, 몇몇 존재하는 자료 역시 서로 일치하지 않는 경우가 많습니다. 그의 생존 당시의 정확한 초상이나 사진은 존재하지 않지만, 많은 자료에서 테무친을 묘사하기를 후광이 반짝이고, 긴 붉은 머리와 푸른 눈을 가지고 있다고 합니다.</Text>
		</Row>
		<Row Tag="TXT_KEY_CIV5_GENGHIS_TEXT_3">
			<Text>큰 부족의 고귀한 출생임에도 불구하고 테무친의 어렸을 때의 삶은 매우 어려웠습니다. 9살 때 그는 이웃 부족의 딸과 약혼해 그의 가족과 함께 살도록 보내졌습니다. 그의 아버지는 돌아오는 길에 살해당했으며, 테무친의 부족은 그와 그의 가족을 버렸습니다. 그의 가족은 그가 약혼자와 16살에 결혼할 때까지 극심한 가난 속에 살았습니다.</Text>
		</Row>
		<Row Tag="TXT_KEY_CIV5_GENGHIS_TEXT_4">
			<Text>테무친은 그의 아버지의 의형제이자 케레이트 부족의 칸이었던 토그릴의 도움으로 힘을 기를 수 있었습니다. 이시기에 테무친의 아내는 메르키트 부족에게 납치당했는데, 토그릴은 구출을 위해서 이 어린 장군에게 2만 명의 병력을 제공하였습니다. 테무친은 그의 아내를 구출해낸 것뿐만 아니라 그는 메르키트 부족을 완전히 패배시키고, 자신의 지배하에 두었습니다. 그는 그가 가진 원래의 권리였던 칸이 되었으며 이웃해있던 다른 부족들을 점령해나갔습니다.[NEWLINE][NEWLINE]정복 중에 이 젊은 칸은 몽골에 내려오던 관습을 깼습니다. 그는 새로운 규율을 만들고 파괴와 약탈보다는 그의 제국 안에 포함될 수 있도록 했습니다. 그의 법, 야싸는 병사들에게 공정한 보상을 약속하고 도둑질과 모든 종류의 약탈을 금지하고 모든 정복지에 대한 보호와 종교의 자유를 약속했습니다. 테무친의 정치적 혁신은 새로이 커가는 국가에 통일성과 충성심을 가져왔습니다.[NEWLINE][NEWLINE]밖으로의 확장과 몽골 통일 이야기의 나머지 부분은 배신과 계략, 용감한 승리, 가족적 분쟁, 그리고 특히 전에 동맹이었던 토그릴과 맏아들이었던 주치의 배신으로 그 중간마다 채워집니다. 그러나 이런 차질에도 불구하고 서기 1206년 그는 전에 없던 몽골 지역 내의 모든 유목부족을 통일하기에 이릅니다. 부족장들의 대회합이 이루어지고 그에게 모든 몽골인의 영원한 지배자란 "칭기즈칸" 칭호가 주어집니다.</Text>
		</Row>
		<Row Tag="TXT_KEY_CIV5_GENGHIS_TEXT_5">
			<Text>몽골 통일 후, 칭기즈칸은 성공적인 군사 운용을 통해 외부 세계를 점령해나가며 그의 통치 아래의 강력한 제국을 만들어 나갔습니다. 1209년 서하지방의 항복을 받고 얼마 지나지 않은 1211년 그는 마침내 금나라를 점령했습니다.[NEWLINE][NEWLINE]이제 그는 관심을 서쪽의 페르시아로 돌렸습니다. 2만의 둘로 나뉜 부대 전술에 의한 교묘한 전략적 기동으로 칭기즈칸은 서요(카라 키탄)를 점령하여 페르시아 국경 근처까지 그의 통치하에 두었습니다.[NEWLINE][NEWLINE]호라이즘 제국과 이웃하게 된 몽골은 그들을 점령하기보다는 정치적 동맹관계를 제시했고 500인의 무역사절을 그들의 수도로 보냈습니다. 그는 비단길을 이용하기 위한 강력한 파트너를 원했습니다. 그러나 호라이즘은 이 젊은 지도자를 의심하고 그의 사절단을 살해했습니다. 한 번 더 칭기즈칸은 사절단을 술탄 샤에게 바로 보냈으나 사절단 중 하나의 목으로 그 대답을 받았습니다. 이 모욕적인 처사에 격분한 칭기즈칸은 친히 20만 명의 군대를 조직하여 1220년 호라이즘 제국을 피로써 정복했습니다. 곧이어 그는 다른 여러 지방인 그루지야, 아프가니스탄, 서하지방의 남은 부분을 점령하고 몽골로 돌아오게 됩니다.[NEWLINE][NEWLINE]그의 승리적인 여정으로 칭기즈칸의 제국은 현재 서쪽으로 카스피 해 동쪽으로는 한국의 동해에 이르게 되고 이 크기는 로마 제국의 2배에 달했습니다.</Text>
		</Row>
		<Row Tag="TXT_KEY_CIV5_GENGHIS_TEXT_6">
			<Text>그가 나이 들자, 칭기즈칸의 후계자가 중요한 문제로 떠올랐고 여러 논쟁이 가열되었습니다. 그의 장자는 주치였으나 그는 칭기즈칸이 친아버지가 아님을 의심받았고(칭기즈칸의 아내가 납치당했을 때 생긴 결과), 그를 따르는 것을 많은 이들이 거부했습니다. 후계자를 둘러싼 싸움은 1226년 주치가 죽음에 따라 끝났고, 혹자는 그가 직접 독살을 명했다고 주장합니다. 이후 그의 둘째 오고타이가 후계자로 지명되었습니다. 칭기즈칸이 생각하기에는 그가 그의 남겨진 아들 중에 가장 균형잡힌 판단력과 안정적인 능력을 가지고 있었습니다.[NEWLINE][NEWLINE]얼마 지나지지 않은 1227년 칭기즈칸은 죽었고, 현재까지도 그의 죽음의 원인은 논란이 되고 있습니다. 몇몇 이는 그가 탕구르와의 전투에서 낙마로 사망했으며, 반대로는 오랜 투병 끝에 사망했다고 합니다. 또 몇몇 이는 사로잡힌 탕구르의 공주가 집게로 그를 살해했다고 합니다. 어떤 이유에서 죽었건 칭기즈칸은 그의 무덤에 어떤 표식도 남기길 바라지 않았고 위치는 오직 친계가족의 비밀로 남겨졌습니다. 민간에 떠도는 이야기에 따르면 강이 둘러싸 그것을 지킨다고 합니다. 다른 이야기에 따르면 무덤 위에 나무들과 식물들이 심어져 그것이 숨겨졌다고 합니다. 2004년 고고학자들이 칭기즈칸의 왕궁의 유적을 발견했습니다. 아직 발견되지 않은 그의 무덤을 발견하길 기대하고 있습니다.</Text>
		</Row>
		<Row Tag="TXT_KEY_CIV5_GENGHIS_TEXT_7">
			<Text>보는 관점에 따라 칭기즈칸은 가치 있는 지도자로서, 그리고 훌륭한 통치자로서..또는 피를 갈구하는 살인자로서 생각되어 졌습니다. 오늘날 몽골리아 지역에서 그는 국가의 아버지이자 많은 정치적 혁신의 선구자입니다. 그러나 점령된 지역이었던 이라크, 이란에서 그는 학살자이자 많은 파괴와 피해를 준 광적인 압제자로 알려졌습니다. 그의 위대한 업적인지 무도한 행위인지에 대한 논쟁에도 불구하고 그는 의심할 바 없이 고대사회에 가장 큰 영향을 끼친 지도자이며 그의 유산은 현재까지 강하고 분명하게 남아 있습니다.</Text>
		</Row>
		<Row Tag="TXT_KEY_CIV5_GENGHIS_FACTOID_HEADING">
			<Text>칭기즈칸 정보</Text>
		</Row>
		<Row Tag="TXT_KEY_CIV5_GENGHIS_FACTOID_TEXT">
			<Text>최근 유전자 지도 연구에 따르면 아시아의 8% (대략 세계적으로 0.5%)의 사람이 그들의 조상이 칭기즈칸으로 추정되었습니다.</Text>
		</Row>
		<Row Tag="TXT_KEY_CIV5_MONGOLIA_KESHIK_HELP">
			<Text>기사를 대체하는 몽골의 고유 유닛입니다. 경험치를 50% 더 빨리 얻는 승급이 있으며, 행동력도 기사보다 1 많습니다. 유닛 전투로 획득할 수 있는 위대한 장군 포인트 역시 2배로 더 빨리 얻을 수 있습니다.</Text>
		</Row>
		<Row Tag="TXT_KEY_CIV5_MONGOLIA_KESHIK_INFO">
			<Text>[COLOR_POSITIVE_TEXT]케식[COLOR_XX]은 중세시대부터 사용할 수 있는 몽골의 고유 유닛입니다. [COLOR_POSITIVE_TEXT]케식[COLOR_XX]은 일반적인 기사보다 강력한 원거리 공격과 경험치를 50% 더 빨리 얻을 수 있는 승급이 있으며, 행동력도 기사보다 2 증가하였습니다. 또한, 케식은 강력한 원거리 공격을 먼 거리에서 그들의 적을 공격할 수 있습니다.</Text>
		</Row>
		<Row Tag="TXT_KEY_CIV5_MONGOLIA_KESHIK_STRATEGY">
			<Text>[COLOR_POSITIVE_TEXT]케식[COLOR_XX]은 기사를 대체하는 고유 유닛이며, 중세시대 초기부터 사용할 수 있습니다. 케식은 강력한 원거리 공격을 가할 수 있으며, 행동력이 1 증가했을 뿐만 아니라, 치고 빠지기 전법으로 매우 효과적인 공격을 할 수 있습니다. 이것만으로도 충분하지 못한다면, 경험치를 50% 더 빨리 획득할 수 있는 승급과 유닛 전투로 획득할 수 있는 위대한 장군 포인트 역시 두 배로 더 빨리 얻을 수 있습니다. 이 기마 전사들은 평지에서의 전투라면 단독으로도 강력한 힘이 됩니다.</Text>
		</Row>
		<Row Tag="TXT_KEY_CIV5_MONGOLIA_KHAN_HELP">
			<Text>이 몽골의 고유 위인은 위대한 장군을 대체합니다. 위대한 장군처럼 전투 보너스를 줄 뿐만 아니라 행동력도 [COLOR_POSITIVE_TEXT]5[COLOR_XX]이며, 턴마다 인접한 유닛이 체력을 회복할 때 [COLOR_POSITIVE_TEXT]15[COLOR_XX]씩 추가로 회복시킵니다.</Text>
		</Row>
		<Row Tag="TXT_KEY_CIV5_MONGOLIA_KHAN_INFO">
			<Text>칸은 몽골만 사용할 수 있는 고유 위인이며, 턴마다 인접한 유닛을 15씩 회복시킬 수 있습니다. 몽골 기마 유닛에 뒤떨어지지 않기 위해 칸 역시 행동력이 케식과 같은 5를 가지고 있습니다.</Text>
		</Row>
		<Row Tag="TXT_KEY_CIV5_MONGOLIA_KHAN_STRATEGY">
			<Text>칸은 일반적인 위대한 장군을 대체하는 몽골의 고유 위인입니다. 일반적인 위대한 장군과 같은 전투 보너스를 줄 뿐만 아니라, 칸의 행동력도 케식과 같은 5 가지고 있으며, 인접한 유닛이 체력을 회복할 때 체력을 15씩 추가로 회복시킵니다. 이 향상된 장군의 능력은 기병들이 빠르게 전투에 재참가 할 수 있게 해줍니다.</Text>
		</Row>
	</Language_KO_KR>
</GameData>
