<?xml version="1.0" encoding="utf-8"?>
<!-- edited with XMLSPY v2004 rel. 2 U (http://www.xmlspy.com) by Ed Beach (Firaxis Games) -->
<GameData>
  <Language_KO_KR>
    <Row Tag="TXT_KEY_TRAIT_TERROR_SHORT">
      <Text>공포의 몽골</Text>
    </Row>
    <Row Tag="TXT_KEY_TRAIT_TERROR">
      <Text>도시국가의 유닛 또는 도시 자체와 싸울 때, [ICON_STRENGTH]전투력이 [COLOR_POSITIVE_TEXT]30%[COLOR_XX] 증가합니다. 모든 기마 유닛은 [ICON_MOVES]행동력이 [COLOR_POSITIVE_TEXT]1[COLOR_XX] 증가합니다.</Text>
    </Row>
    <Row Tag="TXT_KEY_CIV5_DAWN_MONGOLIA_TITLE">
      <Text>몽골</Text>
    </Row>
    <Row Tag="TXT_KEY_CIV5_DAWN_MONGOLIA_TEXT">
      <Text>오, 위대하고 위대하신 테무친이시여! 강력한 몽골 제국 불멸의 칸이시여! 당신의 주먹은 도시의 장벽을 산산이 부수고 당신의 목소리는 적에게 절망을 안겨줬나이다. 오 칸이시여, 당신은 북아시아의 서로 적대하던 부족들을 통일하여 강력한 제국으로 거듭나게 하셨고 세계에 익히 들어본 적 없었던 최강의 기병을 조직하셨습니다. 당신의 교묘한 외교는 적들을 분열시키고, 약화시키고 무력화시켜 결국 몽골 군대에 의해 점령케 했습니다. 당신의 민족은 단 몇 년 만에 중국 대부분과 동아시아를 점령했으며, 제국은 계속 확장하여 서로는 유럽에서 동으로는 한반도에까지 이르렀습니다. 정말 이 유례없는 위대하고 거대한 제국은 로마나 알렉산드로스의 정복 전쟁조차도 왜소하게 만듭니다.[NEWLINE][NEWLINE]테무친이시여, 백성은 다시 한 번 전쟁과 정복의 시대로 이끌어줄 지도자를 기다리고 있습니다! 대초원을 가르는 천둥 같은 말발굽 소리로 다시 한 번 세계를 두려움에 몰아넣으시겠습니까? 제국을 건설하고 시대의 한계를 뛰어넘는 당신의 힘을 증명해 보이시겠습니까?</Text>
    </Row>
  </Language_KO_KR>
</GameData>
