﻿<?xml version="1.0" encoding="utf-8"?>
<!--Generated with LocalizationBuddy.-->
<!--Copyright Firaxis Games 2010-->
<!--All Rights Reserved-->
<GameData>
  <Language_KO_KR>
    <Row Tag="TXT_KEY_LEADER_SEJONG_AGREE_SHORT_1">
      <Text>알겠노라.</Text>
    </Row>
    <Row Tag="TXT_KEY_LEADER_SEJONG_AGREE_SHORT_2">
      <Text>좋노라.</Text>
    </Row>
    <Row Tag="TXT_KEY_LEADER_SEJONG_AGREE_SHORT_3">
      <Text>물론이니라.</Text>
    </Row>
    <Row Tag="TXT_KEY_LEADER_SEJONG_AGREE_SHORT_4">
      <Text>아 알겠도다.</Text>
    </Row>
    <Row Tag="TXT_KEY_LEADER_SEJONG_ATTACKED_1">
      <Text>배신하다니 도대체 무슨 짓이냐? 명예가 없는 것이냐, 아니면 부끄러움을 모르는 것이더냐?</Text>
    </Row>
    <Row Tag="TXT_KEY_LEADER_SEJONG_ATTACKED_2">
      <Text>참으로 불쌍한 사람이도다. 조만간 우리의 강력한 과학의 힘으로 그대를 짓누르는 것을 느끼게 될 것이도다.</Text>
    </Row>
    <Row Tag="TXT_KEY_LEADER_SEJONG_ATTACKED_3">
      <Text>아주 좋도다! 짐의 병사에게 지급한 새로운 무기를 시험해 볼 이유를 찾고 있었는데 이에 딱 맞는 상황을 그대가 만들어 주었노라.</Text>
    </Row>
    <Row Tag="TXT_KEY_LEADER_SEJONG_DECLAREWAR_1">
      <Text>그대의 터무니 없는 행동을 더는 못 봐주겠노라. 무력을 써서라도 억압받는 백성을 자유롭게 해주고 그들을 해탈의 경지로 이끌 것이니라.</Text>
    </Row>
    <Row Tag="TXT_KEY_LEADER_SEJONG_DECLAREWAR_2">
      <Text>시간은 기다려 주지 않는다. 변화의 시간이 임박했음을 느끼고 있도다. 우리의 길을 막지 마라. 우린 외교적으로 분쟁을 해결하는 데 쓸만한 자원이 더는 없느니라.</Text>
    </Row>
    <Row Tag="TXT_KEY_LEADER_SEJONG_DECLAREWAR_3">
      <Text>짐은 실시해야 할 실험과 끝내야 할 연구가 있다. 그러니 그렇게 짐의 앞을 가로막는 오래된 벽처럼 그곳에 서 있지 말지어다. 없애주겠노라.</Text>
    </Row>
    <Row Tag="TXT_KEY_LEADER_SEJONG_DEFEATED_1">
      <Text>이제 우리 백성은 누구에게 의지해야 한다는 말인가? 암흑의 시대가 도래했도다.</Text>
    </Row>
    <Row Tag="TXT_KEY_LEADER_SEJONG_DEFEATED_2">
      <Text>짐이 돌이킬 수 없을 때까지 과학에 매진하느라 진정한 적이 누군지 볼 수 없었도다. 날 이대로 내버려 두어라.</Text>
    </Row>
    <Row Tag="TXT_KEY_LEADER_SEJONG_DEFEATED_3">
      <Text>아니. 짐은 아직도 해야 할 일과 연구할 것이 이리도 많은데... 탐욕을 채우기 위해 그대는 세상으로부터 짐과 같이 뛰어난 인재를 빼앗았도다.</Text>
    </Row>
    <Row Tag="TXT_KEY_LEADER_SEJONG_DEMANDTRIBUTE_ANGRY">
      <Text>이것을 시작으로 그대가 저지른 범죄와 무분별한 행동에 대한 죗값을 치르게 될 것이니라.</Text>
    </Row>
    <Row Tag="TXT_KEY_LEADER_SEJONG_DEMANDTRIBUTE_HAPPY">
      <Text>과인이 그대의 도움을 간곡히 요청하겠노라.</Text>
    </Row>
    <Row Tag="TXT_KEY_LEADER_SEJONG_DEMANDTRIBUTE_NEUTRAL">
      <Text>우리나라의 혜택을 누리고자 한다면 그에 합당한 선물을 바쳐야 할 것이니라.</Text>
    </Row>
    <Row Tag="TXT_KEY_LEADER_SEJONG_DISAGREE_SHORT_1">
      <Text>거절하겠노라.</Text>
    </Row>
    <Row Tag="TXT_KEY_LEADER_SEJONG_DISAGREE_SHORT_2">
      <Text>아니 될 지어다.</Text>
    </Row>
    <Row Tag="TXT_KEY_LEADER_SEJONG_DISAGREE_SHORT_3">
      <Text>물론 안 되노라.</Text>
    </Row>
    <Row Tag="TXT_KEY_LEADER_SEJONG_DISAGREE_SHORT_4">
      <Text>거절하겠다.</Text>
    </Row>
    <Row Tag="TXT_KEY_LEADER_SEJONG_DISAGREE_SHORT_5">
      <Text>당연히 안 될지어다.</Text>
    </Row>
    <Row Tag="TXT_KEY_LEADER_SEJONG_DISAGREE_SHORT_6">
      <Text>받아들일 수 없도다.</Text>
    </Row>
    <Row Tag="TXT_KEY_LEADER_SEJONG_DISAGREE_SHORT_7">
      <Text>무엄하도다!</Text>
    </Row>
    <Row Tag="TXT_KEY_LEADER_SEJONG_FIRSTGREETING_1">
      <Text>조선의 궁궐에 당도한 것을 환영하노라, 낯선이여. 짐은 백성을 굽어살펴 많은 일을 한 세종이라고 하노라. 그댄 누구인가?</Text>
    </Row>
    <Row Tag="TXT_KEY_LEADER_SEJONG_FIRSTGREETING_2">
      <Text>어서 오게. 짐은 조선의 세종이노라. 많은 이들이 짐의 나라에서 누리고 있는 지혜와 깨우침을 찾아 이곳에 온 것인가?</Text>
    </Row>
    <Row Tag="TXT_KEY_LEADER_SEJONG_FIRSTGREETING_3">
      <Text>명예로운 자여, 조선에 온 걸 환영하노라. 짐은 위대한 조선의 왕, 세종이라고 하지.</Text>
    </Row>
    <Row Tag="TXT_KEY_LEADER_SEJONG_GOODBYE_1">
      <Text>다시 만날 그날을 기약하겠노라.</Text>
    </Row>
    <Row Tag="TXT_KEY_LEADER_SEJONG_GOODBYE_2">
      <Text>잘 가거라.</Text>
    </Row>
    <Row Tag="TXT_KEY_LEADER_SEJONG_GOODBYE_3">
      <Text>이만 가보거라.</Text>
    </Row>
    <Row Tag="TXT_KEY_LEADER_SEJONG_GOODBYE_4">
      <Text>잘 가거라.</Text>
    </Row>
    <Row Tag="TXT_KEY_LEADER_SEJONG_GOODBYE_5">
      <Text>그게 전부이니라.</Text>
    </Row>
    <Row Tag="TXT_KEY_LEADER_SEJONG_GOODBYE_6">
      <Text>이제 그만 가보거라.</Text>
    </Row>
    <Row Tag="TXT_KEY_LEADER_SEJONG_GREETING_1">
      <Text>좋은 날이 되기를.</Text>
    </Row>
    <Row Tag="TXT_KEY_LEADER_SEJONG_GREETING_2">
      <Text>반갑도다.</Text>
    </Row>
    <Row Tag="TXT_KEY_LEADER_SEJONG_GREETING_3">
      <Text>반갑노라, 친구.</Text>
    </Row>
    <Row Tag="TXT_KEY_LEADER_SEJONG_GREETING_4">
      <Text>어서오너라.</Text>
    </Row>
    <Row Tag="TXT_KEY_LEADER_SEJONG_GREETING_5">
      <Text>음?</Text>
    </Row>
    <Row Tag="TXT_KEY_LEADER_SEJONG_GREETING_6">
      <Text>원하는 게 대체 무엇이더냐?</Text>
    </Row>
    <Row Tag="TXT_KEY_LEADER_SEJONG_LETSHEARIT_1">
      <Text>계속하거라.</Text>
    </Row>
    <Row Tag="TXT_KEY_LEADER_SEJONG_LETSHEARIT_2">
      <Text>계속하거라.</Text>
    </Row>
    <Row Tag="TXT_KEY_LEADER_SEJONG_LETSHEARIT_3">
      <Text>진행하거라.</Text>
    </Row>
    <Row Tag="TXT_KEY_LEADER_SEJONG_LETSHEARIT_4">
      <Text>듣고 있노라.</Text>
    </Row>
    <Row Tag="TXT_KEY_LEADER_SEJONG_LETSHEARIT_5">
      <Text>그리고?</Text>
    </Row>
    <Row Tag="TXT_KEY_LEADER_SEJONG_LOSEWAR_1">
      <Text>약간의 오차가 있군. 두 번 다시는 이런 실수를 하지 않을 것이도다.</Text>
    </Row>
    <Row Tag="TXT_KEY_LEADER_SEJONG_LOSEWAR_2">
      <Text>어떻게 한 것이냐? 그대는 어떤 전략을 사용하는가?</Text>
    </Row>
    <Row Tag="TXT_KEY_LEADER_SEJONG_TRADE_NEEDMORE_ANGRY_1">
      <Text>협상 기술을 배웠을지는 모르겠으나 이런 모욕적인 제안은 받아들일 수 없노라. 즉각 제안을 개선할지어다.</Text>
    </Row>
    <Row Tag="TXT_KEY_LEADER_SEJONG_TRADE_NEEDMORE_ANGRY_2">
      <Text>충분하지 않도다.</Text>
    </Row>
    <Row Tag="TXT_KEY_LEADER_SEJONG_TRADE_NEEDMORE_ANGRY_3">
      <Text>좀 더 나은 제안을 해야 할 것이니라.</Text>
    </Row>
    <Row Tag="TXT_KEY_LEADER_SEJONG_TRADE_NEEDMORE_ANGRY_4">
      <Text>거의...</Text>
    </Row>
    <Row Tag="TXT_KEY_LEADER_SEJONG_TRADE_NEEDMORE_HAPPY_1">
      <Text>짐은 그대의 제안을 이대로 받아들이고 싶다만 우리 백성은 이런 짐의 사고방식을 이해하지 못할 것이니라.</Text>
    </Row>
    <Row Tag="TXT_KEY_LEADER_SEJONG_TRADE_NEEDMORE_HAPPY_2">
      <Text>그게 최선책인가?</Text>
    </Row>
    <Row Tag="TXT_KEY_LEADER_SEJONG_TRADE_NEEDMORE_HAPPY_3">
      <Text>거의 근접 했느니라...</Text>
    </Row>
    <Row Tag="TXT_KEY_LEADER_SEJONG_TRADE_NEEDMORE_NEUTRAL_1">
      <Text>짐의 관심을 끌려는 그대의 노력에 감복했지만, 먼저 그대의 제안에 무슨 문제가 있는지부터 생각해봐야 할 것이니라.</Text>
    </Row>
    <Row Tag="TXT_KEY_LEADER_SEJONG_TRADE_NEEDMORE_NEUTRAL_2">
      <Text>좀 더 나은 제안을 할 수는 없는 게냐?</Text>
    </Row>
    <Row Tag="TXT_KEY_LEADER_SEJONG_TRADE_NEEDMORE_NEUTRAL_3">
      <Text>충분하지 않다고 하지 않았느냐.</Text>
    </Row>
    <Row Tag="TXT_KEY_LEADER_SEJONG_TRADE_NEEDMORE_NEUTRAL_4">
      <Text>거의...</Text>
    </Row>
    <Row Tag="TXT_KEY_LEADER_SEJONG_TRADE_NO_ANGRY">
      <Text>아무것도 배운 게 없는 거리의 부랑자라도 이런 모욕적인 제안이 사기나 다름없다는 것을 알 것이니라. 썩 꺼지거라!</Text>
    </Row>
    <Row Tag="TXT_KEY_LEADER_SEJONG_TRADE_NO_HAPPY">
      <Text>고맙지만 사양하겠도다.</Text>
    </Row>
    <Row Tag="TXT_KEY_LEADER_SEJONG_TRADE_NO_NEUTRAL">
      <Text>관심없는니라.</Text>
    </Row>
    <Row Tag="TXT_KEY_LEADER_SEJONG_TRADE_YES_ANGRY">
      <Text>동의하겠노라.</Text>
    </Row>
    <Row Tag="TXT_KEY_LEADER_SEJONG_TRADE_YES_HAPPY">
      <Text>그리할지어다.</Text>
    </Row>
    <Row Tag="TXT_KEY_LEADER_SEJONG_TRADE_YES_NEUTRAL">
      <Text>좋노라.</Text>
    </Row>
    <Row Tag="TXT_KEY_LEADER_SEJONG_TRADEREQUEST_ANGRY">
      <Text>그대의 얼굴을 보고 있노라면 구역질이 나지만 우리 백성을 위해 잠시 참도록 하겠노라.</Text>
    </Row>
    <Row Tag="TXT_KEY_LEADER_SEJONG_TRADEREQUEST_HAPPY">
      <Text>친구여. 우린 서로에게 도움이 될 게 많은듯하니 논의해보도록 하세.</Text>
    </Row>
    <Row Tag="TXT_KEY_LEADER_SEJONG_TRADEREQUEST_NEUTRAL">
      <Text>우정을 다지는 데 재물을 나누는 것보다 더 좋은 방법은 없지 않으냐?</Text>
    </Row>
    <Row Tag="TXT_KEY_LEADER_SEJONG_TRIBUTE_NO_ANGRY">
      <Text>그런 계략을 쓰다니 도대체 무슨 망상에 빠진 것이더냐?</Text>
    </Row>
    <Row Tag="TXT_KEY_LEADER_SEJONG_TRIBUTE_NO_HAPPY">
      <Text>그대를 실망스럽게 한 과인의 슬픔을 어찌 말로 표현할 수 있단 말인가.</Text>
    </Row>
    <Row Tag="TXT_KEY_LEADER_SEJONG_TRIBUTE_NO_NEUTRAL">
      <Text>그대는 지위에 맞지 않게 주제를 넘어섰도다.</Text>
    </Row>
    <Row Tag="TXT_KEY_LEADER_SEJONG_TRIBUTE_YES_ANGRY">
      <Text>부끄러운 일이긴 하나 나라를 위해서라면 어쩔 수 없도다.</Text>
    </Row>
    <Row Tag="TXT_KEY_LEADER_SEJONG_TRIBUTE_YES_HAPPY">
      <Text>그저 물어보기만 했으면 됐을 일을! 현명한 사람은 모든 이들이 잘살 수 있도록 자신의 재물을 친구와 나누는 법이니라.</Text>
    </Row>
    <Row Tag="TXT_KEY_LEADER_SEJONG_TRIBUTE_YES_NEUTRAL">
      <Text>지나친 탐욕은 화를 불어오는 법이니라. 좀 더 고귀한 명분을 위한 것이길 바라노라.</Text>
    </Row>
    <Row Tag="TXT_KEY_LEADER_SEJONG_WARBLUFF_1">
      <Text>이런 불쾌한 행동은 양녕대군이나 할법한 것이지 그대가 할 행동은 아닐지어다.</Text>
    </Row>
    <Row Tag="TXT_KEY_LEADER_SEJONG_WARBLUFF_2">
      <Text>짐이 생각했던 것 이상의 뭔가가 그대의 눈빛에 숨겨져 있었도다.</Text>
    </Row>
    <Row Tag="TXT_KEY_LEADER_SEJONG_WARBLUFF_3">
      <Text>쓸데없이 많은 시간을 허비했도다.</Text>
    </Row>
    <Row Tag="TXT_KEY_LEADER_SEJONG_WINWAR_1">
      <Text>또다시 우월한 기술과 계획 그리고 현명함으로 인해 승리를 거두었도다.</Text>
    </Row>
    <Row Tag="TXT_KEY_LEADER_SEJONG_WINWAR_2">
      <Text>뛰어난 인재가 넘치는 우리나라를 이길 수 없을 것이니라. 왜냐하면, 우리나라의 석학들이 그대를 꺾기 위해 불철주야 노력하고 있기 때문이니라.</Text>
    </Row>
  </Language_KO_KR>
</GameData>