﻿<?xml version="1.0" encoding="utf-8"?>
<!--Generated with LocalizationBuddy.-->
<!--Copyright Firaxis Games 2010-->
<!--All Rights Reserved-->
<GameData>
  <Language_KO_KR>
    <Row Tag="TXT_KEY_LEADER_PEDRO_AGREE_SHORT_1">
      <Text>좋습니다.</Text>
    </Row>
    <Row Tag="TXT_KEY_LEADER_PEDRO_AGREE_SHORT_2">
      <Text>아주 좋군요.</Text>
    </Row>
    <Row Tag="TXT_KEY_LEADER_PEDRO_AGREE_SHORT_3">
      <Text>물론입니다.</Text>
    </Row>
    <Row Tag="TXT_KEY_LEADER_PEDRO_AGREE_SHORT_4">
      <Text>동의합니다.</Text>
    </Row>
    <Row Tag="TXT_KEY_LEADER_PEDRO_AGREE_SHORT_5">
      <Text>훌륭하군.</Text>
    </Row>
    <Row Tag="TXT_KEY_LEADER_PEDRO_ATTACKED_1">
      <Text>이 전쟁에 휘말린 사람들이 불쌍하군.</Text>
    </Row>
    <Row Tag="TXT_KEY_LEADER_PEDRO_ATTACKED_2">
      <Text>다 생각하고 벌이는 일이겠지?</Text>
    </Row>
    <Row Tag="TXT_KEY_LEADER_PEDRO_ATTACKED_3">
      <Text>언젠간 후회할 날이 올 거요.</Text>
    </Row>
    <Row Tag="TXT_KEY_LEADER_PEDRO_DECLAREWAR_1">
      <Text>당신 왕국은 내가 접수해서 다스리는 편이 좋겠군!</Text>
    </Row>
    <Row Tag="TXT_KEY_LEADER_PEDRO_DECLAREWAR_2">
      <Text>당신은 무모한 결정을 너무 자주 내리는군. 전쟁으로 해결합시다!</Text>
    </Row>
    <Row Tag="TXT_KEY_LEADER_PEDRO_DECLAREWAR_3">
      <Text>우리 왕국의 안전을 위해 당신을 제거해야겠군.</Text>
    </Row>
    <Row Tag="TXT_KEY_LEADER_PEDRO_DEFEATED_1">
      <Text>내가 전쟁보다는 외교를 선호하는 이유가 바로 이겁니다!</Text>
    </Row>
    <Row Tag="TXT_KEY_LEADER_PEDRO_DEFEATED_2">
      <Text>이 전쟁으로 만족했으면 좋겠군!</Text>
    </Row>
    <Row Tag="TXT_KEY_LEADER_PEDRO_DEFEATED_3">
      <Text>인정하기는 싫지만 승자는 당신인 것 같군.</Text>
    </Row>
    <Row Tag="TXT_KEY_LEADER_PEDRO_DEMANDTRIBUTE_ANGRY">
      <Text>쓸데없는 말은 필요 없고, 내가 원하는 게 있소.</Text>
    </Row>
    <Row Tag="TXT_KEY_LEADER_PEDRO_DEMANDTRIBUTE_HAPPY">
      <Text>우리 백성이 당신에게 요구하는 게 있소.</Text>
    </Row>
    <Row Tag="TXT_KEY_LEADER_PEDRO_DEMANDTRIBUTE_NEUTRAL">
      <Text>이걸 주면 감사하겠소.</Text>
    </Row>
    <Row Tag="TXT_KEY_LEADER_PEDRO_DISAGREE_SHORT_1">
      <Text>거절하겠소.</Text>
    </Row>
    <Row Tag="TXT_KEY_LEADER_PEDRO_DISAGREE_SHORT_2">
      <Text>당연히 거절이오.</Text>
    </Row>
    <Row Tag="TXT_KEY_LEADER_PEDRO_DISAGREE_SHORT_3">
      <Text>물론 거절하겠소.</Text>
    </Row>
    <Row Tag="TXT_KEY_LEADER_PEDRO_DISAGREE_SHORT_4">
      <Text>거절하겠소.</Text>
    </Row>
    <Row Tag="TXT_KEY_LEADER_PEDRO_DISAGREE_SHORT_5">
      <Text>뭐라고 했소?</Text>
    </Row>
    <Row Tag="TXT_KEY_LEADER_PEDRO_DISAGREE_SHORT_6">
      <Text>말도 안 됩니다.</Text>
    </Row>
    <Row Tag="TXT_KEY_LEADER_PEDRO_DISAGREE_SHORT_7">
      <Text>농담이겠지?</Text>
    </Row>
    <Row Tag="TXT_KEY_LEADER_PEDRO_FIRSTGREETING_1">
      <Text>난 브라질의 황제 페드루요. 인사치레는 관두고, 무슨 일로 오셨소?</Text>
    </Row>
    <Row Tag="TXT_KEY_LEADER_PEDRO_FIRSTGREETING_2">
      <Text>브라질에 온 걸 환영하오. 시간은 금이라고 하니 피차 시간 낭비하지 맙시다.</Text>
    </Row>
    <Row Tag="TXT_KEY_LEADER_PEDRO_FIRSTGREETING_3">
      <Text>브라질에는 무슨 일로 왔소, 친구? 난 페드루요. 뭐 협상할 일이 있소?</Text>
    </Row>
    <Row Tag="TXT_KEY_LEADER_PEDRO_GOODBYE_1">
      <Text>그만 가시오.</Text>
    </Row>
    <Row Tag="TXT_KEY_LEADER_PEDRO_GOODBYE_2">
      <Text>이게 다요.</Text>
    </Row>
    <Row Tag="TXT_KEY_LEADER_PEDRO_GOODBYE_3">
      <Text>용무는 끝난 듯하군.</Text>
    </Row>
    <Row Tag="TXT_KEY_LEADER_PEDRO_GOODBYE_4">
      <Text>잘 가시오.</Text>
    </Row>
    <Row Tag="TXT_KEY_LEADER_PEDRO_GOODBYE_5">
      <Text>이상이오.</Text>
    </Row>
    <Row Tag="TXT_KEY_LEADER_PEDRO_GOODBYE_6">
      <Text>아, 당신이었군.</Text>
    </Row>
    <Row Tag="TXT_KEY_LEADER_PEDRO_GREETING_1">
      <Text>환영하오.</Text>
    </Row>
    <Row Tag="TXT_KEY_LEADER_PEDRO_GREETING_2">
      <Text>안녕하시오!</Text>
    </Row>
    <Row Tag="TXT_KEY_LEADER_PEDRO_GREETING_3">
      <Text>반갑소.</Text>
    </Row>
    <Row Tag="TXT_KEY_LEADER_PEDRO_GREETING_4">
      <Text>음?</Text>
    </Row>
    <Row Tag="TXT_KEY_LEADER_PEDRO_GREETING_5">
      <Text>원하는 게 뭐요?</Text>
    </Row>
    <Row Tag="TXT_KEY_LEADER_PEDRO_GREETING_6">
      <Text>원하는 게 뭐요?</Text>
    </Row>
    <Row Tag="TXT_KEY_LEADER_PEDRO_LETSHEARIT_1">
      <Text>들어 봅시다.</Text>
    </Row>
    <Row Tag="TXT_KEY_LEADER_PEDRO_LETSHEARIT_2">
      <Text>말 하시오.</Text>
    </Row>
    <Row Tag="TXT_KEY_LEADER_PEDRO_LETSHEARIT_3">
      <Text>듣고 있소.</Text>
    </Row>
    <Row Tag="TXT_KEY_LEADER_PEDRO_LETSHEARIT_4">
      <Text>음?</Text>
    </Row>
    <Row Tag="TXT_KEY_LEADER_PEDRO_LETSHEARIT_5">
      <Text>뭐라고 했소?</Text>
    </Row>
    <Row Tag="TXT_KEY_LEADER_PEDRO_LOSEWAR_1">
      <Text>이번엔 당신이 이겼지만 이걸로 끝이라고 생각하면 오산이오.</Text>
    </Row>
    <Row Tag="TXT_KEY_LEADER_PEDRO_LOSEWAR_2">
      <Text>이번엔 당신이 이겼지만 이걸로 끝이라고 생각하면 오산이오.</Text>
    </Row>
    <Row Tag="TXT_KEY_LEADER_PEDRO_TRADE_NEEDMORE_ANGRY_1">
      <Text>내 입장에서 당신 제안은 이치에 닿지 않소.</Text>
    </Row>
    <Row Tag="TXT_KEY_LEADER_PEDRO_TRADE_NEEDMORE_ANGRY_2">
      <Text>충분하지 않소.</Text>
    </Row>
    <Row Tag="TXT_KEY_LEADER_PEDRO_TRADE_NEEDMORE_ANGRY_3">
      <Text>더 나은 제안을 하시오.</Text>
    </Row>
    <Row Tag="TXT_KEY_LEADER_PEDRO_TRADE_NEEDMORE_ANGRY_4">
      <Text>모욕적이군.</Text>
    </Row>
    <Row Tag="TXT_KEY_LEADER_PEDRO_TRADE_NEEDMORE_HAPPY_1">
      <Text>구미가 당기기는 하지만 살짝 모자란 감이 있소.</Text>
    </Row>
    <Row Tag="TXT_KEY_LEADER_PEDRO_TRADE_NEEDMORE_HAPPY_2">
      <Text>그게 최선이오?</Text>
    </Row>
    <Row Tag="TXT_KEY_LEADER_PEDRO_TRADE_NEEDMORE_HAPPY_3">
      <Text>조금만 더 써보시오.</Text>
    </Row>
    <Row Tag="TXT_KEY_LEADER_PEDRO_TRADE_NEEDMORE_NEUTRAL_1">
      <Text>당신이 조금 더 양보하면 수락하리다.</Text>
    </Row>
    <Row Tag="TXT_KEY_LEADER_PEDRO_TRADE_NEEDMORE_NEUTRAL_2">
      <Text>제안을 조금 수정하면 어떻겠소?</Text>
    </Row>
    <Row Tag="TXT_KEY_LEADER_PEDRO_TRADE_NEEDMORE_NEUTRAL_3">
      <Text>합의점에 거의 다다른 것 같소만...</Text>
    </Row>
    <Row Tag="TXT_KEY_LEADER_PEDRO_TRADE_NEEDMORE_NEUTRAL_4">
      <Text>살짝 모자란 감이 있소.</Text>
    </Row>
    <Row Tag="TXT_KEY_LEADER_PEDRO_TRADE_NO_ANGRY">
      <Text>내가 우둔한 사람이라고 생각하는 거요?</Text>
    </Row>
    <Row Tag="TXT_KEY_LEADER_PEDRO_TRADE_NO_HAPPY">
      <Text>미안하지만 수지가 맞질 않소.</Text>
    </Row>
    <Row Tag="TXT_KEY_LEADER_PEDRO_TRADE_NO_NEUTRAL">
      <Text>안 되겠소.</Text>
    </Row>
    <Row Tag="TXT_KEY_LEADER_PEDRO_TRADE_YES_ANGRY">
      <Text>수락하기는 하겠지만 영 마음에 들지 않구려.</Text>
    </Row>
    <Row Tag="TXT_KEY_LEADER_PEDRO_TRADE_YES_HAPPY">
      <Text>관대한 제안이오. 수락하겠소.</Text>
    </Row>
    <Row Tag="TXT_KEY_LEADER_PEDRO_TRADE_YES_NEUTRAL">
      <Text>좋소.</Text>
    </Row>
    <Row Tag="TXT_KEY_LEADER_PEDRO_TRADEREQUEST_ANGRY">
      <Text>당신에게 이런 제안을 꺼내는 것 자체가 고통스럽소.</Text>
    </Row>
    <Row Tag="TXT_KEY_LEADER_PEDRO_TRADEREQUEST_HAPPY">
      <Text>무역을 통해 피차 이득을 봅시다.</Text>
    </Row>
    <Row Tag="TXT_KEY_LEADER_PEDRO_TRADEREQUEST_NEUTRAL">
      <Text>이 제안을 숙고해 보시오.</Text>
    </Row>
    <Row Tag="TXT_KEY_LEADER_PEDRO_TRIBUTE_NO_ANGRY">
      <Text>뻔뻔하기 짝이 없군.</Text>
    </Row>
    <Row Tag="TXT_KEY_LEADER_PEDRO_TRIBUTE_NO_HAPPY">
      <Text>그건 불가능하오.</Text>
    </Row>
    <Row Tag="TXT_KEY_LEADER_PEDRO_TRIBUTE_NO_NEUTRAL">
      <Text>시간이 없으니 거절하겠소.</Text>
    </Row>
    <Row Tag="TXT_KEY_LEADER_PEDRO_TRIBUTE_YES_ANGRY">
      <Text>이 정도 압력으로는 어림도 없소.</Text>
    </Row>
    <Row Tag="TXT_KEY_LEADER_PEDRO_TRIBUTE_YES_HAPPY">
      <Text>든든한 우방을 위해서라면 뭐가 문제겠소.</Text>
    </Row>
    <Row Tag="TXT_KEY_LEADER_PEDRO_TRIBUTE_YES_NEUTRAL">
      <Text>내가 관대함을 이용하는 거요?</Text>
    </Row>
    <Row Tag="TXT_KEY_LEADER_PEDRO_WARBLUFF_1">
      <Text>어리석군. 누가 당신을 무서워하겠소?</Text>
    </Row>
    <Row Tag="TXT_KEY_LEADER_PEDRO_WARBLUFF_2">
      <Text>위험한 도박을 하는군.</Text>
    </Row>
    <Row Tag="TXT_KEY_LEADER_PEDRO_WARBLUFF_3">
      <Text>허세는 집어치우시오. 우습구려.</Text>
    </Row>
    <Row Tag="TXT_KEY_LEADER_PEDRO_WINWAR_1">
      <Text>나처럼 위대한 지도자가 나왔으니 브라질은 누구도 넘볼 수 없는 강국으로 변할 것이오.</Text>
    </Row>
    <Row Tag="TXT_KEY_LEADER_PEDRO_WINWAR_2">
      <Text>나처럼 위대한 지도자가 나왔으니 브라질은 누구도 넘볼 수 없는 강국으로 변할 것이오.</Text>
    </Row>
  </Language_KO_KR>
</GameData>