﻿<?xml version="1.0" encoding="utf-8"?>
<!--Generated with LocalizationBuddy.-->
<!--Copyright Firaxis Games 2010-->
<!--All Rights Reserved-->
<GameData>
  <Language_KO_KR>
    <Row Tag="TXT_KEY_LEADER_POCATELLO_AGREE_SHORT_1">
      <Text>좋소.</Text>
    </Row>
    <Row Tag="TXT_KEY_LEADER_POCATELLO_AGREE_SHORT_2">
      <Text>아주 좋소.</Text>
    </Row>
    <Row Tag="TXT_KEY_LEADER_POCATELLO_AGREE_SHORT_3">
      <Text>물론이오.</Text>
    </Row>
    <Row Tag="TXT_KEY_LEADER_POCATELLO_AGREE_SHORT_4">
      <Text>동의하겠소.</Text>
    </Row>
    <Row Tag="TXT_KEY_LEADER_POCATELLO_AGREE_SHORT_5">
      <Text>훌륭하오.</Text>
    </Row>
    <Row Tag="TXT_KEY_LEADER_POCATELLO_ATTACKED_1">
      <Text>이런 부당한 공격에 무릎 꿇지 않겠소!</Text>
    </Row>
    <Row Tag="TXT_KEY_LEADER_POCATELLO_ATTACKED_2">
      <Text>우린 어떤 공격에도 대항할 준비가 되어 있소!</Text>
    </Row>
    <Row Tag="TXT_KEY_LEADER_POCATELLO_ATTACKED_3">
      <Text>죽을 때까지 싸우겠소!</Text>
    </Row>
    <Row Tag="TXT_KEY_LEADER_POCATELLO_DECLAREWAR_1">
      <Text>각오하시오... 전쟁이오!</Text>
    </Row>
    <Row Tag="TXT_KEY_LEADER_POCATELLO_DECLAREWAR_2">
      <Text>다음에는 전장에서 만납시다!</Text>
    </Row>
    <Row Tag="TXT_KEY_LEADER_POCATELLO_DECLAREWAR_3">
      <Text>이 문제를 해결할 때가 온 것 같소!</Text>
    </Row>
    <Row Tag="TXT_KEY_LEADER_POCATELLO_DEFEATED_1">
      <Text>당신이 이겼소.</Text>
    </Row>
    <Row Tag="TXT_KEY_LEADER_POCATELLO_DEFEATED_2">
      <Text>이걸로 끝이라고 생각하면 오산이오.</Text>
    </Row>
    <Row Tag="TXT_KEY_LEADER_POCATELLO_DEFEATED_3">
      <Text>아직 끝난 게 아니오. 두고 보시오.</Text>
    </Row>
    <Row Tag="TXT_KEY_LEADER_POCATELLO_DEMANDTRIBUTE_ANGRY">
      <Text>원하는 걸 내놓지 않으면 무력을 행사하겠소.</Text>
    </Row>
    <Row Tag="TXT_KEY_LEADER_POCATELLO_DEMANDTRIBUTE_HAPPY">
      <Text>이걸로 우리 우정이 돈독해 질 거요.</Text>
    </Row>
    <Row Tag="TXT_KEY_LEADER_POCATELLO_DEMANDTRIBUTE_NEUTRAL">
      <Text>신중하게 대답하시오.</Text>
    </Row>
    <Row Tag="TXT_KEY_LEADER_POCATELLO_DISAGREE_SHORT_1">
      <Text>거절하겠소.</Text>
    </Row>
    <Row Tag="TXT_KEY_LEADER_POCATELLO_DISAGREE_SHORT_2">
      <Text>당연히 거절하겠소.</Text>
    </Row>
    <Row Tag="TXT_KEY_LEADER_POCATELLO_DISAGREE_SHORT_3">
      <Text>생각할 필요도 없이 거절이오.</Text>
    </Row>
    <Row Tag="TXT_KEY_LEADER_POCATELLO_DISAGREE_SHORT_4">
      <Text>거절해야겠소.</Text>
    </Row>
    <Row Tag="TXT_KEY_LEADER_POCATELLO_DISAGREE_SHORT_5">
      <Text>뭐라고 했소?</Text>
    </Row>
    <Row Tag="TXT_KEY_LEADER_POCATELLO_DISAGREE_SHORT_6">
      <Text>받아들일 수 없소.</Text>
    </Row>
    <Row Tag="TXT_KEY_LEADER_POCATELLO_DISAGREE_SHORT_7">
      <Text>지금 장난하시오?</Text>
    </Row>
    <Row Tag="TXT_KEY_LEADER_POCATELLO_FIRSTGREETING_1">
      <Text>쇼쇼니의 포카텔로라고 하오. 함께 평화와 번영을 누립시다.</Text>
    </Row>
    <Row Tag="TXT_KEY_LEADER_POCATELLO_FIRSTGREETING_2">
      <Text>난 쇼쇼니의 포카텔로 추장이오. 우리 땅에는 무슨 일로 오셨소?</Text>
    </Row>
    <Row Tag="TXT_KEY_LEADER_POCATELLO_FIRSTGREETING_3">
      <Text>환영하오! 오늘이 양국의 평화가 시작된 날로 기억되기를 바랍니다.</Text>
    </Row>
    <Row Tag="TXT_KEY_LEADER_POCATELLO_GOODBYE_1">
      <Text>그만 가보시오.</Text>
    </Row>
    <Row Tag="TXT_KEY_LEADER_POCATELLO_GOODBYE_2">
      <Text>이게 다요.</Text>
    </Row>
    <Row Tag="TXT_KEY_LEADER_POCATELLO_GOODBYE_3">
      <Text>용무는 끝난 것 같군.</Text>
    </Row>
    <Row Tag="TXT_KEY_LEADER_POCATELLO_GOODBYE_4">
      <Text>잘 가시오.</Text>
    </Row>
    <Row Tag="TXT_KEY_LEADER_POCATELLO_GOODBYE_5">
      <Text>이게 다요.</Text>
    </Row>
    <Row Tag="TXT_KEY_LEADER_POCATELLO_GOODBYE_6">
      <Text>볼일은 끝났소.</Text>
    </Row>
    <Row Tag="TXT_KEY_LEADER_POCATELLO_GREETING_1">
      <Text>환영하오.</Text>
    </Row>
    <Row Tag="TXT_KEY_LEADER_POCATELLO_GREETING_2">
      <Text>안녕하시오!</Text>
    </Row>
    <Row Tag="TXT_KEY_LEADER_POCATELLO_GREETING_3">
      <Text>반갑소.</Text>
    </Row>
    <Row Tag="TXT_KEY_LEADER_POCATELLO_GREETING_4">
      <Text>음?</Text>
    </Row>
    <Row Tag="TXT_KEY_LEADER_POCATELLO_GREETING_5">
      <Text>원하는 게 뭐요?</Text>
    </Row>
    <Row Tag="TXT_KEY_LEADER_POCATELLO_GREETING_6">
      <Text>원하는 게 뭐요?</Text>
    </Row>
    <Row Tag="TXT_KEY_LEADER_POCATELLO_LETSHEARIT_1">
      <Text>말 하시오.</Text>
    </Row>
    <Row Tag="TXT_KEY_LEADER_POCATELLO_LETSHEARIT_2">
      <Text>계속하시오.</Text>
    </Row>
    <Row Tag="TXT_KEY_LEADER_POCATELLO_LETSHEARIT_3">
      <Text>듣고 있소.</Text>
    </Row>
    <Row Tag="TXT_KEY_LEADER_POCATELLO_LETSHEARIT_4">
      <Text>음?</Text>
    </Row>
    <Row Tag="TXT_KEY_LEADER_POCATELLO_LETSHEARIT_5">
      <Text>뭐라고 했소?</Text>
    </Row>
    <Row Tag="TXT_KEY_LEADER_POCATELLO_LOSEWAR_1">
      <Text>우리가 졌다고 기죽을 것 같소?</Text>
    </Row>
    <Row Tag="TXT_KEY_LEADER_POCATELLO_LOSEWAR_2">
      <Text>우리가 졌다고 기죽을 것 같소?</Text>
    </Row>
    <Row Tag="TXT_KEY_LEADER_POCATELLO_TRADE_NEEDMORE_ANGRY_1">
      <Text>우리가 이방인과 처음 거래하는 줄 아시오?</Text>
    </Row>
    <Row Tag="TXT_KEY_LEADER_POCATELLO_TRADE_NEEDMORE_ANGRY_2">
      <Text>충분하지 않소.</Text>
    </Row>
    <Row Tag="TXT_KEY_LEADER_POCATELLO_TRADE_NEEDMORE_ANGRY_3">
      <Text>약간 실망스럽군.</Text>
    </Row>
    <Row Tag="TXT_KEY_LEADER_POCATELLO_TRADE_NEEDMORE_ANGRY_4">
      <Text>모욕적인 제안이군.</Text>
    </Row>
    <Row Tag="TXT_KEY_LEADER_POCATELLO_TRADE_NEEDMORE_HAPPY_1">
      <Text>친구를 돕는 건 당연하지만, 당신은 너무 요구하는 게 많소.</Text>
    </Row>
    <Row Tag="TXT_KEY_LEADER_POCATELLO_TRADE_NEEDMORE_HAPPY_2">
      <Text>이게 최선이오?</Text>
    </Row>
    <Row Tag="TXT_KEY_LEADER_POCATELLO_TRADE_NEEDMORE_HAPPY_3">
      <Text>조금 만 더 인심 쓰시오.</Text>
    </Row>
    <Row Tag="TXT_KEY_LEADER_POCATELLO_TRADE_NEEDMORE_NEUTRAL_1">
      <Text>요구하는 게 너무 많소.</Text>
    </Row>
    <Row Tag="TXT_KEY_LEADER_POCATELLO_TRADE_NEEDMORE_NEUTRAL_2">
      <Text>좀 더 나은 제안을 해 보시오.</Text>
    </Row>
    <Row Tag="TXT_KEY_LEADER_POCATELLO_TRADE_NEEDMORE_NEUTRAL_3">
      <Text>마음에 들긴 하지만 좀...</Text>
    </Row>
    <Row Tag="TXT_KEY_LEADER_POCATELLO_TRADE_NEEDMORE_NEUTRAL_4">
      <Text>만족스럽지 않소.</Text>
    </Row>
    <Row Tag="TXT_KEY_LEADER_POCATELLO_TRADE_NO_ANGRY">
      <Text>당신 같은 자는 참을 수 없소.</Text>
    </Row>
    <Row Tag="TXT_KEY_LEADER_POCATELLO_TRADE_NO_HAPPY">
      <Text>아무리 당신이라 해도 그건 무리요.</Text>
    </Row>
    <Row Tag="TXT_KEY_LEADER_POCATELLO_TRADE_NO_NEUTRAL">
      <Text>할 수 없소.</Text>
    </Row>
    <Row Tag="TXT_KEY_LEADER_POCATELLO_TRADE_YES_ANGRY">
      <Text>달리 방법이 없군.</Text>
    </Row>
    <Row Tag="TXT_KEY_LEADER_POCATELLO_TRADE_YES_HAPPY">
      <Text>모두에게 득이 되는 길이오.</Text>
    </Row>
    <Row Tag="TXT_KEY_LEADER_POCATELLO_TRADE_YES_NEUTRAL">
      <Text>거래합시다.</Text>
    </Row>
    <Row Tag="TXT_KEY_LEADER_POCATELLO_TRADEREQUEST_ANGRY">
      <Text>나도 당신에게 이런 제안을 하는 게 즐겁지 않소.</Text>
    </Row>
    <Row Tag="TXT_KEY_LEADER_POCATELLO_TRADEREQUEST_HAPPY">
      <Text>양국의 번영을 위한 길이오.</Text>
    </Row>
    <Row Tag="TXT_KEY_LEADER_POCATELLO_TRADEREQUEST_NEUTRAL">
      <Text>내 제안을 들어보겠소?</Text>
    </Row>
    <Row Tag="TXT_KEY_LEADER_POCATELLO_TRIBUTE_NO_ANGRY">
      <Text>개인적으로는 이런 부탁은 하지 않겠지만, 백성이 원하는 바요.</Text>
    </Row>
    <Row Tag="TXT_KEY_LEADER_POCATELLO_TRIBUTE_NO_HAPPY">
      <Text>내 관대함에도 분명 한계는 있소.</Text>
    </Row>
    <Row Tag="TXT_KEY_LEADER_POCATELLO_TRIBUTE_NO_NEUTRAL">
      <Text>이런 시시한 일에 신경 쓸 틈이 없소.</Text>
    </Row>
    <Row Tag="TXT_KEY_LEADER_POCATELLO_TRIBUTE_YES_ANGRY">
      <Text>그렇게 하겠소. 하지만 이 일은 잊지 않겠소.</Text>
    </Row>
    <Row Tag="TXT_KEY_LEADER_POCATELLO_TRIBUTE_YES_HAPPY">
      <Text>원하는 걸 가져가시오, 친구.</Text>
    </Row>
    <Row Tag="TXT_KEY_LEADER_POCATELLO_TRIBUTE_YES_NEUTRAL">
      <Text>곤경에 처한 우방을 돕는 건 명예로운 일이지.</Text>
    </Row>
    <Row Tag="TXT_KEY_LEADER_POCATELLO_WARBLUFF_1">
      <Text>당신이 하는 말은 의미가 없소.</Text>
    </Row>
    <Row Tag="TXT_KEY_LEADER_POCATELLO_WARBLUFF_2">
      <Text>무척 실망했소.</Text>
    </Row>
    <Row Tag="TXT_KEY_LEADER_POCATELLO_WARBLUFF_3">
      <Text>어이가 없군.</Text>
    </Row>
    <Row Tag="TXT_KEY_LEADER_POCATELLO_WINWAR_1">
      <Text>드디어 이 분쟁을 해결하게 되어 기쁘군.</Text>
    </Row>
    <Row Tag="TXT_KEY_LEADER_POCATELLO_WINWAR_2">
      <Text>드디어 이 분쟁을 해결하게 되어 기쁘군.</Text>
    </Row>
  </Language_KO_KR>
</GameData>