﻿<?xml version="1.0" encoding="utf-8"?>
<!--Generated with LocalizationBuddy.-->
<!--Copyright Firaxis Games 2010-->
<!--All Rights Reserved-->
<GameData>
  <Language_KO_KR>
    <Row Tag="TXT_KEY_LEADER_SELASSIE_AGREE_SHORT_1">
      <Text>좋소.</Text>
    </Row>
    <Row Tag="TXT_KEY_LEADER_SELASSIE_AGREE_SHORT_2">
      <Text>아주 좋소.</Text>
    </Row>
    <Row Tag="TXT_KEY_LEADER_SELASSIE_AGREE_SHORT_3">
      <Text>물론이오.</Text>
    </Row>
    <Row Tag="TXT_KEY_LEADER_SELASSIE_AGREE_SHORT_4">
      <Text>그래야 한다면 좋습니다.</Text>
    </Row>
    <Row Tag="TXT_KEY_LEADER_SELASSIE_ATTACKED_1">
      <Text>성 게오르기우스가 용을 죽였듯 우리도 인류를 탄압하려고 나타난 이 잔혹한 용에게 맞서 싸워야 합니다.</Text>
    </Row>
    <Row Tag="TXT_KEY_LEADER_SELASSIE_ATTACKED_2">
      <Text>악행을 보고도 잠자코 있으면 안 됩니다. 당신의 미친 짓을 그냥 두고 보지는 않겠습니다.</Text>
    </Row>
    <Row Tag="TXT_KEY_LEADER_SELASSIE_ATTACKED_3">
      <Text>늘 만족하지 못하고 주변 약소국을 먹어치우려 하다니. 우리 다음은 어디입니까? 절대로 항복하지 않겠습니다.</Text>
    </Row>
    <Row Tag="TXT_KEY_LEADER_SELASSIE_DECLAREWAR_1">
      <Text>악을 악으로 다스릴 수는 없습니다. 우리는 당신이 좋아하는 잔학 행위를 하지 않겠습니다. 그렇다고 그냥 앉아서 당신이 원하는 대로 하게 내버려 두지도 않겠습니다.</Text>
    </Row>
    <Row Tag="TXT_KEY_LEADER_SELASSIE_DECLAREWAR_2">
      <Text>고심 끝에 당신과 싸우기로 했습니다. 정의는 반드시 승리한다고 믿는 우리가 당신 문명을 이길 것입니다.</Text>
    </Row>
    <Row Tag="TXT_KEY_LEADER_SELASSIE_DECLAREWAR_3">
      <Text>대안을 두루 찾아보았지만, 당신이 고집하는 미친 짓거리 외에는 방법이 없는 것 같군요. 이렇게 된 이상 당신을 빨리 없애는 게 모두를 위하는 길입니다.</Text>
    </Row>
    <Row Tag="TXT_KEY_LEADER_SELASSIE_DEFEATED_1">
      <Text>오늘 당신이 한 행동은 하늘과 땅이 기억할 것입니다. 심판받을 준비가 되었기를 바랍니다.</Text>
    </Row>
    <Row Tag="TXT_KEY_LEADER_SELASSIE_DEFEATED_2">
      <Text>이 세상에서 사악함이 사라지지 않는다는 사실이 슬프군요. 사람들을 사지로 몰아넣기 전에 정신을 차리는 게 좋을 것입니다.</Text>
    </Row>
    <Row Tag="TXT_KEY_LEADER_SELASSIE_DEFEATED_3">
      <Text>이성적인 사람은 남들과 협력하기 마련입니다. 자신이 어디에서 나왔고 또 어디로 가는지 알기 때문입니다. 당신은 어떻습니까?</Text>
    </Row>
    <Row Tag="TXT_KEY_LEADER_SELASSIE_DEMANDTRIBUTE_ANGRY">
      <Text>빈민과 병자, 노인을 도와야 합니다. 설마 당신마저 이들을 외면하지는 않겠지요?</Text>
    </Row>
    <Row Tag="TXT_KEY_LEADER_SELASSIE_DEMANDTRIBUTE_HAPPY">
      <Text>친구여, 에티오피아가 어려움에 처했습니다. 이 재앙을 극복할 수 있도록 조금 도와주십시오. </Text>
    </Row>
    <Row Tag="TXT_KEY_LEADER_SELASSIE_DEMANDTRIBUTE_NEUTRAL">
      <Text>곤경에 빠진 에티오피아에 자비의 손길을 베푸십시오. 지금 우리에게는 이 곤경을 헤치고 나갈 힘이 없습니다.</Text>
    </Row>
    <Row Tag="TXT_KEY_LEADER_SELASSIE_DISAGREE_SHORT_1">
      <Text>거절하겠소.</Text>
    </Row>
    <Row Tag="TXT_KEY_LEADER_SELASSIE_DISAGREE_SHORT_2">
      <Text>아니요.</Text>
    </Row>
    <Row Tag="TXT_KEY_LEADER_SELASSIE_DISAGREE_SHORT_3">
      <Text>생각할 필요도 없이 거절이오.</Text>
    </Row>
    <Row Tag="TXT_KEY_LEADER_SELASSIE_DISAGREE_SHORT_4">
      <Text>거절하겠습니다.</Text>
    </Row>
    <Row Tag="TXT_KEY_LEADER_SELASSIE_DISAGREE_SHORT_5">
      <Text>뭐라고요?</Text>
    </Row>
    <Row Tag="TXT_KEY_LEADER_SELASSIE_DISAGREE_SHORT_6">
      <Text>받아들일 수 없습니다.</Text>
    </Row>
    <Row Tag="TXT_KEY_LEADER_SELASSIE_DISAGREE_SHORT_7">
      <Text>지금 장난하시오?</Text>
    </Row>
    <Row Tag="TXT_KEY_LEADER_SELASSIE_FIRSTGREETING_1">
      <Text>어서 오십시오. 저는 라스 타파리 마코넨이자 에티오피아의 황제인 하일레 셀라시에라고 합니다.</Text>
    </Row>
    <Row Tag="TXT_KEY_LEADER_SELASSIE_FIRSTGREETING_2">
      <Text>에티오피아는 평화와 우정을 바라는 방문자라면 누구나 환영입니다. 서로에게 이득이 되는 관계가 오래가기를 바랍니다.</Text>
    </Row>
    <Row Tag="TXT_KEY_LEADER_SELASSIE_FIRSTGREETING_3">
      <Text>평화와 풍요의 땅에 온 것을 환영합니다. 저는 왕 중의 왕이자 영주 중의 영주, 유다 부족을 정복한 사자라고 합니다. 간단히 하일레 셀라시에라고 부르십시오.</Text>
    </Row>
    <Row Tag="TXT_KEY_LEADER_SELASSIE_GOODBYE_1">
      <Text>또 봅시다.</Text>
    </Row>
    <Row Tag="TXT_KEY_LEADER_SELASSIE_GOODBYE_2">
      <Text>안녕히 가시오.</Text>
    </Row>
    <Row Tag="TXT_KEY_LEADER_SELASSIE_GOODBYE_3">
      <Text>안녕히 가세요.</Text>
    </Row>
    <Row Tag="TXT_KEY_LEADER_SELASSIE_GOODBYE_4">
      <Text>안녕히 가시오.</Text>
    </Row>
    <Row Tag="TXT_KEY_LEADER_SELASSIE_GOODBYE_5">
      <Text>그게 다요.</Text>
    </Row>
    <Row Tag="TXT_KEY_LEADER_SELASSIE_GOODBYE_6">
      <Text>이제 사라지시오.</Text>
    </Row>
    <Row Tag="TXT_KEY_LEADER_SELASSIE_GREETING_1">
      <Text>진심으로 환영합니다.</Text>
    </Row>
    <Row Tag="TXT_KEY_LEADER_SELASSIE_GREETING_2">
      <Text>반갑소.</Text>
    </Row>
    <Row Tag="TXT_KEY_LEADER_SELASSIE_GREETING_3">
      <Text>환영하오.</Text>
    </Row>
    <Row Tag="TXT_KEY_LEADER_SELASSIE_GREETING_4">
      <Text>그동안 잘 지냈습니까?</Text>
    </Row>
    <Row Tag="TXT_KEY_LEADER_SELASSIE_GREETING_5">
      <Text>음?</Text>
    </Row>
    <Row Tag="TXT_KEY_LEADER_SELASSIE_GREETING_6">
      <Text>원하는 게 뭐요?</Text>
    </Row>
    <Row Tag="TXT_KEY_LEADER_SELASSIE_LETSHEARIT_1">
      <Text>듣고 있어요.</Text>
    </Row>
    <Row Tag="TXT_KEY_LEADER_SELASSIE_LETSHEARIT_2">
      <Text>말 하시오.</Text>
    </Row>
    <Row Tag="TXT_KEY_LEADER_SELASSIE_LETSHEARIT_3">
      <Text>계속하시오.</Text>
    </Row>
    <Row Tag="TXT_KEY_LEADER_SELASSIE_LETSHEARIT_4">
      <Text>듣고 있습니다.</Text>
    </Row>
    <Row Tag="TXT_KEY_LEADER_SELASSIE_LETSHEARIT_5">
      <Text>그래서?</Text>
    </Row>
    <Row Tag="TXT_KEY_LEADER_SELASSIE_LOSEWAR_1">
      <Text>그릇된 자는 가끔 그릇된 생각을 하고 결국 그릇된 행동을 합니다. 당신도 아직 늦지 않았으니 진리를 찾으십시오.</Text>
    </Row>
    <Row Tag="TXT_KEY_LEADER_SELASSIE_LOSEWAR_2">
      <Text>당신 문명이 당신을 지켜보고 있다는 사실을 명심하십시오. 계속 이렇게 악행을 저지르면 사람들의 신뢰와 희망을 저버리게 됩니다.</Text>
    </Row>
    <Row Tag="TXT_KEY_LEADER_SELASSIE_QUOTE_1">
      <Text>역사를 되짚어 보면 중요한 사람들이 중요한 순간에 행동을 미루고 무관심하고 침묵을 지킬 때 악이 번창합니다.</Text>
    </Row>
    <Row Tag="TXT_KEY_LEADER_SELASSIE_QUOTE_2">
      <Text>우리는 사람보다 짐승에게 더 동정심을 느낍니다. 사악한 짐승은 없으니까요.</Text>
    </Row>
    <Row Tag="TXT_KEY_LEADER_SELASSIE_TRADE_NEEDMORE_ANGRY_1">
      <Text>도대체 에티오피아에 무슨 억하심정이 있길래 이럽니까? 이런 부당한 대우는 처음입니다.</Text>
    </Row>
    <Row Tag="TXT_KEY_LEADER_SELASSIE_TRADE_NEEDMORE_ANGRY_2">
      <Text>그걸로는 충분치 않아요.</Text>
    </Row>
    <Row Tag="TXT_KEY_LEADER_SELASSIE_TRADE_NEEDMORE_ANGRY_3">
      <Text>더 나은 제안을 하시오.</Text>
    </Row>
    <Row Tag="TXT_KEY_LEADER_SELASSIE_TRADE_NEEDMORE_ANGRY_4">
      <Text>그걸로는 좀...</Text>
    </Row>
    <Row Tag="TXT_KEY_LEADER_SELASSIE_TRADE_NEEDMORE_HAPPY_1">
      <Text>이 보십시오, 선의라는 것은 알겠지만 이러면 곤란합니다. 우리가 단순할지는 몰라도 당신에게 이용당할 정도로 어리석지는 않습니다.</Text>
    </Row>
    <Row Tag="TXT_KEY_LEADER_SELASSIE_TRADE_NEEDMORE_HAPPY_2">
      <Text>이게 최선이오?</Text>
    </Row>
    <Row Tag="TXT_KEY_LEADER_SELASSIE_TRADE_NEEDMORE_HAPPY_3">
      <Text>조금만 더 써보시오.</Text>
    </Row>
    <Row Tag="TXT_KEY_LEADER_SELASSIE_TRADE_NEEDMORE_NEUTRAL_1">
      <Text>구미가 당기지만 이대로 받아들이기에는 약간 모자랍니다. 다시 생각해 주십시오.</Text>
    </Row>
    <Row Tag="TXT_KEY_LEADER_SELASSIE_TRADE_NEEDMORE_NEUTRAL_2">
      <Text>더 괜찮은 제안을 할 수는 없소?</Text>
    </Row>
    <Row Tag="TXT_KEY_LEADER_SELASSIE_TRADE_NEEDMORE_NEUTRAL_3">
      <Text>그걸로는 아직 충분하지 않아요.</Text>
    </Row>
    <Row Tag="TXT_KEY_LEADER_SELASSIE_TRADE_NEEDMORE_NEUTRAL_4">
      <Text>그걸로는 좀...</Text>
    </Row>
    <Row Tag="TXT_KEY_LEADER_SELASSIE_TRADE_NO_ANGRY">
      <Text>이건 에티오피아의 지도자와 국민을 우롱하는 행위입니다. 그만 가보시지요.</Text>
    </Row>
    <Row Tag="TXT_KEY_LEADER_SELASSIE_TRADE_NO_HAPPY">
      <Text>고맙지만 사양하겠어.</Text>
    </Row>
    <Row Tag="TXT_KEY_LEADER_SELASSIE_TRADE_NO_NEUTRAL">
      <Text>관심 없소.</Text>
    </Row>
    <Row Tag="TXT_KEY_LEADER_SELASSIE_TRADE_YES_ANGRY">
      <Text>동의하오.</Text>
    </Row>
    <Row Tag="TXT_KEY_LEADER_SELASSIE_TRADE_YES_HAPPY">
      <Text>동의하오.</Text>
    </Row>
    <Row Tag="TXT_KEY_LEADER_SELASSIE_TRADE_YES_NEUTRAL">
      <Text>좋습니다.</Text>
    </Row>
    <Row Tag="TXT_KEY_LEADER_SELASSIE_TRADEREQUEST_ANGRY">
      <Text>서로 한 발씩 양보하고 이 거래를 성사시키는 게 어떻습니까?</Text>
    </Row>
    <Row Tag="TXT_KEY_LEADER_SELASSIE_TRADEREQUEST_HAPPY">
      <Text>자, 만찬을 즐기며 세상사를 논해 봅시다. 우리나라 사람은 원래 재물에 집착하지 않지만 당신이 살만한 물건도 있을 겁니다.</Text>
    </Row>
    <Row Tag="TXT_KEY_LEADER_SELASSIE_TRADEREQUEST_NEUTRAL">
      <Text>이 제안을 고려해 보십시오. 내 생각에는 이 거래가 양 문명에 이익이 될 것입니다.</Text>
    </Row>
    <Row Tag="TXT_KEY_LEADER_SELASSIE_TRIBUTE_NO_ANGRY">
      <Text>우리가 가진 것은 이미 다 가지고 있으면서 왜 빼앗으려고 합니까? 이 땅을 황폐하게 만들 생각입니까?</Text>
    </Row>
    <Row Tag="TXT_KEY_LEADER_SELASSIE_TRIBUTE_NO_HAPPY">
      <Text>정말 안타깝지만 지금은 빌려줄 수 없습니다. 달리 필요한 것은 없습니까?</Text>
    </Row>
    <Row Tag="TXT_KEY_LEADER_SELASSIE_TRIBUTE_NO_NEUTRAL">
      <Text>미안하지만 지금은 남을 도와줄 여력이 없습니다. 그래도 당신이 도움이 필요하다는 사실을 염두에 두겠습니다.</Text>
    </Row>
    <Row Tag="TXT_KEY_LEADER_SELASSIE_TRIBUTE_YES_ANGRY">
      <Text>지금은 당신을 막을만한 힘이 없지만 언제든 상황이 바뀔 수 있습니다.</Text>
    </Row>
    <Row Tag="TXT_KEY_LEADER_SELASSIE_TRIBUTE_YES_HAPPY">
      <Text>우리는 악의 무리에 대항하는 모든 이에게 도움을 줄 각오가 되어 있습니다.</Text>
    </Row>
    <Row Tag="TXT_KEY_LEADER_SELASSIE_TRIBUTE_YES_NEUTRAL">
      <Text>물어보기만 하면 됐을 텐데요. 다음부터는 조금 더 공손하게 부탁하십시오.</Text>
    </Row>
    <Row Tag="TXT_KEY_LEADER_SELASSIE_WARBLUFF_1">
      <Text>참 안타깝군요.</Text>
    </Row>
    <Row Tag="TXT_KEY_LEADER_SELASSIE_WARBLUFF_2">
      <Text>이렇게 행동하는 당신을 보니 참 안쓰럽습니다.</Text>
    </Row>
    <Row Tag="TXT_KEY_LEADER_SELASSIE_WARBLUFF_3">
      <Text>당신은 눈앞에 있는 것만 보는 어린아이 같습니다.</Text>
    </Row>
    <Row Tag="TXT_KEY_LEADER_SELASSIE_WINWAR_1">
      <Text>전쟁만이 전쟁을 멈출 수 있는 것은 아닙니다. 이 교훈을 마음에 새겨 두십시오. 그리고 고국으로 돌아가 이 말을 되새겨 보십시오.</Text>
    </Row>
    <Row Tag="TXT_KEY_LEADER_SELASSIE_WINWAR_2">
      <Text>오늘은 우리가 적을 물리친 날입니다. 그러나 겸허하게 마음속으로만 축배를 들고 신에게 감사하십시오.</Text>
    </Row>
  </Language_KO_KR>
</GameData>