﻿<?xml version="1.0" encoding="utf-8"?>
<!--Generated with LocalizationBuddy.-->
<!--Copyright Firaxis Games 2010-->
<!--All Rights Reserved-->
<GameData>
  <Language_KO_KR>
    <Row Tag="TXT_KEY_LEADER_ASHURBANIPAL_AGREE_SHORT_1">
      <Text>좋습니다.</Text>
    </Row>
    <Row Tag="TXT_KEY_LEADER_ASHURBANIPAL_AGREE_SHORT_2">
      <Text>뭐, 좋습니다.</Text>
    </Row>
    <Row Tag="TXT_KEY_LEADER_ASHURBANIPAL_AGREE_SHORT_3">
      <Text>물론이죠.</Text>
    </Row>
    <Row Tag="TXT_KEY_LEADER_ASHURBANIPAL_AGREE_SHORT_4">
      <Text>동의합니다.</Text>
    </Row>
    <Row Tag="TXT_KEY_LEADER_ASHURBANIPAL_AGREE_SHORT_5">
      <Text>훌륭합니다.</Text>
    </Row>
    <Row Tag="TXT_KEY_LEADER_ASHURBANIPAL_ATTACKED_1">
      <Text>현명하지 못한 판단이군요. 후회하게 될 겁니다.</Text>
    </Row>
    <Row Tag="TXT_KEY_LEADER_ASHURBANIPAL_ATTACKED_2">
      <Text>정말 어리석은 결정이로군요. 뭔가를 잘못 알고 있는 것 같습니다.</Text>
    </Row>
    <Row Tag="TXT_KEY_LEADER_ASHURBANIPAL_ATTACKED_3">
      <Text>큰 실수를 한 겁니다. 결과를 즐겁게 지켜보겠습니다.</Text>
    </Row>
    <Row Tag="TXT_KEY_LEADER_ASHURBANIPAL_DECLAREWAR_1">
      <Text>어쩔 수 없이 당신을 없애야겠습니다.</Text>
    </Row>
    <Row Tag="TXT_KEY_LEADER_ASHURBANIPAL_DECLAREWAR_2">
      <Text>심사숙고한 결과 당신이 사라져야 한다는 결론이 나왔습니다. 전쟁입니다!</Text>
    </Row>
    <Row Tag="TXT_KEY_LEADER_ASHURBANIPAL_DECLAREWAR_3">
      <Text>더는 참을 수 없습니다. 이제 남은 길은 전쟁뿐입니다.</Text>
    </Row>
    <Row Tag="TXT_KEY_LEADER_ASHURBANIPAL_DEFEATED_1">
      <Text>당신이 이겼소. 아무래도 내가 당신을 과소평가했나 봅니다.</Text>
    </Row>
    <Row Tag="TXT_KEY_LEADER_ASHURBANIPAL_DEFEATED_2">
      <Text>고대 문헌에 이런 결과에 대비하라는 말은 없었는데...</Text>
    </Row>
    <Row Tag="TXT_KEY_LEADER_ASHURBANIPAL_DEFEATED_3">
      <Text>당신이 승리했다고 역사에 기록되겠지만, 그리 오랫동안은 아닐 겁니다.</Text>
    </Row>
    <Row Tag="TXT_KEY_LEADER_ASHURBANIPAL_DEMANDTRIBUTE_ANGRY">
      <Text>우리 백성이 이걸 원하오. 기꺼이 내놓으시오.</Text>
    </Row>
    <Row Tag="TXT_KEY_LEADER_ASHURBANIPAL_DEMANDTRIBUTE_HAPPY">
      <Text>친구를 도와야 하지 않겠소?</Text>
    </Row>
    <Row Tag="TXT_KEY_LEADER_ASHURBANIPAL_DEMANDTRIBUTE_NEUTRAL">
      <Text>난 아쉬울 때 도움을 준 사람을 잊는 법이 없소.</Text>
    </Row>
    <Row Tag="TXT_KEY_LEADER_ASHURBANIPAL_DISAGREE_SHORT_1">
      <Text>아니요.</Text>
    </Row>
    <Row Tag="TXT_KEY_LEADER_ASHURBANIPAL_DISAGREE_SHORT_2">
      <Text>안 될 말입니다.</Text>
    </Row>
    <Row Tag="TXT_KEY_LEADER_ASHURBANIPAL_DISAGREE_SHORT_3">
      <Text>거절하겠습니다.</Text>
    </Row>
    <Row Tag="TXT_KEY_LEADER_ASHURBANIPAL_DISAGREE_SHORT_4">
      <Text>당연히 안 됩니다.</Text>
    </Row>
    <Row Tag="TXT_KEY_LEADER_ASHURBANIPAL_DISAGREE_SHORT_5">
      <Text>뭐라고요?</Text>
    </Row>
    <Row Tag="TXT_KEY_LEADER_ASHURBANIPAL_DISAGREE_SHORT_6">
      <Text>받아들일 수 없습니다.</Text>
    </Row>
    <Row Tag="TXT_KEY_LEADER_ASHURBANIPAL_DISAGREE_SHORT_7">
      <Text>농담하는 겁니까?</Text>
    </Row>
    <Row Tag="TXT_KEY_LEADER_ASHURBANIPAL_FIRSTGREETING_1">
      <Text>난 아시리아의 아슈르바니팔이오. 당신은 누구시오?</Text>
    </Row>
    <Row Tag="TXT_KEY_LEADER_ASHURBANIPAL_FIRSTGREETING_2">
      <Text>위대한 아시리아에 온 걸 환영하오... 혹시 내 도서관을 구경하러 오셨소?</Text>
    </Row>
    <Row Tag="TXT_KEY_LEADER_ASHURBANIPAL_FIRSTGREETING_3">
      <Text>반갑습니다. 당신 문명의 역사에 대해 알고 싶소.</Text>
    </Row>
    <Row Tag="TXT_KEY_LEADER_ASHURBANIPAL_GOODBYE_1">
      <Text>그만 가보시오.</Text>
    </Row>
    <Row Tag="TXT_KEY_LEADER_ASHURBANIPAL_GOODBYE_2">
      <Text>그게 다요.</Text>
    </Row>
    <Row Tag="TXT_KEY_LEADER_ASHURBANIPAL_GOODBYE_3">
      <Text>용무는 끝났소.</Text>
    </Row>
    <Row Tag="TXT_KEY_LEADER_ASHURBANIPAL_GOODBYE_4">
      <Text>안녕히 가시오.</Text>
    </Row>
    <Row Tag="TXT_KEY_LEADER_ASHURBANIPAL_GOODBYE_5">
      <Text>이제 사라지시오.</Text>
    </Row>
    <Row Tag="TXT_KEY_LEADER_ASHURBANIPAL_GOODBYE_6">
      <Text>더 할 이야기는 없소.</Text>
    </Row>
    <Row Tag="TXT_KEY_LEADER_ASHURBANIPAL_GREETING_1">
      <Text>환영하오.</Text>
    </Row>
    <Row Tag="TXT_KEY_LEADER_ASHURBANIPAL_GREETING_2">
      <Text>안녕하시오!</Text>
    </Row>
    <Row Tag="TXT_KEY_LEADER_ASHURBANIPAL_GREETING_3">
      <Text>어서 오시오.</Text>
    </Row>
    <Row Tag="TXT_KEY_LEADER_ASHURBANIPAL_GREETING_4">
      <Text>음?</Text>
    </Row>
    <Row Tag="TXT_KEY_LEADER_ASHURBANIPAL_GREETING_5">
      <Text>뭘 원하시오?</Text>
    </Row>
    <Row Tag="TXT_KEY_LEADER_ASHURBANIPAL_GREETING_6">
      <Text>오, 당신이군.</Text>
    </Row>
    <Row Tag="TXT_KEY_LEADER_ASHURBANIPAL_LETSHEARIT_1">
      <Text>말하시오.</Text>
    </Row>
    <Row Tag="TXT_KEY_LEADER_ASHURBANIPAL_LETSHEARIT_2">
      <Text>계속하시오.</Text>
    </Row>
    <Row Tag="TXT_KEY_LEADER_ASHURBANIPAL_LETSHEARIT_3">
      <Text>듣고 있소.</Text>
    </Row>
    <Row Tag="TXT_KEY_LEADER_ASHURBANIPAL_LETSHEARIT_4">
      <Text>음?</Text>
    </Row>
    <Row Tag="TXT_KEY_LEADER_ASHURBANIPAL_LETSHEARIT_5">
      <Text>뭐라고 하셨소?</Text>
    </Row>
    <Row Tag="TXT_KEY_LEADER_ASHURBANIPAL_LOSEWAR_1">
      <Text>우리가 전쟁에서 졌을지는 몰라도, 우리 문화와 업적은 글로 남아 영원히 남을 거요!</Text>
    </Row>
    <Row Tag="TXT_KEY_LEADER_ASHURBANIPAL_LOSEWAR_2">
      <Text>우리가 전쟁에서 졌을지는 몰라도, 우리 문화와 업적은 글로 남아 영원히 남을 거요!</Text>
    </Row>
    <Row Tag="TXT_KEY_LEADER_ASHURBANIPAL_TRADE_NEEDMORE_ANGRY_1">
      <Text>당신의 제안은 무례하군.</Text>
    </Row>
    <Row Tag="TXT_KEY_LEADER_ASHURBANIPAL_TRADE_NEEDMORE_ANGRY_2">
      <Text>충분하지 않소.</Text>
    </Row>
    <Row Tag="TXT_KEY_LEADER_ASHURBANIPAL_TRADE_NEEDMORE_ANGRY_3">
      <Text>내 시간을 낭비하지 마시오!</Text>
    </Row>
    <Row Tag="TXT_KEY_LEADER_ASHURBANIPAL_TRADE_NEEDMORE_ANGRY_4">
      <Text>모욕적인 제안이군.</Text>
    </Row>
    <Row Tag="TXT_KEY_LEADER_ASHURBANIPAL_TRADE_NEEDMORE_HAPPY_1">
      <Text>당신이 그 정도밖에 안 된다고는 믿고 싶지 않소.</Text>
    </Row>
    <Row Tag="TXT_KEY_LEADER_ASHURBANIPAL_TRADE_NEEDMORE_HAPPY_2">
      <Text>그게 최선이오?</Text>
    </Row>
    <Row Tag="TXT_KEY_LEADER_ASHURBANIPAL_TRADE_NEEDMORE_HAPPY_3">
      <Text>조금만 더하면 합의점에 이를 것 같소만...</Text>
    </Row>
    <Row Tag="TXT_KEY_LEADER_ASHURBANIPAL_TRADE_NEEDMORE_NEUTRAL_1">
      <Text>우리가 뭘 필요로 하는지 잘 모르는 것 같소만?</Text>
    </Row>
    <Row Tag="TXT_KEY_LEADER_ASHURBANIPAL_TRADE_NEEDMORE_NEUTRAL_2">
      <Text>조금 더 나은 제안을 해보시오.</Text>
    </Row>
    <Row Tag="TXT_KEY_LEADER_ASHURBANIPAL_TRADE_NEEDMORE_NEUTRAL_3">
      <Text>조금만 더 써보시지요.</Text>
    </Row>
    <Row Tag="TXT_KEY_LEADER_ASHURBANIPAL_TRADE_NEEDMORE_NEUTRAL_4">
      <Text>이걸로는 부족합니다.</Text>
    </Row>
    <Row Tag="TXT_KEY_LEADER_ASHURBANIPAL_TRADE_NO_ANGRY">
      <Text>왕국 전체를 욕보이는 제안이오. 거절하겠소.</Text>
    </Row>
    <Row Tag="TXT_KEY_LEADER_ASHURBANIPAL_TRADE_NO_HAPPY">
      <Text>아무리 친구라도 이건 받아들일 수 없소.</Text>
    </Row>
    <Row Tag="TXT_KEY_LEADER_ASHURBANIPAL_TRADE_NO_NEUTRAL">
      <Text>심각하게 고려하고 제시하는 조건이 아닌 것 같소.</Text>
    </Row>
    <Row Tag="TXT_KEY_LEADER_ASHURBANIPAL_TRADE_YES_ANGRY">
      <Text>그렇게 나온다면야.</Text>
    </Row>
    <Row Tag="TXT_KEY_LEADER_ASHURBANIPAL_TRADE_YES_HAPPY">
      <Text>거래하게 되어 영광이오.</Text>
    </Row>
    <Row Tag="TXT_KEY_LEADER_ASHURBANIPAL_TRADE_YES_NEUTRAL">
      <Text>공평한 제안이군. 받아들이겠소.</Text>
    </Row>
    <Row Tag="TXT_KEY_LEADER_ASHURBANIPAL_TRADEREQUEST_ANGRY">
      <Text>어쩔 수 없이 당신에게 제안해야겠소.</Text>
    </Row>
    <Row Tag="TXT_KEY_LEADER_ASHURBANIPAL_TRADEREQUEST_HAPPY">
      <Text>우리 왕국을 도와주시오, 친구.</Text>
    </Row>
    <Row Tag="TXT_KEY_LEADER_ASHURBANIPAL_TRADEREQUEST_NEUTRAL">
      <Text>우리와 거래하시겠소?</Text>
    </Row>
    <Row Tag="TXT_KEY_LEADER_ASHURBANIPAL_TRIBUTE_NO_ANGRY">
      <Text>그런 걸 요구하다니, 위험한 발상이오.</Text>
    </Row>
    <Row Tag="TXT_KEY_LEADER_ASHURBANIPAL_TRIBUTE_NO_HAPPY">
      <Text>나처럼 위대한 사람도 그렇게 관대할 수는 없소.</Text>
    </Row>
    <Row Tag="TXT_KEY_LEADER_ASHURBANIPAL_TRIBUTE_NO_NEUTRAL">
      <Text>당신의 어리석은 제안을 듣고 있을 시간은 없소.</Text>
    </Row>
    <Row Tag="TXT_KEY_LEADER_ASHURBANIPAL_TRIBUTE_YES_ANGRY">
      <Text>어쩔 수 없지... 하지만 이건 도둑질이나 다름없소. 나중에 후회할 거요.</Text>
    </Row>
    <Row Tag="TXT_KEY_LEADER_ASHURBANIPAL_TRIBUTE_YES_HAPPY">
      <Text>보상은 충분히 하겠소... 이런 사소한 일로 신경 쓸 시간이 없소.</Text>
    </Row>
    <Row Tag="TXT_KEY_LEADER_ASHURBANIPAL_TRIBUTE_YES_NEUTRAL">
      <Text>당신의 소박한 제안을 들으니 재미있구려. 원하는 걸 가져가시오. 하지만 이번뿐이오.</Text>
    </Row>
    <Row Tag="TXT_KEY_LEADER_ASHURBANIPAL_WARBLUFF_1">
      <Text>공갈 협박이 대단하시군. 앞으로 일어날 일에 대비는 했기를 바라오.</Text>
    </Row>
    <Row Tag="TXT_KEY_LEADER_ASHURBANIPAL_WARBLUFF_2">
      <Text>당신의 뻔뻔함에 질렸소. 후세에 내가 어리석은 결정을 내렸다고 하겠지만, 어쩔 수 없지.</Text>
    </Row>
    <Row Tag="TXT_KEY_LEADER_ASHURBANIPAL_WARBLUFF_3">
      <Text>위험한 도박을 하는군.</Text>
    </Row>
    <Row Tag="TXT_KEY_LEADER_ASHURBANIPAL_WINWAR_1">
      <Text>오늘의 승자는 우리요!</Text>
    </Row>
    <Row Tag="TXT_KEY_LEADER_ASHURBANIPAL_WINWAR_2">
      <Text>오늘의 승자는 우리요!</Text>
    </Row>
  </Language_KO_KR>
</GameData>