﻿<?xml version="1.0" encoding="utf-8"?>
<!--Generated with LocalizationBuddy.-->
<!--Copyright Firaxis Games 2010-->
<!--All Rights Reserved-->
<GameData>
  <Language_KO_KR>
    <Row Tag="TXT_KEY_CITY_NAME_ADAB">
      <Text>아답</Text>
    </Row>
    <Row Tag="TXT_KEY_CITY_NAME_AKSHAK">
      <Text>아크샥</Text>
    </Row>
    <Row Tag="TXT_KEY_CITY_NAME_ALACAHOYUK">
      <Text>알라카호역</Text>
    </Row>
    <Row Tag="TXT_KEY_CITY_NAME_ALALAKH">
      <Text>알라라크</Text>
	  <Plurality>2</Plurality>
    </Row>
    <Row Tag="TXT_KEY_CITY_NAME_ARINNA">
      <Text>아리나</Text>
	  <Plurality>2</Plurality>
    </Row>
    <Row Tag="TXT_KEY_CITY_NAME_BAD_TABIRA">
      <Text>폭군 타비라</Text>
	  <Plurality>2</Plurality>
    </Row>
    <Row Tag="TXT_KEY_CITY_NAME_DILBAT">
      <Text>딜밧</Text>
    </Row>
    <Row Tag="TXT_KEY_CITY_NAME_ENEGI">
      <Text>이니기</Text>
	  <Plurality>2</Plurality>
    </Row>
    <Row Tag="TXT_KEY_CITY_NAME_ERIDU">
      <Text>에리두</Text>
	  <Plurality>2</Plurality>
    </Row>
    <Row Tag="TXT_KEY_CITY_NAME_GAZIURA">
      <Text>가지우라</Text>
	  <Plurality>2</Plurality>
    </Row>
    <Row Tag="TXT_KEY_CITY_NAME_GIRSU">
      <Text>기르수</Text>
	  <Plurality>2</Plurality>
    </Row>
    <Row Tag="TXT_KEY_CITY_NAME_HAKPIS">
      <Text>햅피스</Text>
	  <Plurality>2</Plurality>
    </Row>
    <Row Tag="TXT_KEY_CITY_NAME_HALAB">
      <Text>할랍</Text>
    </Row>
    <Row Tag="TXT_KEY_CITY_NAME_HANHANA">
      <Text>한하나</Text>
	  <Plurality>2</Plurality>
    </Row>
    <Row Tag="TXT_KEY_CITY_NAME_HATTUSA">
      <Text>하투사</Text>
	  <Plurality>2</Plurality>
    </Row>
    <Row Tag="TXT_KEY_CITY_NAME_HUBUSNI">
      <Text>후부스니</Text>
	  <Plurality>2</Plurality>
    </Row>
    <Row Tag="TXT_KEY_CITY_NAME_ISIN">
      <Text>아이신</Text>
    </Row>
    <Row Tag="TXT_KEY_CITY_NAME_JEMDET_NASR">
      <Text>젬데트 나스르</Text>
	  <Plurality>2</Plurality>
    </Row>
    <Row Tag="TXT_KEY_CITY_NAME_KARCHEMISH">
      <Text>카르케미시</Text>
	  <Plurality>2</Plurality>
    </Row>
    <Row Tag="TXT_KEY_CITY_NAME_KISH">
      <Text>키시</Text>
	  <Plurality>2</Plurality>
    </Row>
    <Row Tag="TXT_KEY_CITY_NAME_KISIGA">
      <Text>키시가</Text>
	  <Plurality>2</Plurality>
    </Row>
    <Row Tag="TXT_KEY_CITY_NAME_KUMMANI">
      <Text>쿰마니</Text>
	  <Plurality>2</Plurality>
    </Row>
    <Row Tag="TXT_KEY_CITY_NAME_KUSSARA">
      <Text>쿠사라</Text>
	  <Plurality>2</Plurality>
    </Row>
    <Row Tag="TXT_KEY_CITY_NAME_KUTU">
      <Text>쿠투</Text>
	  <Plurality>2</Plurality>
    </Row>
    <Row Tag="TXT_KEY_CITY_NAME_LAGASH">
      <Text>라가시</Text>
	  <Plurality>2</Plurality>
    </Row>
    <Row Tag="TXT_KEY_CITY_NAME_LANDA">
      <Text>란다</Text>
	  <Plurality>2</Plurality>
    </Row>
    <Row Tag="TXT_KEY_CITY_NAME_LARAK">
      <Text>라라크</Text>
	  <Plurality>2</Plurality>
    </Row>
    <Row Tag="TXT_KEY_CITY_NAME_LARSA">
      <Text>라르사</Text>
	  <Plurality>2</Plurality>
    </Row>
    <Row Tag="TXT_KEY_CITY_NAME_LUSNA">
      <Text>루스나</Text>
	  <Plurality>2</Plurality>
    </Row>
    <Row Tag="TXT_KEY_CITY_NAME_MARAD">
      <Text>마라드</Text>
	  <Plurality>2</Plurality>
    </Row>
    <Row Tag="TXT_KEY_CITY_NAME_NENASSA">
      <Text>네나사</Text>
	  <Plurality>2</Plurality>
    </Row>
    <Row Tag="TXT_KEY_CITY_NAME_NERIK">
      <Text>네릭</Text>
    </Row>
    <Row Tag="TXT_KEY_CITY_NAME_NESA">
      <Text>네사</Text>
	  <Plurality>2</Plurality>
    </Row>
    <Row Tag="TXT_KEY_CITY_NAME_NIBRU">
      <Text>니브루</Text>
	  <Plurality>2</Plurality>
    </Row>
    <Row Tag="TXT_KEY_CITY_NAME_NINA">
      <Text>니나</Text>
	  <Plurality>2</Plurality>
    </Row>
    <Row Tag="TXT_KEY_CITY_NAME_PURUSHANDA">
      <Text>푸루샨다</Text>
	  <Plurality>2</Plurality>
    </Row>
    <Row Tag="TXT_KEY_CITY_NAME_QADESH">
      <Text>카데시</Text>
	  <Plurality>2</Plurality>
    </Row>
    <Row Tag="TXT_KEY_CITY_NAME_SAMUHA">
      <Text>사무하</Text>
	  <Plurality>2</Plurality>
    </Row>
    <Row Tag="TXT_KEY_CITY_NAME_SARISSA">
      <Text>사리사</Text>
	  <Plurality>2</Plurality>
    </Row>
    <Row Tag="TXT_KEY_CITY_NAME_SHURUPPAK">
      <Text>슈루팍</Text>
    </Row>
    <Row Tag="TXT_KEY_CITY_NAME_TUNIP">
      <Text>튜닙</Text>
    </Row>
    <Row Tag="TXT_KEY_CITY_NAME_TUWANUWA">
      <Text>투와누와</Text>
	  <Plurality>2</Plurality>
    </Row>
    <Row Tag="TXT_KEY_CITY_NAME_ULLAMA">
      <Text>울라마</Text>
	  <Plurality>2</Plurality>
    </Row>
    <Row Tag="TXT_KEY_CITY_NAME_UMMA">
      <Text>움마</Text>
	  <Plurality>2</Plurality>
    </Row>
    <Row Tag="TXT_KEY_CITY_NAME_UR">
      <Text>우르</Text>
	  <Plurality>2</Plurality>
    </Row>
    <Row Tag="TXT_KEY_CITY_NAME_URUK">
      <Text>우러크</Text>
	  <Plurality>2</Plurality>
    </Row>
    <Row Tag="TXT_KEY_CITY_NAME_ZABALAM">
      <Text>자발람</Text>
    </Row>
    <Row Tag="TXT_KEY_CITY_NAME_ZIMBIR">
      <Text>잠비르</Text>
	  <Plurality>2</Plurality>
    </Row>
  </Language_KO_KR>
</GameData>