﻿<?xml version="1.0" encoding="utf-8"?>
<!--Generated with LocalizationBuddy.-->
<!--Copyright Firaxis Games 2010-->
<!--All Rights Reserved-->
<GameData>
  <Language_KO_KR>
    <Row Tag="TXT_KEY_BUILDING_LIONS_GATE_HELP">
      <Text>이 도시가 새 타일을 획득하는 데 필요한 [ICON_CULTURE]문화와 [ICON_GOLD]골드가 [COLOR_POSITIVE_TEXT]25%[COLOR_XX] 감소합니다.</Text>
    </Row>
    <Row Tag="TXT_KEY_BUILDING_LIONS_GATE_STRATEGY">
      <Text>성벽을 대체하는 히타이트의 고유 건물인 사자의 관문을 보유한 도시는 방어력이 증가되기 때문에 점령하기가 어려워집니다. 추가로 해당 도시의 문화 경계 성장률이 25%만큼 증가하며 [ICON_GOLD]골드를 2만큼 받습니다.</Text>
    </Row>
    <Row Tag="TXT_KEY_BUILDING_NILOMETER_HELP">
      <Text>[ICON_FOOD]식량이 [COLOR_POSITIVE_TEXT]15%[COLOR_XX] 증가하고 범람원 타일 하나당 [ICON_GOLD]골드가 [COLOR_POSITIVE_TEXT]1[COLOR_XX]씩 추가됩니다.[NEWLINE][NEWLINE]도시가 강 옆에 건설되어 있어야 합니다.</Text>
    </Row>
    <Row Tag="TXT_KEY_BUILDING_NILOMETER_STRATEGY">
      <Text>나일 강 수위계는 물레방앗간을 대체하는 이집트 고유의 건물로 도시의 식량 및 골드 산출량을 증가시키며, 도시가 강 근처에 건설되어 있다면 건설하는 것이 좋습니다.</Text>
    </Row>
    <Row Tag="TXT_KEY_BUILDING_ZIGGURAT_STRATEGY">
      <Text>지구라트는 사원을 대체하는 수메르 고유의 건물로 도시의 문화를 증가시킵니다. 또한, 도시의 영토 확장 속도를 증가시키고 문명의 사회정책 도입 시기를 앞당깁니다. 도시에서 생성되는 과학이 1만큼 증가합니다.</Text>
    </Row>
    <Row Tag="TXT_KEY_CIV5_BUILDINGS_LIONS_GATE_TEXT">
      <Text>사자의 관문은 히타이트 제국의 수도였던 하투사에 세워진 아치 형태의 출입구로 기원전 14세기경에 세워진 것으로 추정됩니다. 관문의 양쪽에는 사자의 형상을 한 거대한 석조물이 있었는데, 사자는 여러 다른 히타이트 건물이나 기념비 등에서 흔하게 찾아볼 수 있는 상징적인 동물이었습니다.</Text>
    </Row>
    <Row Tag="TXT_KEY_CIV5_BUILDINGS_NILOMETER_TEXT">
      <Text>나일 강 수위계는 나일 강의 수위를 측정하기 위해 이집트인이 설계한 수위 측정용 건축물로 매년 홍수 때 사용되었습니다. 이집트인은 매년 나일 강이 범람하면 주변 땅에 쌓이는 비옥한 흙에 의지해 농사를 지었습니다. 하지만 수위가 너무 올라가면 농경 시설이 파괴되어 농사를 지을 수 없었고 수위가 너무 낮으면 작황이 나빴으므로 이집트인들은 이 수위계로 매년 수위를 측정해 그해 부과할 세금을 결정했습니다.[NEWLINE][NEWLINE]나일 강 수위계는 보통 나일 강과 연결된 우물에 막대기를 세우거나 층계를 내는 식으로 만들었습니다. 두 경우 모두 수위를 측정할 수 있도록 세세한 표시가 있었으며 연간 수위를 비교할 수 있도록 자세한 기록을 남겼습니다. 현존하는 가장 오래된 나일 강 수위계는 카이로의 로다 섬에 있으며 페르시아의 천문학자 알프라가누스가 기원후 9세기경에 건축한 것으로 추정됩니다.</Text>
    </Row>
    <Row Tag="TXT_KEY_CIV5_BUILDINGS_ZIGGURAT_TEXT">
      <Text>수메르와 바빌론 그리고 아시리아 건축술의 전형적인 특징이라고도 할 수 있는 지구라트는 높은 곳(홍수를 피하려고 했던 것으로 추정)에 건설되었던 초기의 사원이 발전한 모양입니다. 일반적으로 거대한 지구라트의 맨 꼭대기에는 대형 제단이 있으며 이 제단은 사제와 기타 종교적으로 중요한 인물만이 접근할 수 있었습니다. 대형 사원의 일부였던 지구라트의 정확한 용도는 오늘날까지도 수수께끼로 남아 있습니다.</Text>
    </Row>
    <Row Tag="TXT_KEY_CIV5_HITTITE_WARCHARIOT_TEXT">
      <Text>기존 전차를 개선한 히타이트 전차는 평범한 이집트군 전차보다 더 크고 튼튼했습니다. 무게를 줄이고 바퀴를 좀 더 앞쪽에 배치한 히타이트 전차에는 최대 3명의 전사가 동시에 탑승할 수 있었습니다. 전차는 주로 적군의 방어선을 뚫고 들어가 보병 전열을 흩트리고 사기를 떨어뜨리는 데 사용되었습니다.</Text>
    </Row>
    <Row Tag="TXT_KEY_CIV5_SUMERIAN_PHALANX_TEXT">
      <Text>수메르인은 대형 방패와 창으로 무장한 병사가 빽빽이 모여 돌진하는 적으로부터 서로 보호하면서 적을 밀어낼 수 있는 밀집 대형인 방진을 최초로 활용한 문명이었습니다.</Text>
    </Row>
    <Row Tag="TXT_KEY_TRAIT_CULT_OSIRIS">
      <Text>[ICON_CULTURE]문화에 관련된 모든 건물의 [ICON_CULTURE]문화가 [COLOR_POSITIVE_TEXT]1[COLOR_XX]씩 증가합니다.</Text>
    </Row>
    <Row Tag="TXT_KEY_TRAIT_CULT_OSIRIS_SHORT">
      <Text>오시리스교</Text>
    </Row>
    <Row Tag="TXT_KEY_TRAIT_FIRST_2_IRON">
      <Text>전략 자원은 [ICON_PRODUCTION]생산 [COLOR_POSITIVE_TEXT]1[COLOR_XX] 제공하며, [ICON_RES_HORSE]말과 [ICON_RES_IRON]철 자원의 획득량이 [COLOR_POSITIVE_TEXT]2배[COLOR_XX] 증가합니다.</Text>
    </Row>
    <Row Tag="TXT_KEY_TRAIT_FIRST_2_IRON_SHORT">
      <Text>최초 철기 문화</Text>
    </Row>
    <Row Tag="TXT_KEY_TRAIT_TWO_RIVERS">
      <Text>문자를 개발하면 위대한 과학자를 무료로 받습니다. 모든 유닛은 타일에 관계없이 강에 인접한 타일로 이동할 때 [ICON_MOVES]행동력을 [COLOR_POSITIVE_TEXT]1[COLOR_XX]만 소모합니다.</Text>
    </Row>
    <Row Tag="TXT_KEY_TRAIT_TWO_RIVERS_SHORT">
      <Text>두 강의 땅</Text>
    </Row>
    <Row Tag="TXT_KEY_UNIT_HITTITE_WARCHARIOT">
      <Text>이륜중전차</Text>
	  <Plurality>2</Plurality>
    </Row>
    <Row Tag="TXT_KEY_UNIT_HITTITE_WARCHARIOT_HELP">
      <Text>고대의 강력한 근접형 유닛으로 평지에 강합니다. 충격 I 승급을 보유하고 있습니다. 히타이트만이 만들 수 있으며 궁전차를 대체합니다.</Text>
    </Row>
    <Row Tag="TXT_KEY_UNIT_HITTITE_WARCHARIOT_STRATEGY">
      <Text>이륜중전차는 궁전차를 대체하는 히타이트 고유 유닛으로 궁전차와는 달리 정면으로 돌진해 적 대형을 부숴버리는 데 특화된 근접형 유닛입니다. 이륜중전차는 충격 I 승급을 보유한 채로 시작합니다.</Text>
    </Row>
    <Row Tag="TXT_KEY_UNIT_SUMERIAN_PHALANX">
      <Text>팔랑크스</Text>
	  <Plurality>2</Plurality>
    </Row>
    <Row Tag="TXT_KEY_UNIT_SUMERIAN_PHALANX_HELP">
      <Text>기마 유닛에 강한 고대 근접형 유닛입니다. 기마 유닛과 전투 시 보너스 [COLOR_POSITIVE_TEXT]100%[COLOR_XX] 되는 승급을 보유합니다. 오직 수메르만이 생산할 수 있으며 대체하는 창병보다 [ICON_STRENGTH]전투력이 높습니다.</Text>
    </Row>
    <Row Tag="TXT_KEY_UNIT_SUMERIAN_PHALANX_STRATEGY">
      <Text>팔랑크스는 창병을 대체하는 수메르의 고유 유닛으로 창병보다 빠르게 (청동기술 대신 채광 개발로 생산 가능) 생산할 수 있습니다.</Text>
    </Row>
    <Row Tag="TXT_KEY_WONDER_SCENARIO_BRIEFING">
      <Text>브리핑</Text>
    </Row>
    <Row Tag="TXT_KEY_WONDER_SCENARIO_BUILDING_SATRAPS_COURT_HELP">
      <Text>사트라프 관청은 도시의 [ICON_GOLD]골드와 [ICON_HAPPINESS_1]행복을 크게 증가시킵니다.</Text>
    </Row>
    <Row Tag="TXT_KEY_WONDER_SCENARIO_BUILDING_SATRAPS_COURT_STRATEGY">
      <Text>사트라프 관청은 시장을 대체하는 페르시아 고유 건물로 도시의 부를 증가시키며 사트라프 관청을 보유한 문명의 행복도 증가시킵니다.</Text>
    </Row>
    <Row Tag="TXT_KEY_WONDER_SCENARIO_BUILT_BY">
      <Text>{@1_CivName} 문명이 {@2_CityName}에 건설함</Text>
    </Row>
    <Row Tag="TXT_KEY_WONDER_SCENARIO_CAPTURED_BY">
      <Text>{@1_CivName} 문명에 의해 [ICON_OCCUPIED]점령됨</Text>
    </Row>
    <Row Tag="TXT_KEY_WONDER_SCENARIO_CIV_HITTITES_HEADING_1">
      <Text>역사</Text>
    </Row>
    <Row Tag="TXT_KEY_WONDER_SCENARIO_CIV_HITTITES_TEXT_1">
      <Text>기원전 1500년경 전성기를 맞이했던 히타이트 제국은 아나톨리아(소아시아) 지역의 상당 부분과 이집트 국경에 인접한 시리아 일부를 아우르는 넓은 영토를 보유했습니다. 히타이트 제국은 핫투스실리 I 세가 기원전 1700년에 세운 것으로 추정되며 이후 500년간 수많은 전쟁에서 승리와 패배를 맛보았습니다. 히타이트는 유명한 전차 부대를 앞세워 이웃 경쟁국을 차례로 점령해 나갔습니다. 승승장구하던 히타이트 전차 부대는 역사상 가장 큰 규모의 전차전으로 유명한 카데시 전투에서 이집트군과 비기고 맙니다.</Text>
    </Row>
    <Row Tag="TXT_KEY_WONDER_SCENARIO_CIV_SUMERIA_HEADING_1">
      <Text>역사</Text>
    </Row>
    <Row Tag="TXT_KEY_WONDER_SCENARIO_CIV_SUMERIA_TEXT_1">
      <Text>고대 수메르 문명은 기원전 6000년경 오늘날 이라크 지역에 해당하는 메소포타미아에 세워져 거의 3000년 동안 번창했습니다. 현대 고고학자들이 수메르인이 이룩한 중요한 업적을 일부 발굴했는데, 이 중에서도 특히 농업과 수학 그리고 문자와 관련된 업적이 주목할만합니다.[NEWLINE][NEWLINE]수메르인은 관개 시설과 1년 내내 작물을 재배하는 고도로 발당한 농사법을 알고 있었습니다. 이 지역에 영구히 정착한 수메르인은 비옥한 초승달 지대의 이점을 십분 활용했습니다.[NEWLINE][NEWLINE]수메르인의 가장 큰 업적은 인류 최초의 문자인 "설형 문자"의 발견입니다. 고고학자들은 수메르 유적지 곳곳에서 설형 문자가 새겨진 점토판 수백 점을 발굴했습니다. 수메르 왕 길가메시의 모험을 연대기로 그려낸 "길가메시의 서사시"는 인류 최초로 쓰인 위대한 문학 작품으로 여겨집니다.</Text>
    </Row>
    <Row Tag="TXT_KEY_WONDER_SCENARIO_CIV5_DAWN_ARABIA_TEXT">
      <Text>시나리오 설명[NEWLINE]오, 위대한 지도자시여! 웅장한 창조물에 대한 안목과 영겁의 세월을 초월하는 건축물로 당신의 문명을 빛내십시오! 당신이 지배하는 문명은 이제 막 이 비옥한 초승달 대지에 정착하려고 합니다. 시간이 흐르면 이들은 활기찬 도시를 건설해 전쟁, 무역, 과학 및 예술 분야에서 두각을 나타낼 것입니다. 이들은 당신의 업적을 기리기 위해서 웅장한 기념비를 세울 것입니다. 하지만 당신이 역사에 길이 남을 세계의 불가사의를 건설하는 동안 적들이 가만히 구경만 하고 있지는 않을 테니 명심하십시오. 어서 웅장한 건축물을 지을 수 있도록 만반의 준비를 하십시오. 당신이 지을 기념비는 후세에 길이 당신의 이름을 전할 전대미문의 불가사의가 될 것입니다.[NEWLINE][NEWLINE]승리 조건[NEWLINE]세상에 불가사의가 9개 건설되면 게임이 종료됩니다. 게임 종료 시 가장 높은 점수를 얻은 플레이어가 승리합니다. 최대한 점수를 많이 받을 수 있도록 가능한 많은 불가사의를 건설하고 다른 문명의 도시를 점령해 불가사의를 빼앗으십시오.[NEWLINE][NEWLINE]특별 규칙[NEWLINE]연구 진행과 정책 도입 속도가 느리므로 각 시대를 느긋하게 플레이하며 즐길 수 있습니다. 도시를 파괴할 수 없으므로 불가사의 역시 파괴할 수 없습니다. 연구를 통해 불가사의 건설 조건을 만족하게 하는 것이 아니므로 불가사의 상태 화면에서 불가사의를 건설하는 데 필요한 다른 조건을 확인해야 합니다. 시나리오 시작부터 건설할 수 있는 오라클에 위인을 보내면 다른 플레이어의 불가사의 건설 진척 상황을 일시적으로 확인할 수 있습니다.</Text>
    </Row>
    <Row Tag="TXT_KEY_WONDER_SCENARIO_CIV5_DAWN_EGYPT_TEXT">
      <Text>시나리오 설명[NEWLINE]오, 위대한 지도자시여! 웅장한 창조물에 대한 안목과 영겁의 세월을 초월하는 건축물로 당신의 문명을 빛내십시오! 당신이 지배하는 문명은 이제 막 이 비옥한 초승달 대지에 정착하려고 합니다. 시간이 흐르면 이들은 활기찬 도시를 건설해 전쟁, 무역, 과학 및 예술 분야에서 두각을 나타낼 것입니다. 이들은 당신의 업적을 기리기 위해서 웅장한 기념비를 세울 것입니다. 하지만 당신이 역사에 길이 남을 세계의 불가사의를 건설하는 동안 적들이 가만히 구경만 하고 있지는 않을 테니 명심하십시오. 어서 웅장한 건축물을 지을 수 있도록 만반의 준비를 하십시오. 당신이 지을 기념비는 후세에 길이 당신의 이름을 전할 전대미문의 불가사의가 될 것입니다.[NEWLINE][NEWLINE]승리 조건[NEWLINE]세상에 불가사의가 9개 건설되면 게임이 종료됩니다. 게임 종료 시 가장 높은 점수를 얻은 플레이어가 승리합니다. 최대한 점수를 많이 받을 수 있도록 가능한 많은 불가사의를 건설하고 다른 문명의 도시를 점령해 불가사의를 빼앗으십시오.[NEWLINE][NEWLINE]특별 규칙[NEWLINE]연구 진행과 정책 도입 속도가 느리므로 각 시대를 느긋하게 플레이하며 즐길 수 있습니다. 도시를 파괴할 수 없으므로 불가사의 역시 파괴할 수 없습니다. 연구를 통해 불가사의 건설 조건을 만족하게 하는 것이 아니므로 불가사의 상태 화면에서 불가사의를 건설하는 데 필요한 다른 조건을 확인해야 합니다. 시나리오 시작부터 건설할 수 있는 오라클에 위인을 보내면 다른 플레이어의 불가사의 건설 진척 상황을 일시적으로 확인할 수 있습니다.</Text>
    </Row>
    <Row Tag="TXT_KEY_WONDER_SCENARIO_CIV5_DAWN_GREECE_TEXT">
      <Text>시나리오 설명[NEWLINE]오, 위대한 지도자시여! 웅장한 창조물에 대한 안목과 영겁의 세월을 초월하는 건축물로 당신의 문명을 빛내십시오! 당신이 지배하는 문명은 이제 막 이 비옥한 초승달 대지에 정착하려고 합니다. 시간이 흐르면 이들은 활기찬 도시를 건설해 전쟁, 무역, 과학 및 예술 분야에서 두각을 나타낼 것입니다. 이들은 당신의 업적을 기리기 위해서 웅장한 기념비를 세울 것입니다. 하지만 당신이 역사에 길이 남을 세계의 불가사의를 건설하는 동안 적들이 가만히 구경만 하고 있지는 않을 테니 명심하십시오. 어서 웅장한 건축물을 지을 수 있도록 만반의 준비를 하십시오. 당신이 지을 기념비는 후세에 길이 당신의 이름을 전할 전대미문의 불가사의가 될 것입니다.[NEWLINE][NEWLINE]승리 조건[NEWLINE]세상에 불가사의가 9개 건설되면 게임이 종료됩니다. 게임 종료 시 가장 높은 점수를 얻은 플레이어가 승리합니다. 최대한 점수를 많이 받을 수 있도록 가능한 많은 불가사의를 건설하고 다른 문명의 도시를 점령해 불가사의를 빼앗으십시오.[NEWLINE][NEWLINE]특별 규칙[NEWLINE]연구 진행과 정책 도입 속도가 느리므로 각 시대를 느긋하게 플레이하며 즐길 수 있습니다. 도시를 파괴할 수 없으므로 불가사의 역시 파괴할 수 없습니다. 연구를 통해 불가사의 건설 조건을 만족하게 하는 것이 아니므로 불가사의 상태 화면에서 불가사의를 건설하는 데 필요한 다른 조건을 확인해야 합니다. 시나리오 시작부터 건설할 수 있는 오라클에 위인을 보내면 다른 플레이어의 불가사의 건설 진척 상황을 일시적으로 확인할 수 있습니다.</Text>
    </Row>
    <Row Tag="TXT_KEY_WONDER_SCENARIO_CIV5_DAWN_OTTOMANS_TEXT">
      <Text>시나리오 설명[NEWLINE]오, 위대한 지도자시여! 웅장한 창조물에 대한 안목과 영겁의 세월을 초월하는 건축물로 당신의 문명을 빛내십시오! 당신이 지배하는 문명은 이제 막 이 비옥한 초승달 대지에 정착하려고 합니다. 시간이 흐르면 이들은 활기찬 도시를 건설해 전쟁, 무역, 과학 및 예술 분야에서 두각을 나타낼 것입니다. 이들은 당신의 업적을 기리기 위해서 웅장한 기념비를 세울 것입니다. 하지만 당신이 역사에 길이 남을 세계의 불가사의를 건설하는 동안 적들이 가만히 구경만 하고 있지는 않을 테니 명심하십시오. 어서 웅장한 건축물을 지을 수 있도록 만반의 준비를 하십시오. 당신이 지을 기념비는 후세에 길이 당신의 이름을 전할 전대미문의 불가사의가 될 것입니다.[NEWLINE][NEWLINE]승리 조건[NEWLINE]세상에 불가사의가 9개 건설되면 게임이 종료됩니다. 게임 종료 시 가장 높은 점수를 얻은 플레이어가 승리합니다. 최대한 점수를 많이 받을 수 있도록 가능한 많은 불가사의를 건설하고 다른 문명의 도시를 점령해 불가사의를 빼앗으십시오.[NEWLINE][NEWLINE]특별 규칙[NEWLINE]연구 진행과 정책 도입 속도가 느리므로 각 시대를 느긋하게 플레이하며 즐길 수 있습니다. 도시를 파괴할 수 없으므로 불가사의 역시 파괴할 수 없습니다. 연구를 통해 불가사의 건설 조건을 만족하게 하는 것이 아니므로 불가사의 상태 화면에서 불가사의를 건설하는 데 필요한 다른 조건을 확인해야 합니다. 시나리오 시작부터 건설할 수 있는 오라클에 위인을 보내면 다른 플레이어의 불가사의 건설 진척 상황을 일시적으로 확인할 수 있습니다.</Text>
    </Row>
    <Row Tag="TXT_KEY_WONDER_SCENARIO_CIV5_DAWN_PERSIA_TEXT">
      <Text>시나리오 설명[NEWLINE]오, 위대한 지도자시여! 웅장한 창조물에 대한 안목과 영겁의 세월을 초월하는 건축물로 당신의 문명을 빛내십시오! 당신이 지배하는 문명은 이제 막 이 비옥한 초승달 대지에 정착하려고 합니다. 시간이 흐르면 이들은 활기찬 도시를 건설해 전쟁, 무역, 과학 및 예술 분야에서 두각을 나타낼 것입니다. 이들은 당신의 업적을 기리기 위해서 웅장한 기념비를 세울 것입니다. 하지만 당신이 역사에 길이 남을 세계의 불가사의를 건설하는 동안 적들이 가만히 구경만 하고 있지는 않을 테니 명심하십시오. 어서 웅장한 건축물을 지을 수 있도록 만반의 준비를 하십시오. 당신이 지을 기념비는 후세에 길이 당신의 이름을 전할 전대미문의 불가사의가 될 것입니다.[NEWLINE][NEWLINE]승리 조건[NEWLINE]세상에 불가사의가 9개 건설되면 게임이 종료됩니다. 게임 종료 시 가장 높은 점수를 얻은 플레이어가 승리합니다. 최대한 점수를 많이 받을 수 있도록 가능한 많은 불가사의를 건설하고 다른 문명의 도시를 점령해 불가사의를 빼앗으십시오.[NEWLINE][NEWLINE]특별 규칙[NEWLINE]연구 진행과 정책 도입 속도가 느리므로 각 시대를 느긋하게 플레이하며 즐길 수 있습니다. 도시를 파괴할 수 없으므로 불가사의 역시 파괴할 수 없습니다. 연구를 통해 불가사의 건설 조건을 만족하게 하는 것이 아니므로 불가사의 상태 화면에서 불가사의를 건설하는 데 필요한 다른 조건을 확인해야 합니다. 시나리오 시작부터 건설할 수 있는 오라클에 위인을 보내면 다른 플레이어의 불가사의 건설 진척 상황을 일시적으로 확인할 수 있습니다.</Text>
    </Row>
    <Row Tag="TXT_KEY_WONDER_SCENARIO_CIV5_DAWN_TEXT">
      <Text>시나리오 설명[NEWLINE]오, 위대한 지도자시여! 웅장한 창조물에 대한 안목과 영겁의 세월을 초월하는 건축물로 당신의 문명을 빛내십시오! 당신이 지배하는 문명은 이제 막 이 비옥한 초승달 대지에 정착하려고 합니다. 시간이 흐르면 이들은 활기찬 도시를 건설해 전쟁, 무역, 과학 및 예술 분야에서 두각을 나타낼 것입니다. 이들은 당신의 업적을 기리기 위해서 웅장한 기념비를 세울 것입니다. 하지만 당신이 역사에 길이 남을 세계의 불가사의를 건설하는 동안 적들이 가만히 구경만 하고 있지는 않을 테니 명심하십시오. 어서 웅장한 건축물을 지을 수 있도록 만반의 준비를 하십시오. 당신이 지을 기념비는 후세에 길이 당신의 이름을 전할 전대미문의 불가사의가 될 것입니다.[NEWLINE][NEWLINE]승리 조건[NEWLINE]세상에 불가사의가 9개 건설되면 게임이 종료됩니다. 게임 종료 시 가장 높은 점수를 얻은 플레이어가 승리합니다. 최대한 점수를 많이 받을 수 있도록 가능한 많은 불가사의를 건설하고 다른 문명의 도시를 점령해 불가사의를 빼앗으십시오.[NEWLINE][NEWLINE]특별 규칙[NEWLINE]연구 진행과 정책 도입 속도가 느리므로 각 시대를 느긋하게 플레이하며 즐길 수 있습니다. 도시를 파괴할 수 없으므로 불가사의 역시 파괴할 수 없습니다. 연구를 통해 불가사의 건설 조건을 만족하게 하는 것이 아니므로 불가사의 상태 화면에서 불가사의를 건설하는 데 필요한 다른 조건을 확인해야 합니다. 시나리오 시작부터 건설할 수 있는 오라클에 위인을 보내면 다른 플레이어의 불가사의 건설 진척 상황을 일시적으로 확인할 수 있습니다.</Text>
    </Row>
    <Row Tag="TXT_KEY_WONDER_SCENARIO_CIV5_FEATURES_FUJI_TEXT">
      <Text>아라라트 산은 터키 동부에 있는 휴화산으로 해발 5,137m에 달하는 터키에서 가장 높은 산입니다. 성서에 기록된 대홍수가 끝나고 노아의 방주가 최초로 닿은 땅인 아라라트 산은 그리스 신화에 등장하는 올림포스 산처럼 아르메나아 신들의 고향이기도 합니다.</Text>
    </Row>
    <Row Tag="TXT_KEY_WONDER_SCENARIO_CIV5_FEATURES_GIBRALTER_TEXT">
      <Text>올림포스 산은 그리스 신화에 등장하는 신들의 고향이며 봉우리만도 50개가 넘는 그리스에서 가장 높은 산으로, 최고봉인 미티카스는 해발 2,917m에 달합니다. 신화에 따르면 제우스가 이끄는 신들과 고대 거인족이 세상의 지배권을 두고 싸운 "거인 전쟁"이 펼쳐진 장소바 바로 이곳 올림포스 산입니다.</Text>
    </Row>
    <Row Tag="TXT_KEY_WONDER_SCENARIO_CIV5_FEATURES_GRANDMESA_TEXT">
      <Text>터키 중부에 있는 카파도키아는 빼어난 자연경관으로 유명합니다. 네베시어 곳곳에 불쑥 솟은 높은 바위기둥을 "후두" 또는 "요정 굴뚝"이라 부르는데, 이 지역에서 손꼽히는 관광명소입니다.</Text>
    </Row>
    <Row Tag="TXT_KEY_WONDER_SCENARIO_CIV5_FEATURES_KRAKATOA_TEXT">
      <Text>기원전 1600년경 그리스 남동부 해안에서 멀리 떨어지지 않은 테라 섬에서 엄청난 위력의 화산 폭발이 일어나(미노스 화산 폭발이라고도 알려졌음) 여기저기에 있던 작은 미노스 마을이 여럿 파괴되었습니다. 최고 강도가 8인 화산폭발지수로 7을 기록한 이 대폭발은 아마도 인류가 역사를 기록한 이래 가장 강력한 화산 폭발일 것입니다. 현재 이곳은 응회암으로 이루어진 작은 섬들로 이루어진 군도이며 산토리니라고 부릅니다. 이 군도는 에게 해의 인기 있는 관광지로 매년 많은 관광객이 이곳을 찾습니다.</Text>
    </Row>
    <Row Tag="TXT_KEY_WONDER_SCENARIO_CONSULT_ORACLE">
      <Text>오라클의 조언</Text>
    </Row>
    <Row Tag="TXT_KEY_WONDER_SCENARIO_CONSULT_ORACLE_ACTIVE">
      <Text>오라클이 불가사의 건설 완료에 가장 가까운 문명이 누구인지 알려줍니다! ({1_TurnsRemaining}턴 남음)</Text>
    </Row>
    <Row Tag="TXT_KEY_WONDER_SCENARIO_CONSULT_ORACLE_HELP">
      <Text>위인을 {@1_CityName}의 외곽으로 보내 오라클의 자문을 구하십시오.</Text>
    </Row>
    <Row Tag="TXT_KEY_WONDER_SCENARIO_CULTURAL_WONDER_HEADING">
      <Text>문화 ([ICON_CULTURE]문화)</Text>
    </Row>
    <Row Tag="TXT_KEY_WONDER_SCENARIO_DESC">
      <Text>[NEWLINE]이 비옥한 초승달 대지를 바탕으로 여러 문명이 번성할 것입니다. 당신의 왕국이 고대의 불가사의를 건설한 위대한 건축가로 영원히 기억될 수 있을까요?</Text>
    </Row>
    <Row Tag="TXT_KEY_WONDER_SCENARIO_DIPLO_MY_SCORE_FUTURE_TECH">
      <Text>불가사의 소유로 인한 추가 점수: {1_Num}</Text>
    </Row>
    <Row Tag="TXT_KEY_WONDER_SCENARIO_DIPLO_MY_SCORE_WONDERS">
      <Text>불가사의 건설로 인한 추가 점수: {1_Num}</Text>
    </Row>
    <Row Tag="TXT_KEY_WONDER_SCENARIO_ECONOMIC_WONDER_HEADING">
      <Text>경제 ([ICON_GOLD]골드 총수입)</Text>
    </Row>
    <Row Tag="TXT_KEY_WONDER_SCENARIO_FIXED_MAP">
      <Text>역사</Text>
    </Row>
    <Row Tag="TXT_KEY_WONDER_SCENARIO_HARUN_HOSTILE_AGGRESSIVE_MILITARY_WARNING_1">
      <Text>인간이 신의 손아귀에서 벗어날 수 없듯 네가 수메르의 손아귀에서 달아날 곳은 없다. 나에게 대항하는 자에게는 영원한 저주만이 기다린다.</Text>
    </Row>
    <Row Tag="TXT_KEY_WONDER_SCENARIO_LEADER_GILGAMESH_HEADING_1">
      <Text>역사</Text>
    </Row>
    <Row Tag="TXT_KEY_WONDER_SCENARIO_LEADER_GILGAMESH_LIVED">
      <Text>기원전 2500년 ~ ?</Text>
    </Row>
    <Row Tag="TXT_KEY_WONDER_SCENARIO_LEADER_GILGAMESH_SUBTITLE">
      <Text>수메르 왕</Text>
    </Row>
    <Row Tag="TXT_KEY_WONDER_SCENARIO_LEADER_GILGAMESH_TEXT_1">
      <Text>전설의 수메르 왕 길가메시는 인류 최초의 문학 작품이라 할 수 있는 "길가메시의 서사시"에 등장하는 주인공으로 유명합니다. 기원전 2500년경 우루크 시대의 수도였던 도시 국가 우루크를 다스렸다고 추정되는 길가메시는 공적 대부분이 신화에만 등장하는 가공된 것으로 추정되지만, 그가 건설한 우루크의 장벽은 실재한 것으로 당시 증가한 도시의 인구와 그에 따라 세워진 많은 성벽 중 하나일 것으로 추정됩니다.</Text>
    </Row>
    <Row Tag="TXT_KEY_WONDER_SCENARIO_LEADER_HARUN_FIRSTGREETING_1">
      <Text>환영하오! 짐은 수메르 왕국의 왕 길가메시라고 하오. 자, 어서 와서 짐의 화려한 왕궁을 감상해 보시오!</Text>
    </Row>
    <Row Tag="TXT_KEY_WONDER_SCENARIO_LEADER_HARUN_FIRSTGREETING_2">
      <Text>아아! 수평선 너머로 새 별이 그 모습을 드러내는군. 짐은 수메르의 길가메시요! 이 역사적인 만남을 기리기 위해서 내 친히 서사시를 한 편 쓰겠소이다!</Text>
    </Row>
    <Row Tag="TXT_KEY_WONDER_SCENARIO_LEADER_HARUN_FIRSTGREETING_3">
      <Text>반갑소, 이방인! 짐은 수메르의 통치자 길가메시요! 이리 와서 당신 왕국에 대해 말해보시오.</Text>
    </Row>
    <Row Tag="TXT_KEY_WONDER_SCENARIO_LEADER_MUWATALLIS_HEADING_1">
      <Text>역사</Text>
    </Row>
    <Row Tag="TXT_KEY_WONDER_SCENARIO_LEADER_MUWATALLIS_LIVED">
      <Text>기원전 1320년에서 1294년으로 추정</Text>
    </Row>
    <Row Tag="TXT_KEY_WONDER_SCENARIO_LEADER_MUWATALLIS_SUBTITLE">
      <Text>히타이트 왕</Text>
    </Row>
    <Row Tag="TXT_KEY_WONDER_SCENARIO_LEADER_MUWATALLIS_TEXT_1">
      <Text>사료는 부족하지만 무와탈리스는 기원전 14세기경 약 20년 동안 히타이트를 다스렸습니다. 무와탈리스는 시리아의 패권을 놓고 이집트의 파라오 람세스 2세와 다툰 사건으로 유명합니다. 기원전 1274년 무와탈리스와 람세스 2세는 카데시라는 곳에서 격전을 벌였습니다. 양군은 고대 카데시 주변에서 벌어진 이 전투에 수천 대가 넘는 전차를 동원하였다고 합니다. 실제 전투결과는 알 길이 없지만, 발굴된 고고학 사료에 따르면 처음에 이집트군이 약간 유리했으나 승리를 거두지는 못했고 양군은 결국 큰 피해를 본 채 퇴각한 것으로 추정됩니다.</Text>
    </Row>
    <Row Tag="TXT_KEY_WONDER_SCENARIO_LEADER_SULEIMAN_FIRSTGREETING_1">
      <Text>이렇게 만나게 되어 반갑습니다! 난 위대한 히타이트의 지도자 무와탈리스입니다!</Text>
    </Row>
    <Row Tag="TXT_KEY_WONDER_SCENARIO_LEADER_SULEIMAN_FIRSTGREETING_2">
      <Text>히타이트 제국에 오신 것을 환영합니다! 난 무와탈리스입니다!</Text>
    </Row>
    <Row Tag="TXT_KEY_WONDER_SCENARIO_LEADER_SULEIMAN_FIRSTGREETING_3">
      <Text>어서 오십시오. 이방인! 난 히타이트의 지도자 무와탈리스입니다! 성대한 연회를 열어서 이 경사스러운 날을 축하하겠습니다!</Text>
    </Row>
    <Row Tag="TXT_KEY_WONDER_SCENARIO_LEADER_SULEIMAN_GREETING_NEUTRAL_HELLO_1">
      <Text>문명의 보석 히타이트 제국에 온 것을 환영합니다.</Text>
    </Row>
    <Row Tag="TXT_KEY_WONDER_SCENARIO_LEADER_SULEIMAN_GREETING_POLITE_HELLO_1">
      <Text>다시 만나서 반갑습니다. 히타이트 제국은 언제나 친구를 보살핍니다.</Text>
    </Row>
    <Row Tag="TXT_KEY_WONDER_SCENARIO_LEADER_SULEIMAN_RESPONSE_REQUEST_1">
      <Text>히타이트 제국이 어려움을 겪고 있습니다. 친구여, 우리를 도와주시겠습니까?</Text>
    </Row>
    <Row Tag="TXT_KEY_WONDER_SCENARIO_LOCKED">
      <Text>[ICON_LOCKED] 잠겨 있음</Text>
    </Row>
    <Row Tag="TXT_KEY_WONDER_SCENARIO_LOCKED_BY">
      <Text>[ICON_LOCKED] {@1_CivName}에게는 잠겨 있음</Text>
    </Row>
    <Row Tag="TXT_KEY_WONDER_SCENARIO_MILITARY_WONDER_HEADING">
      <Text>군사 (위대한 장군 진행도)</Text>
    </Row>
    <Row Tag="TXT_KEY_WONDER_SCENARIO_MYSTICAL_WONDER_HEADING">
      <Text>신비한 불가사의</Text>
    </Row>
    <Row Tag="TXT_KEY_WONDER_SCENARIO_POPUP_ASK_CONSULT_ORACLE">
      <Text>{@1_UnitName} 유닛으로 오라클에게 자문하시겠습니까?[NEWLINE][NEWLINE]{2_ConsultDuration}턴 동안 지속하며, 오직 위인으로만 자문할 수 있습니다. 오라클에게 자문을 한 번 구한 위인은 사라지지는 않지만, 다시 자문할 수 없습니다.</Text>
    </Row>
    <Row Tag="TXT_KEY_WONDER_SCENARIO_POPUP_ORACLE_BUILT">
      <Text>{@1_CivName} 문명이 오라클을 건설했습니다! 오라클에게 자문하려면 위인을 {@3_CityName}의 {2_HexDist} 타일 이내로 데려가야 합니다.</Text>
    </Row>
    <Row Tag="TXT_KEY_WONDER_SCENARIO_POPUP_ORACLE_CONSULTED">
      <Text>정보 보임: 오라클의 자문을 구하여 정보가 공개됨</Text>
    </Row>
    <Row Tag="TXT_KEY_WONDER_SCENARIO_POPUP_ORACLE_CONSULTED_BY">
      <Text>{@1_CivName} 문명이 오라클에게 자문을 구했습니다!</Text>
    </Row>
    <Row Tag="TXT_KEY_WONDER_SCENARIO_POPUP_ORACLE_EXPIRED">
      <Text>정보 보임: 플레이어의 문명이 알고 있는 정보</Text>
    </Row>
    <Row Tag="TXT_KEY_WONDER_SCENARIO_POPUP_WONDER_UNLOCKED">
      <Text>당신은 늘어가는 업적 덕분에 이제 {@1_WonderName} 불가사의를 건설할 수 있게 되었습니다!</Text>
    </Row>
    <Row Tag="TXT_KEY_WONDER_SCENARIO_RANDOM_MAP">
      <Text>내해</Text>
    </Row>
    <Row Tag="TXT_KEY_WONDER_SCENARIO_SCIENTIFIC_WONDER_HEADING">
      <Text>과학 (기술)</Text>
    </Row>
    <Row Tag="TXT_KEY_WONDER_SCENARIO_SULEIMAN_EXPANSION_SERIOUS_WARNING_1">
      <Text>이보시오, 히타이트 근처에서 영토를 확장하다니 도대체 뭐 하는 짓입니까? 당장 멈추십시오.</Text>
    </Row>
    <Row Tag="TXT_KEY_WONDER_SCENARIO_SULEIMAN_HOSTILE_AGGRESSIVE_MILITARY_WARNING_1">
      <Text>감히 위대한 히타이트 제국을 공격하시겠습니까? 그쪽 군대의 진형을 보니 그럴 마음이군요. 나를 적으로 삼으면 크게 후회할 겁니다.</Text>
    </Row>
    <Row Tag="TXT_KEY_WONDER_SCENARIO_TITLE">
      <Text>고대의 불가사의</Text>
    </Row>
    <Row Tag="TXT_KEY_WONDER_SCENARIO_UNDER_CONSTRUCTION">
      <Text>{@1_CityName}에 건설 중</Text>
    </Row>
    <Row Tag="TXT_KEY_WONDER_SCENARIO_UNDER_CONSTRUCTION_BY">
      <Text>{@1_CivName} 문명이 {@2_CityName}에 건설 중</Text>
    </Row>
    <Row Tag="TXT_KEY_WONDER_SCENARIO_UNLOCKED">
      <Text>잠금 해제</Text>
    </Row>
    <Row Tag="TXT_KEY_WONDER_SCENARIO_UNLOCKED_BY">
      <Text>{@1_CivName}에 의해 잠금 해제됨</Text>
    </Row>
    <Row Tag="TXT_KEY_WONDER_SCENARIO_VICTORY_FLAVOR_TIME">
      <Text>초기 문명에서 시작해 다른 문명과 먼 미래의 후손까지 당신의 영광을 말해줄 웅장한 불가사의를 건설해 게임에서 승리했습니다.</Text>
    </Row>
    <Row Tag="TXT_KEY_WONDER_SCENARIO_VICTORY_TIME">
      <Text>불가사의</Text>
    </Row>
    <Row Tag="TXT_KEY_WONDER_SCENARIO_VICTORY_TIME_BANG">
      <Text>불가사의 건설 완료!</Text>
    </Row>
    <Row Tag="TXT_KEY_WONDER_SCENARIO_WONDER_ORACLE_HELP">
      <Text>사회정책 [COLOR_POSITIVE_TEXT]1개[COLOR_XX]가 무료로 제공됩니다.[NEWLINE]오라클이 건설된 도시 가까이에 위인을 데려가면 다른 플레이어의 불가사의 건설 진척도를 알 수 있습니다. 누구든 이런 방식으로 오라클에게 자문할 수 있습니다.</Text>
    </Row>
    <Row Tag="TXT_KEY_WONDER_SCENARIO_WONDER_STATUS">
      <Text>불가사의 상태</Text>
    </Row>
  </Language_KO_KR>
</GameData>