﻿<?xml version="1.0" encoding="utf-8"?>
<!--Generated with LocalizationBuddy.-->
<!--Copyright Firaxis Games 2010-->
<!--All Rights Reserved-->
<GameData>
  <Language_KO_KR>
    <Row Tag="TXT_KEY_WONDER_SCENARIO_CITYSTATE_BYBLOS">
      <Text>비블로스</Text>
	  <Plurality>2</Plurality>
    </Row>
    <Row Tag="TXT_KEY_WONDER_SCENARIO_CITYSTATE_BYBLOS_ADJ">
      <Text>[COLOR:240:240:140:255]비블로스[COLOR_XX]의</Text>
    </Row>
    <Row Tag="TXT_KEY_WONDER_SCENARIO_CITYSTATE_BYBLOS_DESC">
      <Text>기원전 5천 년경 오늘날 레바논 지역에 페키니아인이 세운 비블로스는 세상에서 가장 오래된 도시입니다. 원래 이름은 주베일이었으나 이집트산 파피루스의 수입원으로 워낙 유명해 그리스인이 자신들 말로 "부블로스", 즉 파피루스라 부르기 시작해 "비블로스"라는 이름을 얻게 되었습니다.</Text>
    </Row>
    <Row Tag="TXT_KEY_WONDER_SCENARIO_CITYSTATE_ELAM">
      <Text>엘람</Text>
    </Row>
    <Row Tag="TXT_KEY_WONDER_SCENARIO_CITYSTATE_ELAM_ADJ">
      <Text>[COLOR:240:240:140:255]엘람[COLOR_XX]의</Text>
    </Row>
    <Row Tag="TXT_KEY_WONDER_SCENARIO_CITYSTATE_ELAM_DESC">
      <Text>엘람인은 오늘날 이란 지역 대부분과 이라크 지역에 걸친 광활한 영토에 뿌리내리고 살던 민족이었습니다. 기원전 3천 년경부터 수천 년 동안 번성했으나 기원후 1세기경 내란과 외침으로 결국 역사의 뒤안길로 사라지고 말았습니다.</Text>
    </Row>
    <Row Tag="TXT_KEY_WONDER_SCENARIO_CITYSTATE_ENKOMI">
      <Text>엔코미</Text>
	  <Plurality>2</Plurality>
    </Row>
    <Row Tag="TXT_KEY_WONDER_SCENARIO_CITYSTATE_ENKOMI_ADJ">
      <Text>[COLOR:240:240:140:255]엔코미[COLOR_XX]의</Text>
    </Row>
    <Row Tag="TXT_KEY_WONDER_SCENARIO_CITYSTATE_ENKOMI_DESC">
      <Text>키프로스 섬에 자리 잡은 엔코미는 기원전 2000년 약 1000년 동안 구리 무역으로 번영하였으나 기원전 1050년경 도시를 강타한 지진으로 폐허가 된 후 버려졌다고 합니다.</Text>
    </Row>
    <Row Tag="TXT_KEY_WONDER_SCENARIO_CITYSTATE_KNOSSOS">
      <Text>크노소스</Text>
	  <Plurality>2</Plurality>
    </Row>
    <Row Tag="TXT_KEY_WONDER_SCENARIO_CITYSTATE_KNOSSOS_ADJ">
      <Text>[COLOR:240:240:140:255]크노소스[COLOR_XX]의</Text>
    </Row>
    <Row Tag="TXT_KEY_WONDER_SCENARIO_CITYSTATE_KNOSSOS_DESC">
      <Text>청동기 시대 그리스 섬 크레타에 세워진 크노소스는 고대 크레타 인의 고향이었습니다. 기원전 2000년부터 1000년까지 그리스 문화에 큰 영향을 준 고대 크레타 인은 이집트와 자주 교역했던 숙련된 기술자였다고 전해집니다.</Text>
    </Row>
    <Row Tag="TXT_KEY_WONDER_SCENARIO_CITYSTATE_KYRENE">
      <Text>키레네</Text>
	  <Plurality>2</Plurality>
    </Row>
    <Row Tag="TXT_KEY_WONDER_SCENARIO_CITYSTATE_KYRENE_ADJ">
      <Text>[COLOR:240:240:140:255]키레네[COLOR_XX]의</Text>
    </Row>
    <Row Tag="TXT_KEY_WONDER_SCENARIO_CITYSTATE_KYRENE_DESC">
      <Text>고대 그리스의 식민지였던 키레네의 역사는 그리스 테라 섬 사람들이 오늘날 리비아 지역에 정착한 기원전 630년으로 거슬러 올라갑니다. 키레네는 주변 그리스 식민지를 잇는 근거리 무역의 중심지였습니다.</Text>
    </Row>
    <Row Tag="TXT_KEY_WONDER_SCENARIO_CITYSTATE_NAKHCHIVAN">
      <Text>나히체반</Text>
    </Row>
    <Row Tag="TXT_KEY_WONDER_SCENARIO_CITYSTATE_NAKHCHIVAN_ADJ">
      <Text>[COLOR:240:240:140:255]나히체반[COLOR_XX]의</Text>
    </Row>
    <Row Tag="TXT_KEY_WONDER_SCENARIO_CITYSTATE_NAKHCHIVAN_DESC">
      <Text>5000년 전 아르메니아, 이란, 터키를 아우르는 광활한 내륙 영토를 보유했던 니히체반은 그 긴 역사 동안 페르시아 제국, 마케도니아 등 주변국과 자주 영토 분쟁에 휘말렸으나 아제르바이잔 공화국의 일부로 오늘날까지 살아남았습니다.</Text>
    </Row>
    <Row Tag="TXT_KEY_WONDER_SCENARIO_CITYSTATE_SEUTHOPOLIS">
      <Text>세우토폴리스</Text>
	  <Plurality>2</Plurality>
    </Row>
    <Row Tag="TXT_KEY_WONDER_SCENARIO_CITYSTATE_SEUTHOPOLIS_ADJ">
      <Text>[COLOR:240:240:140:255]세우토폴리스[COLOR_XX]의</Text>
    </Row>
    <Row Tag="TXT_KEY_WONDER_SCENARIO_CITYSTATE_SEUTHOPOLIS_DESC">
      <Text>기원전 4세기경 트라키아의 국왕 세우테스 3세가 세운 도시 세우토폴리스는 기원전 281년 켈트족의 약탈로 오드리시아 왕국이 멸망할 때까지 왕국의 수도였습니다. 오늘날 불가리아 지역에 세우토폴리스의 잔해가 아직도 남아 있습니다.</Text>
    </Row>
    <Row Tag="TXT_KEY_WONDER_SCENARIO_CITYSTATE_SHARUHEN">
      <Text>사루헨</Text>
    </Row>
    <Row Tag="TXT_KEY_WONDER_SCENARIO_CITYSTATE_SHARUHEN_ADJ">
      <Text>[COLOR:240:240:140:255]사루헨[COLOR_XX]의</Text>
    </Row>
    <Row Tag="TXT_KEY_WONDER_SCENARIO_CITYSTATE_SHARUHEN_DESC">
      <Text>기원전 16세기 이집트에서 추방당한 힉소스인의 피난처가 되기도 한 사루헨은 이스라엘 남부 니게브 사막에 세워졌으나 이집트의 파라오 아모세 1세에 의해서 파괴되었습니다.</Text>
    </Row>
    <Row Tag="TXT_KEY_WONDER_SCENARIO_CITYSTATE_STOBI">
      <Text>스토비</Text>
	  <Plurality>2</Plurality>
    </Row>
    <Row Tag="TXT_KEY_WONDER_SCENARIO_CITYSTATE_STOBI_ADJ">
      <Text>[COLOR:240:240:140:255]스토비[COLOR_XX]의</Text>
    </Row>
    <Row Tag="TXT_KEY_WONDER_SCENARIO_CITYSTATE_STOBI_DESC">
      <Text>오늘날 마케도니아 지역에 세워진 스토비는 한때 로마령 "마케도니아 사울타리스"의 수도였습니다. 크라나 강과 엑시오스 강을 잇는 요충지에 자리 잡은 교역 중심지 스토비는 기원후 518년에 발생한 지진으로 파괴되었습니다.</Text>
    </Row>
    <Row Tag="TXT_KEY_WONDER_SCENARIO_CITYSTATE_TROY">
      <Text>트로이</Text>
	  <Plurality>2</Plurality>
    </Row>
    <Row Tag="TXT_KEY_WONDER_SCENARIO_CITYSTATE_TROY_ADJ">
      <Text>[COLOR:240:240:140:255]트로이[COLOR_XX]의</Text>
    </Row>
    <Row Tag="TXT_KEY_WONDER_SCENARIO_CITYSTATE_TROY_DESC">
      <Text>전설적인 도시 트로이는 기원전 3000년에서 2000년까지 1000년 동안 최고의 부흥기를 누렸던 것으로 추정되며 에게 해의 번창한 교역 중심지였습니다. 호머의 서사시 "일리아드"에 자주 등장하는 트로이는 오랫동안 신화 속에서만 존재하는 도시로 여겨져 왔으나 19세기 고고학적인 발굴로 오늘날 터키 지역에 실제로 있었던 도시임이 밝혀졌습니다.</Text>
    </Row>
    <Row Tag="TXT_KEY_WONDER_SCENARIO_CITYSTATE_UGARIT">
      <Text>우가리트</Text>
	  <Plurality>2</Plurality>
    </Row>
    <Row Tag="TXT_KEY_WONDER_SCENARIO_CITYSTATE_UGARIT_ADJ">
      <Text>[COLOR:240:240:140:255]우가리트[COLOR_XX]의</Text>
    </Row>
    <Row Tag="TXT_KEY_WONDER_SCENARIO_CITYSTATE_UGARIT_DESC">
      <Text>지중해 동부에 자리 잡은 우가리트는 오늘날 시리아 지역에 해당합니다. 기원전 6000년경에 처음으로 세워진 이후 우가리트는 전성기인 기원전 2000년경 이집트와 그리스를 상대로 활발한 무역 활동을 펼친 주요 항구 도시였습니다.</Text>
    </Row>
    <Row Tag="TXT_KEY_WONDER_SCENARIO_CITYSTATE_WASHUKANNI">
      <Text>와슈카니</Text>
	  <Plurality>2</Plurality>
    </Row>
    <Row Tag="TXT_KEY_WONDER_SCENARIO_CITYSTATE_WASHUKANNI_ADJ">
      <Text>[COLOR:240:240:140:255]와슈카니[COLOR_XX]의</Text>
    </Row>
    <Row Tag="TXT_KEY_WONDER_SCENARIO_CITYSTATE_WASHUKANNI_DESC">
      <Text>와슈카니는 기원전 2000년경 미타니인이 세운 후르리안 왕국의 수도였습니다. 카버 강 인근에 존재했던 것으로 추정되나, 와슈카니의 정확한 위치는 아무도 모릅니다.</Text>
    </Row>
  </Language_KO_KR>
</GameData>