﻿<?xml version="1.0" encoding="utf-8"?>
<!--Generated with LocalizationBuddy.-->
<!--Copyright Firaxis Games 2010-->
<!--All Rights Reserved-->
<GameData>
  <Language_KO_KR>
    <Row Tag="TXT_KEY_BUILDING_LIONS_GATE">
      <Text>사자의 관문</Text>
    </Row>
    <Row Tag="TXT_KEY_BUILDING_NILOMETER">
      <Text>나일 강 수위계</Text>
	  <Plurality>2</Plurality>
    </Row>
    <Row Tag="TXT_KEY_BUILDING_ZIGGURAT">
      <Text>지구라트</Text>
	  <Plurality>2</Plurality>
    </Row>
  </Language_KO_KR>
</GameData>