<?xml version="1.0" encoding="utf-8"?>
<!--Sid Meier's Civilization V -->
<!--Copyright Firaxis Games 2010 -->
<!--File created by Paul Murphy-->
<GameData>
	  <Language_KO_KR>
		    <Row Tag="TXT_KEY_CIV_BABYLON_ADJECTIVE">
			      <Text>[COLOR:50:120:120:255]바빌론[COLOR_XX]의</Text>
		    </Row>
		    <Row Tag="TXT_KEY_CIV_BABYLON_DESC">
			      <Text>바빌론 제국</Text>
            </Row>
		    <Row Tag="TXT_KEY_CIV_BABYLON_SHORT_DESC">
			      <Text>[COLOR:50:120:120:255]바빌론[COLOR_XX]</Text>
            </Row>
    </Language_KO_KR>
</GameData>