<?xml version="1.0" encoding="utf-8"?>
<!-- edited with XMLSPY v2004 rel. 2 U (http://www.xmlspy.com) by Ed Beach (Firaxis Games) -->
<GameData>
	<!-- Table data -->
	<Buildings>
		<Row>
			<Type>BUILDING_AMPHITHEATER</Type>
			<BuildingClass>BUILDINGCLASS_AMPHITHEATER</BuildingClass>
			<FreeStartEra>ERA_INDUSTRIAL</FreeStartEra>
			<Cost>100</Cost>
			<GoldMaintenance>2</GoldMaintenance>
			<PrereqTech>TECH_DRAMA</PrereqTech>
			<Description>TXT_KEY_BUILDING_AMPHITHEATER</Description>
			<Civilopedia>TXT_KEY_CIV5_BUILDINGS_AMPHITHEATER_TEXT</Civilopedia>
			<Strategy>TXT_KEY_BUILDING_AMPHITHEATER_STRATEGY</Strategy>
			<ArtDefineTag>COLESSEUM</ArtDefineTag>
			<SpecialistType>SPECIALIST_ARTIST</SpecialistType>
			<SpecialistCount>1</SpecialistCount>
			<MinAreaSize>-1</MinAreaSize>
			<HurryCostModifier>25</HurryCostModifier>
			<IconAtlas>EXPANSION_BW_ATLAS_1</IconAtlas>
			<NeverCapture>true</NeverCapture>
			<PortraitIndex>0</PortraitIndex>
		</Row>
		<Row>
			<Type>BUILDING_SHRINE</Type>
			<BuildingClass>BUILDINGCLASS_SHRINE</BuildingClass>
			<FreeStartEra>ERA_MEDIEVAL</FreeStartEra>
			<MaxStartEra>ERA_RENAISSANCE</MaxStartEra>
			<Cost>40</Cost>
			<GoldMaintenance>1</GoldMaintenance>
			<PrereqTech>TECH_POTTERY</PrereqTech>
			<Description>TXT_KEY_BUILDING_SHRINE</Description>
			<Civilopedia>TXT_KEY_CIV5_BUILDINGS_SHRINE_TEXT</Civilopedia>
			<Strategy>TXT_KEY_BUILDING_SHRINE_STRATEGY</Strategy>
			<ArtDefineTag>TEMPLE</ArtDefineTag>
			<MinAreaSize>-1</MinAreaSize>
			<HurryCostModifier>25</HurryCostModifier>
			<IconAtlas>EXPANSION_BW_ATLAS_1</IconAtlas>
			<NeverCapture>true</NeverCapture>
			<PortraitIndex>9</PortraitIndex>
		</Row>
		<Row>
			<Type>BUILDING_RECYCLING_CENTER</Type>
			<BuildingClass>BUILDINGCLASS_RECYCLING_CENTER</BuildingClass>
			<Cost>500</Cost>
			<GoldMaintenance>3</GoldMaintenance>
			<PrereqTech>TECH_ECOLOGY</PrereqTech>
			<Description>TXT_KEY_BUILDING_RECYCLING_CENTER</Description>
			<Civilopedia>TXT_KEY_CIV5_BUILDINGS_RECYCLING_CENTER_TEXT</Civilopedia>
			<Help>TXT_KEY_BUILDING_RECYCLING_CENTER_HELP</Help>
			<Strategy>TXT_KEY_BUILDING_RECYCLING_CENTER_STRATEGY</Strategy>
			<ArtDefineTag>ART_DEF_BUILDING_HYDRO_PLANT</ArtDefineTag>
			<MinAreaSize>-1</MinAreaSize>
			<HurryCostModifier>0</HurryCostModifier>
			<IconAtlas>EXPANSION_BW_ATLAS_1</IconAtlas>
			<NeverCapture>true</NeverCapture>
			<PortraitIndex>8</PortraitIndex>
		</Row>
		<Row>
			<Type>BUILDING_BOMB_SHELTER</Type>
			<BuildingClass>BUILDINGCLASS_BOMB_SHELTER</BuildingClass>
			<Cost>300</Cost>
			<GoldMaintenance>1</GoldMaintenance>
			<PrereqTech>TECH_TELECOM</PrereqTech>
			<Description>TXT_KEY_BUILDING_BOMB_SHELTER</Description>
			<Civilopedia>TXT_KEY_CIV5_BUILDINGS_BOMB_SHELTER_TEXT</Civilopedia>
			<Help>TXT_KEY_BUILDING_BOMB_SHELTER_HELP</Help>
			<Strategy>TXT_KEY_BUILDING_BOMB_SHELTER_STRATEGY</Strategy>
			<ArtDefineTag>ART_DEF_BUILDING_HYDRO_PLANT</ArtDefineTag>
			<NukeModifier>-75</NukeModifier>
			<MinAreaSize>-1</MinAreaSize>
			<HurryCostModifier>0</HurryCostModifier>
			<IconAtlas>EXPANSION_BW_ATLAS_1</IconAtlas>
			<NeverCapture>true</NeverCapture>
			<PortraitIndex>1</PortraitIndex>
		</Row>
		<Row>
			<Type>BUILDING_CONSTABLE</Type>
			<BuildingClass>BUILDINGCLASS_CONSTABLE</BuildingClass>
			<Cost>160</Cost>
			<GoldMaintenance>1</GoldMaintenance>
			<PrereqTech>TECH_BANKING</PrereqTech>
			<Description>TXT_KEY_BUILDING_CONSTABLE</Description>
			<Civilopedia>TXT_KEY_CIV5_BUILDINGS_CONSTABLE_TEXT</Civilopedia>
			<Help>TXT_KEY_BUILDING_CONSTABLE_HELP</Help>
			<Strategy>TXT_KEY_BUILDING_CONSTABLE_STRATEGY</Strategy>
			<ArtDefineTag>COLESSEUM</ArtDefineTag>
			<EspionageModifier>-25</EspionageModifier>
			<Espionage>true</Espionage>
			<MinAreaSize>-1</MinAreaSize>
			<HurryCostModifier>25</HurryCostModifier>
			<IconAtlas>EXPANSION_BW_ATLAS_1</IconAtlas>
			<NeverCapture>true</NeverCapture>
			<PortraitIndex>12</PortraitIndex>
		</Row>
		<Row>
			<Type>BUILDING_POLICE_STATION</Type>
			<BuildingClass>BUILDINGCLASS_POLICE_STATION</BuildingClass>
			<Cost>300</Cost>
			<GoldMaintenance>1</GoldMaintenance>
			<PrereqTech>TECH_ELECTRICITY</PrereqTech>
			<Description>TXT_KEY_BUILDING_POLICE_STATION</Description>
			<Civilopedia>TXT_KEY_CIV5_BUILDINGS_POLICE_STATION_TEXT</Civilopedia>
			<Help>TXT_KEY_BUILDING_POLICE_STATION_HELP</Help>
			<Strategy>TXT_KEY_BUILDING_POLICE_STATION_STRATEGY</Strategy>
			<ArtDefineTag>COLESSEUM</ArtDefineTag>
			<EspionageModifier>-25</EspionageModifier>
			<Espionage>true</Espionage>
			<MinAreaSize>-1</MinAreaSize>
			<HurryCostModifier>25</HurryCostModifier>
			<IconAtlas>EXPANSION_BW_ATLAS_1</IconAtlas>
			<NeverCapture>true</NeverCapture>
			<PortraitIndex>11</PortraitIndex>
		</Row>
		<!--National Wonders -->
		<Row>
			<Type>BUILDING_INTELLIGENCE_AGENCY</Type>
			<BuildingClass>BUILDINGCLASS_INTELLIGENCE_AGENCY</BuildingClass>
			<Cost>125</Cost>
			<PrereqTech>TECH_RADIO</PrereqTech>
			<Help>TXT_KEY_BUILDING_INTELLIGENCE_AGENCY_HELP</Help>
			<Description>TXT_KEY_BUILDING_INTELLIGENCE_AGENCY</Description>
			<Civilopedia>TXT_KEY_BUILDING_INTELLIGENCE_AGENCY_TEXT</Civilopedia>
			<Strategy>TXT_KEY_BUILDING_INTELLIGENCE_AGENCY_STRATEGY</Strategy>
			<ArtDefineTag>ART_DEF_BUILDING_INTELLIGENCE_AGENCY</ArtDefineTag>
			<NukeImmune>true</NukeImmune>
			<NumCityCostMod>30</NumCityCostMod>
			<GlobalEspionageModifier>-15</GlobalEspionageModifier>
			<ExtraSpies>1</ExtraSpies>
			<Espionage>true</Espionage>
			<SpyRankChange>1</SpyRankChange>
			<InstantSpyRankChange>1</InstantSpyRankChange>
			<HurryCostModifier>-1</HurryCostModifier>
			<MinAreaSize>-1</MinAreaSize>
			<NeverCapture>true</NeverCapture>
			<IconAtlas>EXPANSION_BW_ATLAS_2</IconAtlas>
			<PortraitIndex>12</PortraitIndex>
		</Row>
		<!-- Wonders -->
		<Row>
			<Type>BUILDING_ALHAMBRA</Type>
			<BuildingClass>BUILDINGCLASS_ALHAMBRA</BuildingClass>
			<Cost>400</Cost>
			<PrereqTech>TECH_CHIVALRY</PrereqTech>
			<Help>TXT_KEY_WONDER_ALHAMBRA_HELP</Help>
			<Description>TXT_KEY_BUILDING_ALHAMBRA</Description>
			<Civilopedia>TXT_KEY_WONDER_ALHAMBRA_DESC</Civilopedia>
			<Quote>TXT_KEY_WONDER_ALHAMBRA_QUOTE</Quote>
			<ArtDefineTag>ALHAMBRA</ArtDefineTag>
			<MaxStartEra>ERA_RENAISSANCE</MaxStartEra>
			<SpecialistType>SPECIALIST_ARTIST</SpecialistType>
			<GreatPeopleRateChange>1</GreatPeopleRateChange>
			<FreeBuildingThisCity>BUILDINGCLASS_CASTLE</FreeBuildingThisCity>
			<TrainedFreePromotion>PROMOTION_DRILL_1</TrainedFreePromotion>
			<CultureRateModifier>20</CultureRateModifier>
			<NukeImmune>true</NukeImmune>
			<HurryCostModifier>-1</HurryCostModifier>
			<MinAreaSize>-1</MinAreaSize>
			<ConquestProb>100</ConquestProb>
			<DisplayPosition>2</DisplayPosition>
			<IconAtlas>EXPANSION_BW_ATLAS_2</IconAtlas>
			<PortraitIndex>0</PortraitIndex>
			<WonderSplashImage>WonderConceptAlahambra.dds</WonderSplashImage>
			<WonderSplashAudio>AS2D_WONDER_SPEECH_ALHAMBRA</WonderSplashAudio>
		</Row>
		<Row>
			<Type>BUILDING_CN_TOWER</Type>
			<BuildingClass>BUILDINGCLASS_CN_TOWER</BuildingClass>
			<Cost>1250</Cost>
			<PrereqTech>TECH_TELECOM</PrereqTech>
			<Help>TXT_KEY_WONDER_CN_TOWER_HELP</Help>
			<Description>TXT_KEY_BUILDING_CN_TOWER</Description>
			<Civilopedia>TXT_KEY_WONDER_CN_TOWER_DESC</Civilopedia>
			<Quote>TXT_KEY_WONDER_CN_TOWER_QUOTE</Quote>
			<ArtDefineTag>CN TOWER</ArtDefineTag>
			<SpecialistType>SPECIALIST_MERCHANT</SpecialistType>
			<GreatPeopleRateChange>1</GreatPeopleRateChange>
			<FreeBuilding>BUILDINGCLASS_BROADCAST_TOWER</FreeBuilding>
			<HappinessPerCity>1</HappinessPerCity>
			<GlobalPopulationChange>1</GlobalPopulationChange>
			<NukeImmune>true</NukeImmune>
			<HurryCostModifier>-1</HurryCostModifier>
			<MinAreaSize>-1</MinAreaSize>
			<ConquestProb>100</ConquestProb>
			<DisplayPosition>2</DisplayPosition>
			<IconAtlas>EXPANSION_BW_ATLAS_2</IconAtlas>
			<PortraitIndex>1</PortraitIndex>
			<WonderSplashImage>WonderConceptCNTower.dds</WonderSplashImage>
			<WonderSplashAudio>AS2D_WONDER_SPEECH_CN_TOWER</WonderSplashAudio>
		</Row>
		<Row>
			<Type>BUILDING_HUBBLE</Type>
			<BuildingClass>BUILDINGCLASS_HUBBLE</BuildingClass>
			<Cost>1250</Cost>
			<PrereqTech>TECH_SATELLITES</PrereqTech>
			<Help>TXT_KEY_WONDER_HUBBLE_HELP</Help>
			<Description>TXT_KEY_BUILDING_HUBBLE</Description>
			<Civilopedia>TXT_KEY_WONDER_HUBBLE_DESC</Civilopedia>
			<Quote>TXT_KEY_WONDER_HUBBLE_QUOTE</Quote>
			<ArtDefineTag>HUBBLE</ArtDefineTag>
			<SpecialistType>SPECIALIST_SCIENTIST</SpecialistType>
			<GreatPeopleRateChange>1</GreatPeopleRateChange>
			<GlobalSpaceProductionModifier>25</GlobalSpaceProductionModifier>
			<FreeBuildingThisCity>BUILDINGCLASS_SPACESHIP_FACTORY</FreeBuildingThisCity>
			<NukeImmune>true</NukeImmune>
			<HurryCostModifier>-1</HurryCostModifier>
			<MinAreaSize>-1</MinAreaSize>
			<ConquestProb>100</ConquestProb>
			<DisplayPosition>2</DisplayPosition>
			<IconAtlas>EXPANSION_BW_ATLAS_2</IconAtlas>
			<PortraitIndex>3</PortraitIndex>
			<WonderSplashImage>WonderConceptHubble.dds</WonderSplashImage>
			<WonderSplashAudio>AS2D_WONDER_SPEECH_HUBBLE_SPACE_TELESCOPE</WonderSplashAudio>
		</Row>
		<Row>
			<Type>BUILDING_LEANING_TOWER</Type>
			<BuildingClass>BUILDINGCLASS_LEANING_TOWER</BuildingClass>
			<Cost>500</Cost>
			<PrereqTech>TECH_PRINTING_PRESS</PrereqTech>
			<Help>TXT_KEY_WONDER_LEANING_TOWER_HELP</Help>
			<Description>TXT_KEY_BUILDING_LEANING_TOWER</Description>
			<Civilopedia>TXT_KEY_WONDER_LEANING_TOWER_DESC</Civilopedia>
			<Quote>TXT_KEY_WONDER_LEANING_TOWER_QUOTE</Quote>
			<ArtDefineTag>TOWER OF PISA</ArtDefineTag>
			<MaxStartEra>ERA_INDUSTRIAL</MaxStartEra>
			<SpecialistType>SPECIALIST_ARTIST</SpecialistType>
			<GreatPeopleRateChange>1</GreatPeopleRateChange>
			<NukeImmune>true</NukeImmune>
			<HurryCostModifier>-1</HurryCostModifier>
			<MinAreaSize>-1</MinAreaSize>
			<ConquestProb>100</ConquestProb>
			<GlobalGreatPeopleRateModifier>25</GlobalGreatPeopleRateModifier>
			<FreeGreatPeople>1</FreeGreatPeople>
			<DisplayPosition>2</DisplayPosition>
			<IconAtlas>EXPANSION_BW_ATLAS_2</IconAtlas>
			<PortraitIndex>4</PortraitIndex>
			<WonderSplashImage>WonderConceptLeaningTower.dds</WonderSplashImage>
			<WonderSplashAudio>AS2D_WONDER_SPEECH_LEANING_TOWER</WonderSplashAudio>
		</Row>
		<Row>
			<Type>BUILDING_MOSQUE_OF_DJENNE</Type>
			<BuildingClass>BUILDINGCLASS_MOSQUE_OF_DJENNE</BuildingClass>
			<Cost>300</Cost>
			<PrereqTech>TECH_THEOLOGY</PrereqTech>
			<Help>TXT_KEY_WONDER_MOSQUE_OF_DJENNE_HELP</Help>
			<Description>TXT_KEY_BUILDING_MOSQUE_OF_DJENNE</Description>
			<Civilopedia>TXT_KEY_WONDER_MOSQUE_OF_DJENNE_DESC</Civilopedia>
			<Quote>TXT_KEY_WONDER_MOSQUE_OF_DJENNE_QUOTE</Quote>
			<ArtDefineTag>GREAT MOSQUE DEJENNE</ArtDefineTag>
			<MaxStartEra>ERA_RENAISSANCE</MaxStartEra>
			<SpecialistType>SPECIALIST_ENGINEER</SpecialistType>
			<GreatPeopleRateChange>1</GreatPeopleRateChange>
			<ExtraMissionarySpreads>1</ExtraMissionarySpreads>
			<FreeBuildingThisCity>BUILDINGCLASS_MOSQUE</FreeBuildingThisCity>
			<NukeImmune>true</NukeImmune>
			<HurryCostModifier>-1</HurryCostModifier>
			<MinAreaSize>-1</MinAreaSize>
			<ConquestProb>100</ConquestProb>
			<DisplayPosition>2</DisplayPosition>
			<IconAtlas>EXPANSION_BW_ATLAS_2</IconAtlas>
			<PortraitIndex>2</PortraitIndex>
			<WonderSplashImage>WonderConceptDjennie.dds</WonderSplashImage>
			<WonderSplashAudio>AS2D_WONDER_SPEECH_GREAT_MOSQUE_OF_DJENNE</WonderSplashAudio>
		</Row>
		<Row>
			<Type>BUILDING_NEUSCHWANSTEIN</Type>
			<BuildingClass>BUILDINGCLASS_NEUSCHWANSTEIN</BuildingClass>
			<Cost>1060</Cost>
			<PrereqTech>TECH_RAILROAD</PrereqTech>
			<Help>TXT_KEY_WONDER_NEUSCHWANSTEIN_HELP</Help>
			<Description>TXT_KEY_BUILDING_NEUSCHWANSTEIN</Description>
			<Civilopedia>TXT_KEY_WONDER_NEUSCHWANSTEIN_DESC</Civilopedia>
			<Quote>TXT_KEY_WONDER_NEUSCHWANSTEIN_QUOTE</Quote>
			<ArtDefineTag>NEUSCHWANSTEIN CASTLE</ArtDefineTag>
			<SpecialistType>SPECIALIST_MERCHANT</SpecialistType>
			<GreatPeopleRateChange>1</GreatPeopleRateChange>
			<Happiness>2</Happiness>
			<NearbyMountainRequired>true</NearbyMountainRequired>
			<NukeImmune>true</NukeImmune>
			<HurryCostModifier>-1</HurryCostModifier>
			<MinAreaSize>-1</MinAreaSize>
			<ConquestProb>100</ConquestProb>
			<DisplayPosition>64</DisplayPosition>
			<IconAtlas>EXPANSION_BW_ATLAS_2</IconAtlas>
			<PortraitIndex>5</PortraitIndex>
			<WonderSplashImage>WonderConceptNeuschwanstein.dds</WonderSplashImage>
			<WonderSplashAudio>AS2D_WONDER_SPEECH_NEUSCHWANSTEIN</WonderSplashAudio>
		</Row>
		<Row>
			<Type>BUILDING_PETRA</Type>
			<BuildingClass>BUILDINGCLASS_PETRA</BuildingClass>
			<Cost>250</Cost>
			<PrereqTech>TECH_CURRENCY</PrereqTech>
			<Help>TXT_KEY_WONDER_PETRA_HELP</Help>
			<Description>TXT_KEY_BUILDING_PETRA</Description>
			<Civilopedia>TXT_KEY_WONDER_PETRA_DESC</Civilopedia>
			<Quote>TXT_KEY_WONDER_PETRA_QUOTE</Quote>
			<ArtDefineTag>PETRA</ArtDefineTag>
			<MaxStartEra>ERA_MEDIEVAL</MaxStartEra>
			<SpecialistType>SPECIALIST_ENGINEER</SpecialistType>
			<NearbyTerrainRequired>TERRAIN_DESERT</NearbyTerrainRequired>
			<EnhancedYieldTech>TECH_ARCHAEOLOGY</EnhancedYieldTech>
			<FreeBuildingThisCity>BUILDINGCLASS_AMPHITHEATER</FreeBuildingThisCity>
			<GreatPeopleRateChange>1</GreatPeopleRateChange>
			<NukeImmune>true</NukeImmune>
			<HurryCostModifier>-1</HurryCostModifier>
			<MinAreaSize>-1</MinAreaSize>
			<ConquestProb>100</ConquestProb>
			<DisplayPosition>2</DisplayPosition>
			<IconAtlas>EXPANSION_BW_ATLAS_2</IconAtlas>
			<PortraitIndex>6</PortraitIndex>
			<WonderSplashImage>WonderConceptPetra.dds</WonderSplashImage>
			<WonderSplashAudio>AS2D_WONDER_SPEECH_PETRA</WonderSplashAudio>
		</Row>
		<Row>
			<Type>BUILDING_TERRACOTTA_ARMY</Type>
			<BuildingClass>BUILDINGCLASS_TERRACOTTA_ARMY</BuildingClass>
			<Cost>250</Cost>
			<PrereqTech>TECH_CONSTRUCTION</PrereqTech>
			<Description>TXT_KEY_BUILDING_TERRACOTTA_ARMY</Description>
			<Civilopedia>TXT_KEY_WONDER_TERRACOTTA_ARMY_DESC</Civilopedia>
			<Quote>TXT_KEY_WONDER_TERRACOTTA_ARMY_QUOTE</Quote>
			<ArtDefineTag>TERRACOTTA ARMY</ArtDefineTag>
			<MaxStartEra>ERA_MEDIEVAL</MaxStartEra>
			<SpecialistType>SPECIALIST_ARTIST</SpecialistType>
			<GreatPeopleRateChange>1</GreatPeopleRateChange>
			<NukeImmune>true</NukeImmune>
			<HurryCostModifier>-1</HurryCostModifier>
			<MinAreaSize>-1</MinAreaSize>
			<ConquestProb>100</ConquestProb>
			<DisplayPosition>2</DisplayPosition>
			<IconAtlas>EXPANSION_BW_ATLAS_2</IconAtlas>
			<PortraitIndex>7</PortraitIndex>
			<WonderSplashImage>WonderConceptTerracottaArmy.dds</WonderSplashImage>
			<WonderSplashAudio>AS2D_WONDER_SPEECH_TERRACOTTA_ARMY</WonderSplashAudio>
		</Row>
		<Row>
			<Type>BUILDING_GREAT_FIREWALL</Type>
			<BuildingClass>BUILDINGCLASS_GREAT_FIREWALL</BuildingClass>
			<Cost>1250</Cost>
			<PrereqTech>TECH_COMPUTERS</PrereqTech>
			<Help>TXT_KEY_BUILDING_GREAT_FIREWALL_HELP</Help>
			<Description>TXT_KEY_BUILDING_GREAT_FIREWALL</Description>
			<Civilopedia>TXT_KEY_WONDER_GREAT_FIREWALL_TEXT</Civilopedia>
			<Quote>TXT_KEY_WONDER_GREAT_FIREWALL_QUOTE</Quote>
			<ArtDefineTag>TERRACOTTA ARMY</ArtDefineTag>
			<SpecialistType>SPECIALIST_SCIENTIST</SpecialistType>
			<Espionage>true</Espionage>
			<NukeImmune>true</NukeImmune>
			<EspionageModifier>-100</EspionageModifier>
			<GlobalEspionageModifier>-25</GlobalEspionageModifier>
			<AffectSpiesNow>true</AffectSpiesNow>
			<HurryCostModifier>-1</HurryCostModifier>
			<MinAreaSize>-1</MinAreaSize>
			<ConquestProb>100</ConquestProb>
			<IconAtlas>EXPANSION_BW_ATLAS_2</IconAtlas>
			<PortraitIndex>13</PortraitIndex>
			<WonderSplashImage>WonderConceptGreatFirewall.dds</WonderSplashImage>
			<WonderSplashAudio>AS2D_WONDER_SPEECH_GREAT_FIREWALL</WonderSplashAudio>
		</Row>
		<!--Religious Buildings -->
		<Row>
			<Type>BUILDING_CATHEDRAL</Type>
			<BuildingClass>BUILDINGCLASS_CATHEDRAL</BuildingClass>
			<Cost>-1</Cost>
			<FaithCost>200</FaithCost>
			<UnlockedByBelief>true</UnlockedByBelief>
			<Description>TXT_KEY_BUILDING_CATHEDRAL</Description>
			<Civilopedia>TXT_KEY_CIV5_BUILDINGS_CATHEDRAL_TEXT</Civilopedia>
			<Strategy>TXT_KEY_BUILDING_CATHEDRAL_STRATEGY</Strategy>
			<SpecialistType>SPECIALIST_ARTIST</SpecialistType>
			<SpecialistCount>1</SpecialistCount>
			<ArtDefineTag>TEMPLE</ArtDefineTag>
			<MinAreaSize>-1</MinAreaSize>
			<Happiness>1</Happiness>
			<IconAtlas>EXPANSION_BW_ATLAS_1</IconAtlas>
			<NeverCapture>true</NeverCapture>
			<PortraitIndex>2</PortraitIndex>
		</Row>
		<Row>
			<Type>BUILDING_MOSQUE</Type>
			<BuildingClass>BUILDINGCLASS_MOSQUE</BuildingClass>
			<Cost>-1</Cost>
			<FaithCost>200</FaithCost>
			<UnlockedByBelief>true</UnlockedByBelief>
			<Description>TXT_KEY_BUILDING_MOSQUE</Description>
			<Civilopedia>TXT_KEY_CIV5_BUILDINGS_MOSQUE_TEXT</Civilopedia>
			<Strategy>TXT_KEY_BUILDING_MOSQUE_STRATEGY</Strategy>
			<ArtDefineTag>TEMPLE</ArtDefineTag>
			<MinAreaSize>-1</MinAreaSize>
			<Happiness>1</Happiness>
			<IconAtlas>EXPANSION_BW_ATLAS_1</IconAtlas>
			<NeverCapture>true</NeverCapture>
			<PortraitIndex>5</PortraitIndex>
		</Row>
		<Row>
			<Type>BUILDING_PAGODA</Type>
			<BuildingClass>BUILDINGCLASS_PAGODA</BuildingClass>
			<Cost>-1</Cost>
			<FaithCost>200</FaithCost>
			<UnlockedByBelief>true</UnlockedByBelief>
			<Description>TXT_KEY_BUILDING_PAGODA</Description>
			<Civilopedia>TXT_KEY_CIV5_BUILDINGS_PAGODA_TEXT</Civilopedia>
			<Strategy>TXT_KEY_BUILDING_PAGODA_STRATEGY</Strategy>
			<ArtDefineTag>TEMPLE</ArtDefineTag>
			<MinAreaSize>-1</MinAreaSize>
			<Happiness>2</Happiness>
			<IconAtlas>EXPANSION_BW_ATLAS_1</IconAtlas>
			<NeverCapture>true</NeverCapture>
			<PortraitIndex>6</PortraitIndex>
		</Row>
		<!-- Unique Buildings -->
		<Row>
			<Type>BUILDING_CEILIDH_HALL</Type>
			<BuildingClass>BUILDINGCLASS_OPERA_HOUSE</BuildingClass>
			<Cost>200</Cost>
			<GoldMaintenance>2</GoldMaintenance>
			<PrereqTech>TECH_ACOUSTICS</PrereqTech>
			<Description>TXT_KEY_BUILDING_CEILIDH_HALL</Description>
			<Civilopedia>TXT_KEY_CIV5_BUILDINGS_CEILIDH_HALL_TEXT</Civilopedia>
			<Strategy>TXT_KEY_BUILDING_CEILIDH_HALL_STRATEGY</Strategy>
			<Help>TXT_KEY_BUILDING_CEILIDH_HALL_HELP</Help>
			<ArtDefineTag>OPERA_HOUSE</ArtDefineTag>
			<SpecialistType>SPECIALIST_ARTIST</SpecialistType>
			<SpecialistCount>1</SpecialistCount>
			<MinAreaSize>-1</MinAreaSize>
			<Happiness>3</Happiness>
			<HurryCostModifier>10</HurryCostModifier>
			<IconAtlas>EXPANSION_BW_ATLAS_1</IconAtlas>
			<NeverCapture>true</NeverCapture>
			<PortraitIndex>3</PortraitIndex>
		</Row>
		<Row>
			<Type>BUILDING_COFFEE_HOUSE</Type>
			<BuildingClass>BUILDINGCLASS_WINDMILL</BuildingClass>
			<Cost>250</Cost>
			<GoldMaintenance>2</GoldMaintenance>
			<PrereqTech>TECH_ECONOMICS</PrereqTech>
			<Description>TXT_KEY_BUILDING_COFFEE_HOUSE</Description>
			<Civilopedia>TXT_KEY_CIV5_BUILDINGS_COFFEE_HOUSE_TEXT</Civilopedia>
			<Strategy>TXT_KEY_BUILDING_COFFEE_HOUSE_STRATEGY</Strategy>
			<Help>TXT_KEY_BUILDING_COFFEE_HOUSE_HELP</Help>
			<ArtDefineTag>ART_DEF_BUILDING_FORGE</ArtDefineTag>
			<SpecialistType>SPECIALIST_ENGINEER</SpecialistType>
			<SpecialistCount>1</SpecialistCount>
			<MinAreaSize>-1</MinAreaSize>
			<ConquestProb>66</ConquestProb>
			<GreatPeopleRateModifier>25</GreatPeopleRateModifier>
			<HurryCostModifier>25</HurryCostModifier>
			<IconAtlas>EXPANSION_BW_ATLAS_1</IconAtlas>
			<PortraitIndex>4</PortraitIndex>
		</Row>
		<Row>
			<Type>BUILDING_STELE</Type>
			<BuildingClass>BUILDINGCLASS_MONUMENT</BuildingClass>
			<FreeStartEra>ERA_MEDIEVAL</FreeStartEra>
			<Cost>40</Cost>
			<GoldMaintenance>1</GoldMaintenance>
			<Description>TXT_KEY_BUILDING_STELE</Description>
			<Civilopedia>TXT_KEY_CIV5_BUILDINGS_STELE_TEXT</Civilopedia>
			<Strategy>TXT_KEY_BUILDING_STELE_STRATEGY</Strategy>
			<ArtDefineTag>MONUMENT</ArtDefineTag>
			<MinAreaSize>-1</MinAreaSize>
			<HurryCostModifier>40</HurryCostModifier>
			<IconAtlas>EXPANSION_BW_ATLAS_1</IconAtlas>
			<NeverCapture>true</NeverCapture>
			<PortraitIndex>10</PortraitIndex>
			<Help>TXT_KEY_BUILDING_STELE_HELP</Help>
		</Row>
		<Row>
			<Type>BUILDING_MAYA_PYRAMID</Type>
			<BuildingClass>BUILDINGCLASS_SHRINE</BuildingClass>
			<FreeStartEra>ERA_MEDIEVAL</FreeStartEra>
			<MaxStartEra>ERA_RENAISSANCE</MaxStartEra>
			<Cost>40</Cost>
			<GoldMaintenance>1</GoldMaintenance>
			<PrereqTech>TECH_POTTERY</PrereqTech>
			<Description>TXT_KEY_BUILDING_MAYA_PYRAMID</Description>
			<Civilopedia>TXT_KEY_CIV5_BUILDINGS_MAYA_PYRAMID_TEXT</Civilopedia>
			<Strategy>TXT_KEY_BUILDING_MAYA_PYRAMID_STRATEGY</Strategy>
			<ArtDefineTag>TEMPLE</ArtDefineTag>
			<MinAreaSize>-1</MinAreaSize>
			<HurryCostModifier>25</HurryCostModifier>
			<IconAtlas>EXPANSION_BW_ATLAS_1</IconAtlas>
			<NeverCapture>true</NeverCapture>
			<PortraitIndex>7</PortraitIndex>
			<Help>TXT_KEY_BUILDING_MAYA_PYRAMID_HELP</Help>
		</Row>
		<!-- Balance Patch Buildings (National Wonder) -->
		<Row>
			<Type>BUILDING_GRAND_TEMPLE</Type>
			<BuildingClass>BUILDINGCLASS_GRAND_TEMPLE</BuildingClass>
			<Cost>125</Cost>
			<PrereqTech>TECH_THEOLOGY</PrereqTech>
			<Help>TXT_KEY_BUILDING_GRAND_TEMPLE_HELP</Help>
			<Description>TXT_KEY_BUILDING_GRAND_TEMPLE</Description>
			<Civilopedia>TXT_KEY_BUILDING_GRAND_TEMPLE_TEXT</Civilopedia>
			<Strategy>TXT_KEY_BUILDING_GRAND_TEMPLE_STRATEGY</Strategy>
			<ArtDefineTag>TEMPLE</ArtDefineTag>
			<NukeImmune>true</NukeImmune>
			<NumCityCostMod>30</NumCityCostMod>
			<HolyCity>true</HolyCity>
			<ReligiousPressureModifier>100</ReligiousPressureModifier>
			<HurryCostModifier>-1</HurryCostModifier>
			<MinAreaSize>-1</MinAreaSize>
			<NeverCapture>true</NeverCapture>
			<IconAtlas>EXPANSION_BW_ATLAS_3</IconAtlas>
			<PortraitIndex>0</PortraitIndex>
		</Row>
	</Buildings>
	<Building_BuildingClassYieldChanges>
		<Row>
			<BuildingType>BUILDING_NEUSCHWANSTEIN</BuildingType>
			<BuildingClassType>BUILDINGCLASS_CASTLE</BuildingClassType>
			<YieldType>YIELD_GOLD</YieldType>
			<YieldChange>3</YieldChange>
		</Row>
		<Row>
			<BuildingType>BUILDING_NEUSCHWANSTEIN</BuildingType>
			<BuildingClassType>BUILDINGCLASS_CASTLE</BuildingClassType>
			<YieldType>YIELD_CULTURE</YieldType>
			<YieldChange>2</YieldChange>
		</Row>
	</Building_BuildingClassYieldChanges>
	<Building_BuildingClassHappiness>
		<Row>
			<BuildingType>BUILDING_NEUSCHWANSTEIN</BuildingType>
			<BuildingClassType>BUILDINGCLASS_CASTLE</BuildingClassType>
			<Happiness>1</Happiness>
		</Row>
	</Building_BuildingClassHappiness>
	<Building_ClassesNeededInCity>
		<Row>
			<BuildingType>BUILDING_AMPHITHEATER</BuildingType>
			<BuildingClassType>BUILDINGCLASS_MONUMENT</BuildingClassType>
		</Row>
		<Row>
			<BuildingType>BUILDING_CEILIDH_HALL</BuildingType>
			<BuildingClassType>BUILDINGCLASS_AMPHITHEATER</BuildingClassType>
		</Row>
		<Row>
			<BuildingType>BUILDING_POLICE_STATION</BuildingType>
			<BuildingClassType>BUILDINGCLASS_CONSTABLE</BuildingClassType>
		</Row>
		<Row>
			<BuildingType>BUILDING_INTELLIGENCE_AGENCY</BuildingType>
			<BuildingClassType>BUILDINGCLASS_POLICE_STATION</BuildingClassType>
		</Row>
		<Row>
			<BuildingType>BUILDING_GRAND_TEMPLE</BuildingType>
			<BuildingClassType>BUILDINGCLASS_TEMPLE</BuildingClassType>
		</Row>
	</Building_ClassesNeededInCity>
	<Building_FeatureYieldChanges>
		<Row>
			<BuildingType>BUILDING_PETRA</BuildingType>
			<FeatureType>FEATURE_FLOOD_PLAINS</FeatureType>
			<YieldType>YIELD_FOOD</YieldType>
			<Yield>-1</Yield>
		</Row>
		<Row>
			<BuildingType>BUILDING_PETRA</BuildingType>
			<FeatureType>FEATURE_FLOOD_PLAINS</FeatureType>
			<YieldType>YIELD_PRODUCTION</YieldType>
			<Yield>-1</Yield>
		</Row>
		<Row>
			<BuildingType>BUILDING_PETRA</BuildingType>
			<FeatureType>FEATURE_FLOOD_PLAINS</FeatureType>
			<YieldType>YIELD_GOLD</YieldType>
			<Yield>-1</Yield>
		</Row>
	</Building_FeatureYieldChanges>
	<Building_Flavors>
        <Row>
            <BuildingType>BUILDING_AMPHITHEATER</BuildingType>
            <FlavorType>FLAVOR_CULTURE</FlavorType>
            <Flavor>20</Flavor>
        </Row>
        <Row>
            <BuildingType>BUILDING_AMPHITHEATER</BuildingType>
            <FlavorType>FLAVOR_GREAT_PEOPLE</FlavorType>
            <Flavor>2</Flavor>
        </Row>
        <Row>
			<BuildingType>BUILDING_SHRINE</BuildingType>
			<FlavorType>FLAVOR_RELIGION</FlavorType>
			<Flavor>25</Flavor>
		</Row>
		<Row>
			<BuildingType>BUILDING_RECYCLING_CENTER</BuildingType>
			<FlavorType>FLAVOR_AIR</FlavorType>
			<Flavor>25</Flavor>
		</Row>
		<Row>
			<BuildingType>BUILDING_RECYCLING_CENTER</BuildingType>
			<FlavorType>FLAVOR_SPACESHIP</FlavorType>
			<Flavor>50</Flavor>
		</Row>
		<Row>
			<BuildingType>BUILDING_BOMB_SHELTER</BuildingType>
			<FlavorType>FLAVOR_DEFENSE</FlavorType>
			<Flavor>25</Flavor>
		</Row>
        <Row>
            <BuildingType>BUILDING_CEILIDH_HALL</BuildingType>
            <FlavorType>FLAVOR_CULTURE</FlavorType>
            <Flavor>70</Flavor>
        </Row>
        <Row>
            <BuildingType>BUILDING_CEILIDH_HALL</BuildingType>
            <FlavorType>FLAVOR_HAPPINESS</FlavorType>
            <Flavor>40</Flavor>
        </Row>
        <Row>
            <BuildingType>BUILDING_CEILIDH_HALL</BuildingType>
            <FlavorType>FLAVOR_GREAT_PEOPLE</FlavorType>
            <Flavor>2</Flavor>
        </Row>
        <Row>
			<BuildingType>BUILDING_CONSTABLE</BuildingType>
			<FlavorType>FLAVOR_ESPIONAGE</FlavorType>
			<Flavor>25</Flavor>
		</Row>
		<Row>
			<BuildingType>BUILDING_POLICE_STATION</BuildingType>
			<FlavorType>FLAVOR_ESPIONAGE</FlavorType>
			<Flavor>25</Flavor>
		</Row>
		<Row>
			<BuildingType>BUILDING_INTELLIGENCE_AGENCY</BuildingType>
			<FlavorType>FLAVOR_SCIENCE</FlavorType>
			<Flavor>50</Flavor>
		</Row>
		<Row>
			<BuildingType>BUILDING_INTELLIGENCE_AGENCY</BuildingType>
			<FlavorType>FLAVOR_DIPLOMACY</FlavorType>
			<Flavor>50</Flavor>
		</Row>
		<Row>
			<BuildingType>BUILDING_INTELLIGENCE_AGENCY</BuildingType>
			<FlavorType>FLAVOR_ESPIONAGE</FlavorType>
			<Flavor>10</Flavor>
		</Row>
        <Row>
            <BuildingType>BUILDING_GREAT_FIREWALL</BuildingType>
            <FlavorType>FLAVOR_ESPIONAGE</FlavorType>
            <Flavor>100</Flavor>
        </Row>
        <Row>
            <BuildingType>BUILDING_GREAT_FIREWALL</BuildingType>
            <FlavorType>FLAVOR_WONDER</FlavorType>
            <Flavor>20</Flavor>
        </Row>
        <Row>
			<BuildingType>BUILDING_GRAND_TEMPLE</BuildingType>
			<FlavorType>FLAVOR_RELIGION</FlavorType>
			<Flavor>50</Flavor>
		</Row>
		<Row>
			<BuildingType>BUILDING_GRAND_TEMPLE</BuildingType>
			<FlavorType>FLAVOR_WONDER</FlavorType>
			<Flavor>20</Flavor>
		</Row>
		<Row>
			<BuildingType>BUILDING_COFFEE_HOUSE</BuildingType>
			<FlavorType>FLAVOR_GREAT_PEOPLE</FlavorType>
			<Flavor>40</Flavor>
		</Row>
		<Row>
			<BuildingType>BUILDING_COFFEE_HOUSE</BuildingType>
			<FlavorType>FLAVOR_PRODUCTION</FlavorType>
			<Flavor>50</Flavor>
		</Row>
		<Row>
			<BuildingType>BUILDING_STELE</BuildingType>
			<FlavorType>FLAVOR_CULTURE</FlavorType>
			<Flavor>10</Flavor>
		</Row>
		<Row>
			<BuildingType>BUILDING_STELE</BuildingType>
			<FlavorType>FLAVOR_RELIGION</FlavorType>
			<Flavor>10</Flavor>
		</Row>
		<Row>
			<BuildingType>BUILDING_CATHEDRAL</BuildingType>
			<FlavorType>FLAVOR_RELIGION</FlavorType>
			<Flavor>1</Flavor>
		</Row>
		<Row>
			<BuildingType>BUILDING_CATHEDRAL</BuildingType>
			<FlavorType>FLAVOR_CULTURE</FlavorType>
			<Flavor>4</Flavor>
		</Row>
		<Row>
			<BuildingType>BUILDING_CATHEDRAL</BuildingType>
			<FlavorType>FLAVOR_GREAT_PEOPLE</FlavorType>
			<Flavor>2</Flavor>
		</Row>
		<Row>
			<BuildingType>BUILDING_CATHEDRAL</BuildingType>
			<FlavorType>FLAVOR_HAPPINESS</FlavorType>
			<Flavor>4</Flavor>
		</Row>
		<Row>
			<BuildingType>BUILDING_MOSQUE</BuildingType>
			<FlavorType>FLAVOR_RELIGION</FlavorType>
			<Flavor>4</Flavor>
		</Row>
		<Row>
			<BuildingType>BUILDING_MOSQUE</BuildingType>
			<FlavorType>FLAVOR_CULTURE</FlavorType>
			<Flavor>2</Flavor>
		</Row>
		<Row>
			<BuildingType>BUILDING_MOSQUE</BuildingType>
			<FlavorType>FLAVOR_HAPPINESS</FlavorType>
			<Flavor>4</Flavor>
		</Row>
		<Row>
			<BuildingType>BUILDING_PAGODA</BuildingType>
			<FlavorType>FLAVOR_RELIGION</FlavorType>
			<Flavor>2</Flavor>
		</Row>
		<Row>
			<BuildingType>BUILDING_PAGODA</BuildingType>
			<FlavorType>FLAVOR_CULTURE</FlavorType>
			<Flavor>2</Flavor>
		</Row>
		<Row>
			<BuildingType>BUILDING_PAGODA</BuildingType>
			<FlavorType>FLAVOR_HAPPINESS</FlavorType>
			<Flavor>6</Flavor>
		</Row>
		<Row>
			<BuildingType>BUILDING_LEANING_TOWER</BuildingType>
			<FlavorType>FLAVOR_GREAT_PEOPLE</FlavorType>
			<Flavor>50</Flavor>
		</Row>
		<Row>
			<BuildingType>BUILDING_LEANING_TOWER</BuildingType>
			<FlavorType>FLAVOR_WONDER</FlavorType>
			<Flavor>20</Flavor>
		</Row>
		<Row>
			<BuildingType>BUILDING_TERRACOTTA_ARMY</BuildingType>
			<FlavorType>FLAVOR_CULTURE</FlavorType>
			<Flavor>20</Flavor>
		</Row>
        <Row>
            <BuildingType>BUILDING_TERRACOTTA_ARMY</BuildingType>
            <FlavorType>FLAVOR_WONDER</FlavorType>
            <Flavor>15</Flavor>
        </Row>
        <Row>
            <BuildingType>BUILDING_TERRACOTTA_ARMY</BuildingType>
            <FlavorType>FLAVOR_GREAT_PEOPLE</FlavorType>
            <Flavor>10</Flavor>
        </Row>
        <Row>
			<BuildingType>BUILDING_PETRA</BuildingType>
			<FlavorType>FLAVOR_GROWTH</FlavorType>
			<Flavor>20</Flavor>
		</Row>
		<Row>
			<BuildingType>BUILDING_PETRA</BuildingType>
			<FlavorType>FLAVOR_PRODUCTION</FlavorType>
			<Flavor>20</Flavor>
		</Row>
		<Row>
			<BuildingType>BUILDING_PETRA</BuildingType>
			<FlavorType>FLAVOR_GOLD</FlavorType>
			<Flavor>20</Flavor>
		</Row>
		<Row>
			<BuildingType>BUILDING_PETRA</BuildingType>
			<FlavorType>FLAVOR_CULTURE</FlavorType>
			<Flavor>10</Flavor>
		</Row>
        <Row>
            <BuildingType>BUILDING_PETRA</BuildingType>
            <FlavorType>FLAVOR_WONDER</FlavorType>
            <Flavor>15</Flavor>
        </Row>
        <Row>
            <BuildingType>BUILDING_PETRA</BuildingType>
            <FlavorType>FLAVOR_GREAT_PEOPLE</FlavorType>
            <Flavor>10</Flavor>
        </Row>
        <Row>
			<BuildingType>BUILDING_MOSQUE_OF_DJENNE</BuildingType>
			<FlavorType>FLAVOR_RELIGION</FlavorType>
			<Flavor>50</Flavor>
		</Row>
        <Row>
            <BuildingType>BUILDING_MOSQUE_OF_DJENNE</BuildingType>
            <FlavorType>FLAVOR_WONDER</FlavorType>
            <Flavor>15</Flavor>
        </Row>
        <Row>
            <BuildingType>BUILDING_MOSQUE_OF_DJENNE</BuildingType>
            <FlavorType>FLAVOR_GREAT_PEOPLE</FlavorType>
            <Flavor>10</Flavor>
        </Row>
        <Row>
			<BuildingType>BUILDING_ALHAMBRA</BuildingType>
			<FlavorType>FLAVOR_CULTURE</FlavorType>
			<Flavor>20</Flavor>
		</Row>
		<Row>
			<BuildingType>BUILDING_ALHAMBRA</BuildingType>
			<FlavorType>FLAVOR_MILITARY_TRAINING</FlavorType>
			<Flavor>15</Flavor>
		</Row>
		<Row>
			<BuildingType>BUILDING_ALHAMBRA</BuildingType>
			<FlavorType>FLAVOR_CITY_DEFENSE</FlavorType>
			<Flavor>5</Flavor>
		</Row>
        <Row>
            <BuildingType>BUILDING_ALHAMBRA</BuildingType>
            <FlavorType>FLAVOR_RELIGION</FlavorType>
            <Flavor>15</Flavor>
        </Row>
        <Row>
            <BuildingType>BUILDING_ALHAMBRA</BuildingType>
            <FlavorType>FLAVOR_WONDER</FlavorType>
            <Flavor>10</Flavor>
        </Row>
        <Row>
            <BuildingType>BUILDING_ALHAMBRA</BuildingType>
            <FlavorType>FLAVOR_GREAT_PEOPLE</FlavorType>
            <Flavor>10</Flavor>
        </Row>
        <Row>
            <BuildingType>BUILDING_CN_TOWER</BuildingType>
            <FlavorType>FLAVOR_CULTURE</FlavorType>
            <Flavor>30</Flavor>
        </Row>
        <Row>
            <BuildingType>BUILDING_CN_TOWER</BuildingType>
            <FlavorType>FLAVOR_GROWTH</FlavorType>
            <Flavor>50</Flavor>
        </Row>
        <Row>
            <BuildingType>BUILDING_CN_TOWER</BuildingType>
            <FlavorType>FLAVOR_HAPPINESS</FlavorType>
            <Flavor>30</Flavor>
        </Row>
        <Row>
            <BuildingType>BUILDING_CN_TOWER</BuildingType>
            <FlavorType>FLAVOR_WONDER</FlavorType>
            <Flavor>30</Flavor>
        </Row>
        <Row>
            <BuildingType>BUILDING_CN_TOWER</BuildingType>
            <FlavorType>FLAVOR_GREAT_PEOPLE</FlavorType>
            <Flavor>10</Flavor>
        </Row>
        <Row>
            <BuildingType>BUILDING_HUBBLE</BuildingType>
            <FlavorType>FLAVOR_SPACESHIP</FlavorType>
            <Flavor>50</Flavor>
        </Row>
        <Row>
            <BuildingType>BUILDING_HUBBLE</BuildingType>
            <FlavorType>FLAVOR_GREAT_PEOPLE</FlavorType>
            <Flavor>60</Flavor>
        </Row>
        <Row>
			<BuildingType>BUILDING_HUBBLE</BuildingType>
			<FlavorType>FLAVOR_WONDER</FlavorType>
			<Flavor>30</Flavor>
		</Row>
	</Building_Flavors>
	<Building_FreeUnits>
		<Row>
			<BuildingType>BUILDING_HUBBLE</BuildingType>
			<UnitType>UNIT_SCIENTIST</UnitType>
			<NumUnits>2</NumUnits>
		</Row>
	</Building_FreeUnits>
	<Building_TerrainYieldChanges>
		<Row>
			<BuildingType>BUILDING_PETRA</BuildingType>
			<TerrainType>TERRAIN_DESERT</TerrainType>
			<YieldType>YIELD_FOOD</YieldType>
			<Yield>1</Yield>
		</Row>
		<Row>
			<BuildingType>BUILDING_PETRA</BuildingType>
			<TerrainType>TERRAIN_DESERT</TerrainType>
			<YieldType>YIELD_PRODUCTION</YieldType>
			<Yield>1</Yield>
		</Row>
		<Row>
			<BuildingType>BUILDING_PETRA</BuildingType>
			<TerrainType>TERRAIN_DESERT</TerrainType>
			<YieldType>YIELD_GOLD</YieldType>
			<Yield>1</Yield>
		</Row>
	</Building_TerrainYieldChanges>
	<Building_TechEnhancedYieldChanges>
		<Row>
			<BuildingType>BUILDING_PETRA</BuildingType>
			<YieldType>YIELD_CULTURE</YieldType>
			<Yield>6</Yield>
		</Row>
	</Building_TechEnhancedYieldChanges>
	<Building_PrereqBuildingClasses>
		<Row>
			<BuildingType>BUILDING_INTELLIGENCE_AGENCY</BuildingType>
			<BuildingClassType>BUILDINGCLASS_POLICE_STATION</BuildingClassType>
			<NumBuildingNeeded>-1</NumBuildingNeeded>
		</Row>
		<Row>
			<BuildingType>BUILDING_GRAND_TEMPLE</BuildingType>
			<BuildingClassType>BUILDINGCLASS_TEMPLE</BuildingClassType>
			<NumBuildingNeeded>-1</NumBuildingNeeded>
		</Row>
	</Building_PrereqBuildingClasses>
	<Building_ResourceQuantity>
		<Row>
			<BuildingType>BUILDING_RECYCLING_CENTER</BuildingType>
			<ResourceType>RESOURCE_ALUMINUM</ResourceType>
			<Quantity>2</Quantity>
		</Row>
	</Building_ResourceQuantity>
	<Building_YieldChanges>
		<Row>
			<BuildingType>BUILDING_AMPHITHEATER</BuildingType>
			<YieldType>YIELD_CULTURE</YieldType>
			<Yield>3</Yield>
		</Row>
		<Row>
			<BuildingType>BUILDING_SHRINE</BuildingType>
			<YieldType>YIELD_FAITH</YieldType>
			<Yield>1</Yield>
		</Row>
		<Row>
			<BuildingType>BUILDING_CATHEDRAL</BuildingType>
			<YieldType>YIELD_CULTURE</YieldType>
			<Yield>3</Yield>
		</Row>
		<Row>
			<BuildingType>BUILDING_CATHEDRAL</BuildingType>
			<YieldType>YIELD_FAITH</YieldType>
			<Yield>1</Yield>
		</Row>
		<Row>
			<BuildingType>BUILDING_MOSQUE</BuildingType>
			<YieldType>YIELD_CULTURE</YieldType>
			<Yield>2</Yield>
		</Row>
		<Row>
			<BuildingType>BUILDING_MOSQUE</BuildingType>
			<YieldType>YIELD_FAITH</YieldType>
			<Yield>3</Yield>
		</Row>
		<Row>
			<BuildingType>BUILDING_PAGODA</BuildingType>
			<YieldType>YIELD_CULTURE</YieldType>
			<Yield>2</Yield>
		</Row>
		<Row>
			<BuildingType>BUILDING_PAGODA</BuildingType>
			<YieldType>YIELD_FAITH</YieldType>
			<Yield>2</Yield>
		</Row>
		<Row>
			<BuildingType>BUILDING_CEILIDH_HALL</BuildingType>
			<YieldType>YIELD_CULTURE</YieldType>
			<Yield>4</Yield>
		</Row>
		<Row>
			<BuildingType>BUILDING_COFFEE_HOUSE</BuildingType>
			<YieldType>YIELD_PRODUCTION</YieldType>
			<Yield>2</Yield>
		</Row>
		<Row>
			<BuildingType>BUILDING_STELE</BuildingType>
			<YieldType>YIELD_CULTURE</YieldType>
			<Yield>2</Yield>
		</Row>
		<Row>
			<BuildingType>BUILDING_STELE</BuildingType>
			<YieldType>YIELD_FAITH</YieldType>
			<Yield>2</Yield>
		</Row>
		<Row>
			<BuildingType>BUILDING_MAYA_PYRAMID</BuildingType>
			<YieldType>YIELD_FAITH</YieldType>
			<Yield>2</Yield>
		</Row>
		<Row>
			<BuildingType>BUILDING_MAYA_PYRAMID</BuildingType>
			<YieldType>YIELD_SCIENCE</YieldType>
			<Yield>2</Yield>
		</Row>
		<Row>
			<BuildingType>BUILDING_ALHAMBRA</BuildingType>
			<YieldType>YIELD_CULTURE</YieldType>
			<Yield>1</Yield>
		</Row>
		<Row>
			<BuildingType>BUILDING_LEANING_TOWER</BuildingType>
			<YieldType>YIELD_CULTURE</YieldType>
			<Yield>1</Yield>
		</Row>
		<Row>
			<BuildingType>BUILDING_TERRACOTTA_ARMY</BuildingType>
			<YieldType>YIELD_CULTURE</YieldType>
			<Yield>6</Yield>
		</Row>
		<Row>
			<BuildingType>BUILDING_MOSQUE_OF_DJENNE</BuildingType>
			<YieldType>YIELD_CULTURE</YieldType>
			<Yield>1</Yield>
		</Row>
		<Row>
			<BuildingType>BUILDING_MOSQUE_OF_DJENNE</BuildingType>
			<YieldType>YIELD_FAITH</YieldType>
			<Yield>3</Yield>
		</Row>
		<Row>
			<BuildingType>BUILDING_NEUSCHWANSTEIN</BuildingType>
			<YieldType>YIELD_GOLD</YieldType>
			<Yield>6</Yield>
		</Row>
		<Row>
			<BuildingType>BUILDING_NEUSCHWANSTEIN</BuildingType>
			<YieldType>YIELD_CULTURE</YieldType>
			<Yield>4</Yield>
		</Row>
		<Row>
			<BuildingType>BUILDING_PETRA</BuildingType>
			<YieldType>YIELD_CULTURE</YieldType>
			<Yield>1</Yield>
		</Row>
		<Row>
			<BuildingType>BUILDING_GRAND_TEMPLE</BuildingType>
			<YieldType>YIELD_CULTURE</YieldType>
			<Yield>1</Yield>
		</Row>
		<Row>
			<BuildingType>BUILDING_GRAND_TEMPLE</BuildingType>
			<YieldType>YIELD_FAITH</YieldType>
			<Yield>8</Yield>
		</Row>
	</Building_YieldChanges>
	<Building_YieldModifiers>
		<Row>
			<BuildingType>BUILDING_COFFEE_HOUSE</BuildingType>
			<YieldType>YIELD_PRODUCTION</YieldType>
			<Yield>5</Yield>
		</Row>
	</Building_YieldModifiers>
</GameData>
