﻿<?xml version="1.0" encoding="utf-8"?>
<GameData>
	<Language_KO_KR>
		<Row Tag="TXT_KEY_LEADER_NEBUCHADNEZZAR_AGREE_SHORT_1">
			<Text>케네스, 내 심박수가 어떻게되지?</Text>
		</Row>
		<Row Tag="TXT_KEY_LEADER_NEBUCHADNEZZAR_AGREE_SHORT_2">
			<Text>좋소.</Text>
		</Row>
		<Row Tag="TXT_KEY_LEADER_NEBUCHADNEZZAR_AGREE_SHORT_3">
			<Text>물론이지.</Text>
		</Row>
		<Row Tag="TXT_KEY_LEADER_NEBUCHADNEZZAR_AGREE_SHORT_4">
			<Text>동의하오.</Text>
		</Row>
		<Row Tag="TXT_KEY_LEADER_NEBUCHADNEZZAR_AGREE_SHORT_5">
			<Text>오, 물론.</Text>
		</Row>
		<Row Tag="TXT_KEY_LEADER_NEBUCHADNEZZAR_AGREE_SHORT_6">
			<Text>동의하지 않을수 없군.</Text>
		</Row>
		<Row Tag="TXT_KEY_LEADER_NEBUCHADNEZZAR_AGREE_SHORT_7">
			<Text>됐소.</Text>
		</Row>
		<Row Tag="TXT_KEY_LEADER_NEBUCHADNEZZAR_ATTACKED_1">
			<Text>오, 난 저녁으로 오트밀을 먹어야겠군.</Text>
		</Row>
		<Row Tag="TXT_KEY_LEADER_NEBUCHADNEZZAR_ATTACKED_2">
			<Text>너도 알다시피 우리는 너희를 박살 내야 할 것 같군. 치즈 좀 먹고 싶나?</Text>
		</Row>
		<Row Tag="TXT_KEY_LEADER_NEBUCHADNEZZAR_ATTACKED_3">
			<Text>오, 물론. 너도 알다시피 난 네가 그럴 줄 예상하고 있었지.</Text>
		</Row>
		
		<Row Tag="TXT_KEY_LEADER_NEBUCHADNEZZAR_DECLAREWAR_1">
			<Text>전쟁은 철로 된 편자를 단 말에 타서, 하얗고 뜨거운 발자국을 나의 머리에 남겼지. 끔찍하구나! 끔찍해!</Text>
		</Row>
		<Row Tag="TXT_KEY_LEADER_NEBUCHADNEZZAR_DECLAREWAR_2">
			<Text>난 그대에게 전쟁을 선포했다는 걸 통보 했소. 내가 왜 그런지 궁금하오?</Text>
		</Row>
		<Row Tag="TXT_KEY_LEADER_NEBUCHADNEZZAR_DECLAREWAR_3">
			<Text>악마들은 병사들의 피를 위해 울부짖곤 하지. 전쟁을 위해!</Text>
		</Row>
		<Row Tag="TXT_KEY_LEADER_NEBUCHADNEZZAR_DEFEATED_1">
			<Text>잘했어. 내가 악마에게 바칠 좋은 말을 하사해줘야겠군.</Text>
		</Row>
		<Row Tag="TXT_KEY_LEADER_NEBUCHADNEZZAR_DEFEATED_2">
			<Text>다 끝났어. 아마 이제 최후로 평화를 갖게 되겠지.</Text>
		</Row>
		<Row Tag="TXT_KEY_LEADER_NEBUCHADNEZZAR_DEFEATED_3">
			<Text>내가 완패한 건가? 재미있군.</Text>
		</Row>
		
		<Row Tag="TXT_KEY_LEADER_NEBUCHADNEZZAR_DEMANDTRIBUTE_ANGRY">
			<Text>너의 생명을 갉아먹는 쥐의 아픔은 네가 나의 요구를 거절하게 되어 겪게 될 괴로움에 비하자면 아무것도 아니지.</Text>
		</Row>
		<Row Tag="TXT_KEY_LEADER_NEBUCHADNEZZAR_DEMANDTRIBUTE_HAPPY">
			<Text>원초적이고 눈을 가리는 욕심이 나를 나쁜 사람으로 보이게 하는가? 궁금하구나...</Text>
		</Row>
		<Row Tag="TXT_KEY_LEADER_NEBUCHADNEZZAR_DEMANDTRIBUTE_NEUTRAL">
			<Text>저 선물은 내 블랙 유머를 돋보이게 할 것이고, 그러면 나중에 그대가 살 확률을 매우 증가시켜 줄 것이오.</Text>
		</Row>
		<Row Tag="TXT_KEY_LEADER_NEBUCHADNEZZAR_DISAGREE_SHORT_1">
			<Text>죽은 자가 나의 귀에 "아니오"라고 속삭였군.</Text>
		</Row>
		<Row Tag="TXT_KEY_LEADER_NEBUCHADNEZZAR_DISAGREE_SHORT_2">
			<Text>싫소.</Text>
		</Row>
		<Row Tag="TXT_KEY_LEADER_NEBUCHADNEZZAR_DISAGREE_SHORT_3">
			<Text>절대 안되지.</Text>
		</Row>
		<Row Tag="TXT_KEY_LEADER_NEBUCHADNEZZAR_DISAGREE_SHORT_4">
			<Text>거절하겠소.</Text>
		</Row>
		<Row Tag="TXT_KEY_LEADER_NEBUCHADNEZZAR_DISAGREE_SHORT_5">
			<Text>물론 안되지.</Text>
		</Row>
		<Row Tag="TXT_KEY_LEADER_NEBUCHADNEZZAR_DISAGREE_SHORT_6">
			<Text>받아들일 수 없군.</Text>
		</Row>
		<Row Tag="TXT_KEY_LEADER_NEBUCHADNEZZAR_DISAGREE_SHORT_7">
			<Text>지금 장난 하는 것인가?</Text>
		</Row>
		<Row Tag="TXT_KEY_LEADER_NEBUCHADNEZZAR_DISAGREE_SHORT_8">
			<Text>다시 한번 말해 보겠소?</Text>
		</Row>
		<Row Tag="TXT_KEY_LEADER_NEBUCHADNEZZAR_FIRSTGREETING_1">
			<Text>나는 바빌론의 네부카드네자르라고 하지. 밖에 있는 얼간이들은 내가 신이라 말하지만, 그런 것 같지 않군. 그댄 누군가?</Text>
		</Row>
		<Row Tag="TXT_KEY_LEADER_NEBUCHADNEZZAR_FIRSTGREETING_2">
			<Text>나는 바빌론의 지배자, 네부카드네자르라고 하지. 난 그대가 여기서 내 시간을 낭비하도록 만든 단순한 얼간이가 아니길 진정으로 바라겠소.</Text>
		</Row>
		<Row Tag="TXT_KEY_LEADER_NEBUCHADNEZZAR_FIRSTGREETING_3">
			<Text>나는 네부카드네자르라고 하지. 그댄 실존하는 인간인가? 아니면, 날 괴롭게 하는 유령인가?</Text>
		</Row>
		<Row Tag="TXT_KEY_LEADER_NEBUCHADNEZZAR_GOODBYE_1">
			<Text>분노가 느껴지는군. 그댄 가는 게 좋겠소.</Text>
		</Row>
		<Row Tag="TXT_KEY_LEADER_NEBUCHADNEZZAR_GOODBYE_2">
			<Text>잘가게.</Text>
		</Row>
		<Row Tag="TXT_KEY_LEADER_NEBUCHADNEZZAR_GOODBYE_3">
			<Text>다시 만나지.</Text>
		</Row>
		<Row Tag="TXT_KEY_LEADER_NEBUCHADNEZZAR_GOODBYE_4">
			<Text>꺼지시오.</Text>
		</Row>
		<Row Tag="TXT_KEY_LEADER_NEBUCHADNEZZAR_GOODBYE_5">
			<Text>볼일은 끝났소.</Text>
		</Row>
        <Row Tag="TXT_KEY_LEADER_NEBUCHADNEZZAR_GOODBYE_6">
            <Text>꺼지시오. 고독 속에서 절망을 한 컵 홀짝여야겠어.</Text>
        </Row>
    
		<Row Tag="TXT_KEY_LEADER_NEBUCHADNEZZAR_GREETING_1">
			<Text>환영하오. 비명 지르는 건 참아주시오.</Text>
		</Row>
		<Row Tag="TXT_KEY_LEADER_NEBUCHADNEZZAR_GREETING_2">
			<Text>우리 만난 적 있나?</Text>
		</Row>
		<Row Tag="TXT_KEY_LEADER_NEBUCHADNEZZAR_GREETING_3">
			<Text>반갑소.</Text>
		</Row>
		<Row Tag="TXT_KEY_LEADER_NEBUCHADNEZZAR_GREETING_4">
			<Text>오, 당신이로군.</Text>
		</Row>
		<Row Tag="TXT_KEY_LEADER_NEBUCHADNEZZAR_GREETING_5">
			<Text>응? 말해보게. 난 머리에 피가 몰려 간신히 그대의 말을 들을 수 있지.</Text>
		</Row>
		<Row Tag="TXT_KEY_LEADER_NEBUCHADNEZZAR_GREETING_6">
			<Text>뭘 원하는가?</Text>
		</Row>
		<Row Tag="TXT_KEY_LEADER_NEBUCHADNEZZAR_LETSHEARIT_1">
			<Text>말하게. 뭐든 이 속삭임을 없애도록.</Text>
		</Row>
		<Row Tag="TXT_KEY_LEADER_NEBUCHADNEZZAR_LETSHEARIT_2">
			<Text>계속하시오.</Text>
		</Row>
		<Row Tag="TXT_KEY_LEADER_NEBUCHADNEZZAR_LETSHEARIT_3">
			<Text>계속말하시오.</Text>
		</Row>
		<Row Tag="TXT_KEY_LEADER_NEBUCHADNEZZAR_LETSHEARIT_4">
			<Text>듣고 있소.</Text>
		</Row>
		<Row Tag="TXT_KEY_LEADER_NEBUCHADNEZZAR_LETSHEARIT_5">
			<Text>음?</Text>
		</Row>
		<Row Tag="TXT_KEY_LEADER_NEBUCHADNEZZAR_LETSHEARIT_6">
			<Text>그래서?</Text>
		</Row>
		<Row Tag="TXT_KEY_LEADER_NEBUCHADNEZZAR_LETSHEARIT_7">
			<Text>그리고?</Text>
		</Row>
		<Row Tag="TXT_KEY_LEADER_NEBUCHADNEZZAR_LETSHEARIT_8">
			<Text>계속하시오.</Text>
		</Row>
		<Row Tag="TXT_KEY_LEADER_NEBUCHADNEZZAR_LOSEWAR_1">
			<Text>멍청이! 멍청이! 날 내버려 둬. 언제나 네 적의 가지, 줄기, 그리고 뿌리까지 부숴버리는 게 좋을 거야.</Text>
		</Row>
		
		
		<Row Tag="TXT_KEY_LEADER_NEBUCHADNEZZAR_TRADE_NEEDMORE_ANGRY_1">
			<Text>날 화나게 하지 마. 난 내가 화났을 때 끔찍할 정도로 조용히 할 수 있어. 요구를 바꿔봐.</Text>
		</Row>
		<Row Tag="TXT_KEY_LEADER_NEBUCHADNEZZAR_TRADE_NEEDMORE_ANGRY_2">
			<Text>충분하지 않아.</Text>
		</Row>
		<Row Tag="TXT_KEY_LEADER_NEBUCHADNEZZAR_TRADE_NEEDMORE_ANGRY_3">
			<Text>그것보단 더 해주셔야 겠소.</Text>
		</Row>
		<Row Tag="TXT_KEY_LEADER_NEBUCHADNEZZAR_TRADE_NEEDMORE_ANGRY_4">
			<Text>거의...</Text>
		</Row>
		<Row Tag="TXT_KEY_LEADER_NEBUCHADNEZZAR_TRADE_NEEDMORE_HAPPY_1">
			<Text>내 조언자가 나에게 말하길 그대의 요구를 받아들일 수 없다는군. 왜 신은 언제나 '조언자'들을 필요로 할까? 그들은 나에게 원숭이처럼 짖는군.</Text>
		</Row>
		<Row Tag="TXT_KEY_LEADER_NEBUCHADNEZZAR_TRADE_NEEDMORE_HAPPY_2">
			<Text>이게 그대가 할 수 있는 최선인가?</Text>
		</Row>
		<Row Tag="TXT_KEY_LEADER_NEBUCHADNEZZAR_TRADE_NEEDMORE_HAPPY_3">
			<Text>거의 다 됐어...</Text>
		</Row>
		<Row Tag="TXT_KEY_LEADER_NEBUCHADNEZZAR_TRADE_NEEDMORE_HAPPY_4">
			<Text>거의...</Text>
		</Row>
		<Row Tag="TXT_KEY_LEADER_NEBUCHADNEZZAR_TRADE_NEEDMORE_NEUTRAL_1">
			<Text>받아들일 수 없소. 요구를 바꾸거나 꺼지시오. 난 전갈들에게 먹이를 줘야만 하오.</Text>
		</Row>
		<Row Tag="TXT_KEY_LEADER_NEBUCHADNEZZAR_TRADE_NEEDMORE_NEUTRAL_2">
			<Text>좀 더 좋게 해줄순 없나?</Text>
		</Row>
		<Row Tag="TXT_KEY_LEADER_NEBUCHADNEZZAR_TRADE_NEEDMORE_NEUTRAL_3">
			<Text>그건 아주 좋지 않군.</Text>
		</Row>
		<Row Tag="TXT_KEY_LEADER_NEBUCHADNEZZAR_TRADE_NEEDMORE_NEUTRAL_4">
			<Text>거의...</Text>
		</Row>
		<Row Tag="TXT_KEY_LEADER_NEBUCHADNEZZAR_TRADE_NO_ANGRY">
			<Text>난 눈을 감고 생각을 했지, 너에 대한 증오를 겨우 억압하면서! 내 대답은 '아니오'다.</Text>
		</Row>
		<Row Tag="TXT_KEY_LEADER_NEBUCHADNEZZAR_TRADE_NO_HAPPY">
			<Text>미안하네, 하지만 속삭임들이 나에게 말하길... 난 그대의 요청을 거절해야 한다고 말했지.</Text>
		</Row>
		<Row Tag="TXT_KEY_LEADER_NEBUCHADNEZZAR_TRADE_NO_NEUTRAL">
			<Text>그대의 요구는 거절당했소. 난 모욕감을 느끼고 있네. 내가 그대에 대해 무엇이라도 고려했을지라도.</Text>
		</Row>
		<Row Tag="TXT_KEY_LEADER_NEBUCHADNEZZAR_TRADE_YES_ANGRY">
			<Text>너의 말에 동의하는 것이야말로 너를 가장 빨리 가게 하는 방법이지.</Text>
		</Row>
		<Row Tag="TXT_KEY_LEADER_NEBUCHADNEZZAR_TRADE_YES_HAPPY">
			<Text>좋소. 그대도 알다시피, 장기적으로 우리 둘 다 죽는 것은 우리 둘 중 누구에게도 도움이 되지 않을 것이오. 멋지군. 동의하오.</Text>
		</Row>
		<Row Tag="TXT_KEY_LEADER_NEBUCHADNEZZAR_TRADE_YES_NEUTRAL">
			<Text>그대는 다른 많은 것들보다 덜 불쾌하군. 그대의 말에 동의하오.</Text>
		</Row>
    
		<Row Tag="TXT_KEY_LEADER_NEBUCHADNEZZAR_TRADEREQUEST_ANGRY">
			<Text>당신은 이것을 따라서 나의 모든 것을 신경 쓰게 하는 비극을 가라앉혀야만 하오.</Text>
		</Row>
		<Row Tag="TXT_KEY_LEADER_NEBUCHADNEZZAR_TRADEREQUEST_HAPPY">
			<Text>나와 거래하는 것은 그대에게 존재할 이유를 주지.</Text>
		</Row>
		<Row Tag="TXT_KEY_LEADER_NEBUCHADNEZZAR_TRADEREQUEST_NEUTRAL">
			<Text>놀랍게도, 그댄 내가 필요한 걸 가지고 있군. 거래해 주겠나?</Text>
		</Row>
    
		<Row Tag="TXT_KEY_LEADER_NEBUCHADNEZZAR_TRIBUTE_NO_ANGRY">
			<Text>쥐가 나비한테 뇌물을 요구하나? 나는 아니라고 생각한다.</Text>
		</Row>
		<Row Tag="TXT_KEY_LEADER_NEBUCHADNEZZAR_TRIBUTE_NO_HAPPY">
			<Text>나는 그대에게 1000명의 가희를 다음 세상에서 제공하겠네, 그러나 이 세상에선 아무것도 줄수 없어.</Text>
		</Row>
		<Row Tag="TXT_KEY_LEADER_NEBUCHADNEZZAR_TRIBUTE_NO_NEUTRAL">
			<Text>멍청한 자칼 같으니라구. 너 같은 것도 숭배받는 이집트로 가는 것이 좋을 것 같군. 여기선 네가 얻을게 아무것도 없어.</Text>
		</Row>
    
		<Row Tag="TXT_KEY_LEADER_NEBUCHADNEZZAR_TRIBUTE_YES_ANGRY">
			<Text>너의 질식할 정도로 악취가 나는 냄새가 내 생명을 숨 막히게하는군. 뭐든지 가져가고 꺼져.</Text>
		</Row>
		<Row Tag="TXT_KEY_LEADER_NEBUCHADNEZZAR_TRIBUTE_YES_HAPPY">
			<Text>여기 있소. 난 미친 신의 악몽에 지나지 않아. 나한테 좋은 것이 어디 있소?</Text>
		</Row>
		<Row Tag="TXT_KEY_LEADER_NEBUCHADNEZZAR_TRIBUTE_YES_NEUTRAL">
			<Text>동의하겠소. 내게 거절하길 충고하는 조언자를 어리둥절하게 할 뿐이지만.</Text>
		</Row>
    
		<Row Tag="TXT_KEY_LEADER_NEBUCHADNEZZAR_WARBLUFF_1">
			<Text>북소리! 북소리! 내 머릿속에서 그들이 울리네, 내게 복수를 말하면서 말이지.</Text>
		</Row>
		<Row Tag="TXT_KEY_LEADER_NEBUCHADNEZZAR_WARBLUFF_2">
			<Text>실망스럽군.</Text>
		</Row>
		<Row Tag="TXT_KEY_LEADER_NEBUCHADNEZZAR_WARBLUFF_3">
			<Text>정말 실망스럽구나.</Text>
		</Row>
		<Row Tag="TXT_KEY_LEADER_NEBUCHADNEZZAR_WARBLUFF_4">
			<Text>다음번엔 난 그렇게 예의바르게 행동하지 않을거야.</Text>
		</Row>
		
    
		<Row Tag="TXT_KEY_LEADER_NEBUCHADNEZZAR_WINWAR_1">
			<Text>신선하군. 만약 악마들이 실컷 먹는다면, 아마 그들은 우리에게 잠시동안의 유예를 줄 거야.</Text>
		</Row>
		
	</Language_KO_KR>
</GameData>