﻿<?xml version="1.0" encoding="utf-8"?>
<!--Generated with LocalizationBuddy.-->
<!--Copyright Firaxis Games 2010-->
<!--All Rights Reserved-->
<GameData>
  <Language_KO_KR>
    <Row Tag="TXT_KEY_1066_SCENARIO_LEADER_BISMARCK">
      <Text>하랄 하르드라다</Text>
	  <Plurality>2</Plurality>
    </Row>
    <Row Tag="TXT_KEY_1066_SCENARIO_LEADER_ELIZABETH">
      <Text>해럴드 고드윈슨</Text>
    </Row>
    <Row Tag="TXT_KEY_1066_SCENARIO_LEADER_HARALD">
      <Text>스베윈 2세</Text>
	  <Plurality>2</Plurality>
    </Row>
    <Row Tag="TXT_KEY_1066_SCENARIO_LEADER_NAPOLEON">
      <Text>정복왕 윌리엄</Text>
    </Row>
  </Language_KO_KR>
</GameData>