﻿<?xml version="1.0" encoding="utf-8"?>
<!--Generated with LocalizationBuddy.-->
<!--Copyright Firaxis Games 2010-->
<!--All Rights Reserved-->
<GameData>
  <Language_KO_KR>
    <Row Tag="TXT_KEY_CIV_DENMARK_ADJECTIVE">
      <Text>[COLOR:220:100:10:255]덴마크[COLOR_XX]의</Text>
    </Row>
    <Row Tag="TXT_KEY_CIV_DENMARK_DESC">
      <Text>덴마크 제국</Text>
    </Row>
    <Row Tag="TXT_KEY_CIV_DENMARK_SHORT_DESC">
      <Text>[COLOR:220:100:10:255]덴마크[COLOR_XX]</Text>
	  <Plurality>2</Plurality>
    </Row>
  </Language_KO_KR>
</GameData>