﻿<?xml version="1.0" encoding="utf-8"?>
<!--Generated with LocalizationBuddy. Modified by N-->
<!--Copyright Firaxis Games 2010-->
<!--All Rights Reserved-->
<GameData>
  <Language_KO_KR>
    <Row Tag="TXT_KEY_CIV_ASSYRIA_ADJECTIVE">
      <Text>[COLOR:255:189:25:255]아시리아[COLOR_XX]의</Text>
    </Row>
    <Row Tag="TXT_KEY_CIV_ASSYRIA_DESC">
      <Text>아시리아 제국</Text>
    </Row>
    <Row Tag="TXT_KEY_CIV_ASSYRIA_SHORT_DESC">
      <Text>[COLOR:255:189:25:255]아시리아[COLOR_XX]</Text>
	  <Plurality>2</Plurality>
    </Row>
    <Row Tag="TXT_KEY_CIV_BRAZIL_ADJECTIVE">
      <Text>[COLOR:150:190:30:255]브라질[COLOR_XX]의</Text>
    </Row>
    <Row Tag="TXT_KEY_CIV_BRAZIL_DESC">
      <Text>브라질 제국</Text>
    </Row>
    <Row Tag="TXT_KEY_CIV_BRAZIL_SHORT_DESC">
      <Text>[COLOR:150:190:30:255]브라질[COLOR_XX]</Text>
    </Row>
    <Row Tag="TXT_KEY_CIV_INDONESIA_ADJECTIVE">
      <Text>[COLOR:68:193:203:255]인도네시아[COLOR_XX]의</Text>
    </Row>
    <Row Tag="TXT_KEY_CIV_INDONESIA_DESC">
      <Text>인도네시아 제국</Text>
    </Row>
    <Row Tag="TXT_KEY_CIV_INDONESIA_SHORT_DESC">
      <Text>[COLOR:68:193:203:255]인도네시아[COLOR_XX]</Text>
	  <Plurality>2</Plurality>
    </Row>
    <Row Tag="TXT_KEY_CIV_MOROCCO_ADJECTIVE">
      <Text>[COLOR:150:0:0:255]모로코[COLOR_XX]의</Text>
    </Row>
    <Row Tag="TXT_KEY_CIV_MOROCCO_DESC">
      <Text>모로코 제국</Text>
    </Row>
    <Row Tag="TXT_KEY_CIV_MOROCCO_SHORT_DESC">
      <Text>[COLOR:150:0:0:255]모로코[COLOR_XX]</Text>
	  <Plurality>2</Plurality>
    </Row>
    <Row Tag="TXT_KEY_CIV_POLAND_ADJECTIVE">
      <Text>[COLOR:210:45:30:255]폴란드[COLOR_XX]의</Text>
    </Row>
    <Row Tag="TXT_KEY_CIV_POLAND_DESC">
      <Text>폴란드 제국</Text>
    </Row>
    <Row Tag="TXT_KEY_CIV_POLAND_SHORT_DESC">
      <Text>[COLOR:210:45:30:255]폴란드[COLOR_XX]</Text>
	  <Plurality>2</Plurality>
    </Row>
    <Row Tag="TXT_KEY_CIV_PORTUGAL_ADJECTIVE">
      <Text>[COLOR:35:70:180:255]포르투갈[COLOR_XX]의</Text>
    </Row>
    <Row Tag="TXT_KEY_CIV_PORTUGAL_DESC">
      <Text>포르투갈 제국</Text>
    </Row>
    <Row Tag="TXT_KEY_CIV_PORTUGAL_SHORT_DESC">
      <Text>[COLOR:35:70:180:255]포르투갈[COLOR_XX]</Text>
    </Row>
    <Row Tag="TXT_KEY_CIV_SHOSHONE_ADJECTIVE">
      <Text>[COLOR:88:255:243:255]쇼쇼니[COLOR_XX]의</Text>
    </Row>
    <Row Tag="TXT_KEY_CIV_SHOSHONE_DESC">
      <Text>쇼쇼니 제국</Text>
    </Row>
    <Row Tag="TXT_KEY_CIV_SHOSHONE_SHORT_DESC">
      <Text>[COLOR:88:255:243:255]쇼쇼니[COLOR_XX]</Text>
	  <Plurality>2</Plurality>
    </Row>
    <Row Tag="TXT_KEY_CIV_VENICE_ADJECTIVE">
      <Text>[COLOR:173:112:215:255]베네치아[COLOR_XX]의</Text>
    </Row>
    <Row Tag="TXT_KEY_CIV_VENICE_DESC">
      <Text>베네치아</Text>
    </Row>
    <Row Tag="TXT_KEY_CIV_VENICE_SHORT_DESC">
      <Text>[COLOR:173:112:215:255]베네치아[COLOR_XX]</Text>
	  <Plurality>2</Plurality>
    </Row>
    <Row Tag="TXT_KEY_CIV_ZULU_ADJECTIVE">
      <Text>[COLOR:170:120:80:255]줄루[COLOR_XX]의</Text>
    </Row>
    <Row Tag="TXT_KEY_CIV_ZULU_DESC">
      <Text>줄루 왕국</Text>
    </Row>
    <Row Tag="TXT_KEY_CIV_ZULU_SHORT_DESC">
      <Text>[COLOR:170:120:80:255]줄루[COLOR_XX]</Text>
	  <Plurality>2</Plurality>
    </Row>
  </Language_KO_KR>
</GameData>