﻿<?xml version="1.0" encoding="utf-8"?>
<!--Generated with LocalizationBuddy. Modified by N-->
<!--Copyright Firaxis Games 2010-->
<!--All Rights Reserved-->
<GameData>
  <Language_KO_KR>
    <Row Tag="TXT_KEY_ADVISOR_TUTORIAL_3_INTRO_IMPROVING_CITIES_WITH_WORKERS_BODY">
      <Text>저는 경제 보좌관입니다. 이번 튜토리얼에서는 노동자를 사용해 도시를 발전시키는 방법을 알아보겠습니다. 노동자는 지시를 받아 [ICON_GOLD]골드 수입을 늘리는 교역로나 도시 성장 및 건설 속도를 가속화하는 시설을 건설하고, 시민의 행복을 높이는 자원을 개발할 수 있습니다.</Text>
    </Row>
    <Row Tag="TXT_KEY_ECONOMICAISTRATEGY_ONE_OR_FEWER_COASTAL_CITIES_INVERSE">
      <Text>우리 문명에는 항만으로 연결할 수 있는 해안 도시가 있습니다. 이들 도시에 항만을 건설하면 [ICON_GOLD]골드가 증가합니다!</Text>
    </Row>
  </Language_KO_KR>
</GameData>