﻿<?xml version="1.0" encoding="utf-8"?>
<!--Generated with LocalizationBuddy. Modified by N-->
<!--Copyright Firaxis Games 2010-->
<!--All Rights Reserved-->
<GameData>
  <Language_KO_KR>
    <Row Tag="TXT_KEY_CIV_ETHIOPIA_ADJECTIVE">
      <Text>[COLOR:44:101:39:255]에티오피아[COLOR_XX]의</Text>
    </Row>
    <Row Tag="TXT_KEY_CIV_ETHIOPIA_DESC">
      <Text>에티오피아 제국</Text>
    </Row>
    <Row Tag="TXT_KEY_CIV_ETHIOPIA_SHORT_DESC">
      <Text>[COLOR:44:101:39:255]에티오피아[COLOR_XX]</Text>
	  <Plurality>2</Plurality>
    </Row>
  </Language_KO_KR>
</GameData>