﻿<?xml version="1.0" encoding="utf-8"?>
<!--Generated with LocalizationBuddy. Modified by N-->
<!--Copyright Firaxis Games 2010-->
<!--All Rights Reserved-->
<GameData>
  <Language_KO_KR>
    <Row Tag="TXT_KEY_CIVIL_WAR_SCENARIO_TRAIT_ANACONDA_PLAN">
      <Text>이 시나리오에서는 공병과 북부군 지상 유닛만 승선할 수 있습니다.</Text>
    </Row>
    <Row Tag="TXT_KEY_CIVIL_WAR_SCENARIO_TRAIT_ANACONDA_PLAN_SHORT">
      <Text>아나콘다 전략</Text>
    </Row>
    <Row Tag="TXT_KEY_CIVIL_WAR_SCENARIO_TRAIT_REBEL_YELL">
      <Text>유닛이 자동으로 승급해 전투력 보너스 10%를 받습니다.</Text>
    </Row>
    <Row Tag="TXT_KEY_CIVIL_WAR_SCENARIO_TRAIT_REBEL_YELL_SHORT">
      <Text>반군의 함성</Text>
    </Row>
  </Language_KO_KR>
</GameData>