﻿<?xml version="1.0" encoding="utf-8"?>
<!--Generated with LocalizationBuddy. Modified by N-->
<!--Copyright Firaxis Games 2010-->
<!--All Rights Reserved-->
<GameData>
  <Language_KO_KR>
    <Row Tag="TXT_KEY_SCRAMBLE_AFRICA_CIV_AMERICA_ADJECTIVE">
      <Text>보어의</Text>
    </Row>
    <Row Tag="TXT_KEY_SCRAMBLE_AFRICA_CIV_AMERICA_DESC">
      <Text>보어</Text>
	  <Plurality>2</Plurality>
    </Row>
    <Row Tag="TXT_KEY_SCRAMBLE_AFRICA_CIV_AMERICA_SHORT_DESC">
      <Text>보어</Text>
	  <Plurality>2</Plurality>
    </Row>
    <Row Tag="TXT_KEY_SCRAMBLE_AFRICA_CIV_BRAZIL_ADJECTIVE">
      <Text>벨기에의</Text>
    </Row>
    <Row Tag="TXT_KEY_SCRAMBLE_AFRICA_CIV_BRAZIL_DESC">
      <Text>벨기에</Text>
	  <Plurality>2</Plurality>
    </Row>
    <Row Tag="TXT_KEY_SCRAMBLE_AFRICA_CIV_BRAZIL_SHORT_DESC">
      <Text>벨기에</Text>
	  <Plurality>2</Plurality>
    </Row>
    <Row Tag="TXT_KEY_SCRAMBLE_AFRICA_CIV_ROME_ADJECTIVE">
      <Text>이탈리아의</Text>
    </Row>
    <Row Tag="TXT_KEY_SCRAMBLE_AFRICA_CIV_ROME_DESC">
      <Text>이탈리아</Text>
	  <Plurality>2</Plurality>
    </Row>
    <Row Tag="TXT_KEY_SCRAMBLE_AFRICA_CIV_ROME_SHORT_DESC">
      <Text>이탈리아</Text>
	  <Plurality>2</Plurality>
    </Row>
  </Language_KO_KR>
</GameData>