﻿<?xml version="1.0" encoding="utf-8"?>
<!--Generated with LocalizationBuddy. Modified by N-->
<!--Copyright Firaxis Games 2010-->
<!--All Rights Reserved-->
<GameData>
  <Language_KO_KR>
    <Row Tag="TXT_KEY_ACTION_AUTOMATE_TRADE">
      <Text>교역(자동)</Text>
    </Row>
    <Row Tag="TXT_KEY_BELIEF_CATHEDRALS">
      <Text>[ICON_PEACE]신앙을 사용하여 대성당 건설([ICON_PEACE]신앙 [COLOR_POSITIVE_TEXT]+1[COLOR_XX], [ICON_CULTURE]문화 [COLOR_POSITIVE_TEXT]+1[COLOR_XX], [ICON_HAPPINESS_1]행복 [COLOR_POSITIVE_TEXT]+1[COLOR_XX], 걸작 예술품 슬롯 [COLOR_POSITIVE_TEXT]1개[COLOR_XX])</Text>
    </Row>
    <Row Tag="TXT_KEY_BELIEF_MESSENGER_GODS">
      <Text>[ICON_CONNECTED]도시 연결이 있는 도시의 [ICON_RESEARCH]과학이 [COLOR_POSITIVE_TEXT]2[COLOR_XX] 증가</Text>
    </Row>
    <Row Tag="TXT_KEY_BELIEF_RELIGIOUS_TEXTS">
      <Text>종교 전파 속도가 [COLOR_POSITIVE_TEXT]25%[COLOR_XX] 증가(인쇄 기술이 있으면 [COLOR_POSITIVE_TEXT]50%[COLOR_XX])</Text>
    </Row>
    <Row Tag="TXT_KEY_BROADWAY_THEMING_BONUS_HELP">
      <Text>보너스를 받기 위해서는 모든 걸작 슬롯을 [COLOR_POSITIVE_TEXT]같은 시대[COLOR_XX]에 [COLOR_POSITIVE_TEXT]같은 문명[COLOR_XX]이 만든 [COLOR_YELLOW]음악[COLOR_XX]으로 채우십시오.</Text>
    </Row>
    <Row Tag="TXT_KEY_BUILDING_AIRPORT_HELP">
      <Text>도시의 공중 유닛 정원이 6에서 [COLOR_POSITIVE_TEXT]10[COLOR_XX]으로 증가합니다. 세계 불가사의, 자연경관 및 타일 시설이 생산하는 [ICON_CULTURE]문화의 [COLOR_POSITIVE_TEXT]50%[COLOR_XX]가 이 도시가 생산하는 [ICON_TOURISM]관광에 추가됩니다. 걸작으로 얻는 [ICON_TOURISM]관광이 [COLOR_POSITIVE_TEXT]50%[COLOR_XX] 증가합니다. 이 도시에서 공수 능력을 사용할 수 있게 됩니다.</Text>
    </Row>
    <Row Tag="TXT_KEY_BUILDING_ARTISTS_GUILD_HELP">
      <Text>위대한 예술가가 출현하는 데 필요한 [ICON_GREAT_PEOPLE]위대한 예술가 점수가 [COLOR_POSITIVE_TEXT]2[COLOR_XX] 증가합니다. 이 건물에 전문가를 최대 두 명 투입해 [ICON_CULTURE]문화를 높이거나 위대한 예술가의 출현을 앞당길 수 있습니다.[NEWLINE][NEWLINE]이 건물은 문명당 하나씩 건설할 수 있습니다.</Text>
    </Row>
    <Row Tag="TXT_KEY_BUILDING_BAZAAR_HELP">
      <Text>시장을 대체하는 아라비아의 고유 건물입니다. 도시 주변 타일에 있는 사치 자원을 개발하면 사치 자원 자원을 하나 더 얻습니다. 도시 주변에 있는 [ICON_RES_OIL]석유 자원 또는 오아시스 하나당 [ICON_GOLD]골드가 2 증가합니다. 다른 문명이 이 도시에 개설한 교역로 하나당 이 도시의 [ICON_GOLD]골드가 [COLOR_POSITIVE_TEXT]1[COLOR_XX] 증가하고 교역로를 개설한 문명의 [ICON_GOLD]골드도 1 증가합니다.</Text>
    </Row>
    <Row Tag="TXT_KEY_BUILDING_CANDI_HELP">
      <Text>정원을 대체하는 인도네시아의 고유 건물입니다. [ICON_GREAT_PEOPLE]위인 출현율을 [COLOR_POSITIVE_TEXT]25%[COLOR_XX] 늘려주며, 이 도시의 시민이 믿는 종교 하나당 [ICON_PEACE]신앙이 [COLOR_POSITIVE_TEXT]2[COLOR_XX] 증가합니다. 정원과 달리 찬디는 강 또는 호수 옆에 있을 필요가 없습니다.</Text>
    </Row>
    <Row Tag="TXT_KEY_BUILDING_CARAVANSARY_HELP">
      <Text>도시의 육상 교역로 범위가 [COLOR_POSITIVE_TEXT]50%[COLOR_XX] 증가하며 다른 문명과 연결된 교역로가 있으면 [ICON_GOLD]골드가 [COLOR_POSITIVE_TEXT]2[COLOR_XX] 증가합니다.</Text>
    </Row>
    <Row Tag="TXT_KEY_BUILDING_DUCAL_STABLE_HELP">
      <Text>마구간을 대체하는 폴란드의 고유 건물입니다. 공작의 마구간을 건설하면 기마 유닛을 생산할 때 [ICON_PRODUCTION]생산이 [COLOR_POSITIVE_TEXT]15%[COLOR_XX] 증가하며 이 도시에서 생산된 기마 유닛은 [COLOR_POSITIVE_TEXT]15[COLOR_XX] 경험치를 얻습니다.[NEWLINE][NEWLINE]도시 주변 목장의 [ICON_PRODUCTION]생산과 [ICON_GOLD]골드가 [COLOR_POSITIVE_TEXT]1[COLOR_XX] 증가합니다.</Text>
    </Row>
    <Row Tag="TXT_KEY_BUILDING_GRANARY_HELP">
      <Text>도시 근처에 있는 [ICON_RES_WHEAT]밀, [ICON_RES_BANANA]바나나, [ICON_RES_DEER]사슴의 [ICON_FOOD]식량이 추가로 [COLOR_POSITIVE_TEXT]1[COLOR_XX] 증가합니다.[NEWLINE][NEWLINE]교역로를 통해 자신의 다른 도시로 [ICON_FOOD]식량 보너스를 제공할 수 있습니다.</Text>
    </Row>
    <Row Tag="TXT_KEY_BUILDING_HANSE_HELP">
      <Text>은행을 대체하는 독일의 고유 건물입니다. 문명 전체에서 도시 국가와 연결된 교역로 하나당 도시의 [ICON_PRODUCTION]생산이 [COLOR_POSITIVE_TEXT]5%[COLOR_XX] 증가합니다. 다른 문명이 이 도시에 개설한 교역로 하나당 이 도시의 [ICON_GOLD]골드가 [COLOR_POSITIVE_TEXT]1[COLOR_XX] 증가하고 교역로를 개설한 문명의 [ICON_GOLD]골드도 1 증가합니다.</Text>
    </Row>
    <Row Tag="TXT_KEY_BUILDING_HARBOR_HELP">
      <Text>[ICON_CONNECTED]육상 도시 연결로 연결되지 않은 도시와 [ICON_CAPITAL]수도를 [ICON_CONNECTED]해상 도시 연결로 연결합니다. 도시에서 출발하는 해상 교역로의 범위가 [COLOR_POSITIVE_TEXT]50%[COLOR_XX] 증가하며 다른 문명과 연결된 해상 교역로의 [ICON_GOLD]골드가 [COLOR_POSITIVE_TEXT]1[COLOR_XX] 증가합니다.[NEWLINE]해안 도시에서만 건설할 수 있습니다.</Text>
    </Row>
    <Row Tag="TXT_KEY_BUILDING_HOTEL_HELP">
      <Text>세계 불가사의, 자연경관 및 타일 시설이 생산하는 [ICON_CULTURE]문화의 [COLOR_POSITIVE_TEXT]50%[COLOR_XX]가 도시가 생산하는 [ICON_TOURISM]관광에 추가됩니다. [ICON_GREAT_WORK]걸작에서 얻는 [ICON_TOURISM]관광이 [COLOR_POSITIVE_TEXT]50%[COLOR_XX] 증가합니다.</Text>
    </Row>
    <Row Tag="TXT_KEY_BUILDING_IKANDA_HELP">
      <Text>병영을 대체하는 줄루의 고유 건물입니다. 화약이 개발되기 이전에 등장하는 근접 공격 유닛은 특별한 승급을 받습니다.</Text>
    </Row>
    <Row Tag="TXT_KEY_BUILDING_LIGHTHOUSE_HELP">
      <Text>연안 및 바다 타일의 [ICON_FOOD]식량이 [COLOR_POSITIVE_TEXT]1[COLOR_XX] 증가합니다. 도시 주변 해양 자원의 [ICON_PRODUCTION]생산이 [COLOR_POSITIVE_TEXT]1[COLOR_XX] 증가합니다. 도시 주변 [ICON_RES_FISH]물고기 타일의 [ICON_FOOD]식량이 [COLOR_POSITIVE_TEXT]1[COLOR_XX] 증가합니다.[NEWLINE]해안 도시에서만 건설할 수 있습니다.</Text>
    </Row>
    <Row Tag="TXT_KEY_BUILDING_MUSICIANS_GUILD_HELP">
      <Text>위대한 음악가가 출현하는 데 필요한 [ICON_GREAT_PEOPLE]위대한 음악가 점수가 [COLOR_POSITIVE_TEXT]3[COLOR_XX] 증가합니다. 이 건물에 전문가를 최대 두 명 투입해 [ICON_CULTURE]문화를 높이고 위대한 음악가의 출현을 앞당길 수 있습니다.[NEWLINE][NEWLINE]이 건물은 문명당 하나씩 건설할 수 있습니다.</Text>
    </Row>
    <Row Tag="TXT_KEY_BUILDING_NATIONAL_TREASURY_HELP">
      <Text>다른 문명이 동인도 회사가 있는 도시에 교역로를 연결할 경우 교역로를 개설한 문명은 추가로 [ICON_GOLD]골드를 [COLOR_POSITIVE_TEXT]2[COLOR_XX] 더 생성하며, 동인도 회사를 소유한 도시는 추가로 [ICON_GOLD]골드를 [COLOR_POSITIVE_TEXT]4[COLOR_XX] 더 얻습니다.[NEWLINE][NEWLINE]모든 도시에 시장이 있어야 건설할 수 있습니다.[NEWLINE]문명에 도시가 많을수록 건설에 필요한 [ICON_PRODUCTION]생산이 증가합니다.[NEWLINE][NEWLINE]이 불가사의는 문명당 하나씩 건설할 수 있는 [COLOR_YELLOW]국가 불가사의[COLOR_XX]입니다.</Text>
    </Row>
    <Row Tag="TXT_KEY_BUILDING_ROYAL_LIBRARY_HELP">
      <Text>도서관을 대체하는 아시리아의 고유 건물입니다. 도시에 있는 [ICON_CITIZEN]시민 [COLOR_POSITIVE_TEXT]2명[COLOR_XX]당 [ICON_RESEARCH]과학이 [COLOR_POSITIVE_TEXT]1[COLOR_XX] 증가합니다. [ICON_GREAT_WORK]걸작 문학 슬롯이 채워지면 도시에서 유닛이 경험치를 받고 생산됩니다.</Text>
    </Row>
    <Row Tag="TXT_KEY_BUILDING_SATRAPS_COURT_HELP">
      <Text>은행을 대체하는 페르시아의 고유 건물입니다. 다른 문명이 이 도시에 개설한 교역로 하나당 이 도시의 [ICON_GOLD]골드가 [COLOR_POSITIVE_TEXT]1[COLOR_XX] 증가하고 교역로를 개설한 문명의 [ICON_GOLD]골드도 1 증가합니다. 도시에 시장이 있어야 건설할 수 있습니다.</Text>
    </Row>
    <Row Tag="TXT_KEY_BUILDING_STADIUM_HELP">
      <Text>도시에 있는 [ICON_CITIZEN]시민 수보다 더 많은 [ICON_HAPPINESS_1]행복을 제공할 수 없습니다. 도시에 동물원이 있어야 건설할 수 있습니다.</Text>
    </Row>
    <Row Tag="TXT_KEY_BUILDING_TOURIST_CENTER_HELP">
      <Text>세계 불가사의, 자연경관 및 타일 시설이 생성하는 [ICON_CULTURE]문화의 [COLOR_POSITIVE_TEXT]100%[COLOR_XX]가 도시가 생산하는 [ICON_TOURISM]관광에 추가됩니다. 걸작이 생성하는 [ICON_CULTURE]문화가 [COLOR_POSITIVE_TEXT]100%[COLOR_XX] 증가합니다.[NEWLINE][NEWLINE]모든 도시에 호텔이 있어야 건설할 수 있습니다.[NEWLINE]문명에 도시가 많을수록 건설에 필요한 [ICON_PRODUCTION]생산이 증가합니다.[NEWLINE][NEWLINE]이 불가사의는 문명당 하나씩 건설할 수 있는 [COLOR_YELLOW]국가 불가사의[COLOR_XX]입니다.</Text>
    </Row>
    <Row Tag="TXT_KEY_BUILDING_UNIVERSITY_HELP">
      <Text>도시 주변 정글 타일의 [ICON_RESEARCH]과학이 [COLOR_POSITIVE_TEXT]2[COLOR_XX] 증가합니다. 도시에서 고고학자를 생산할 수 있습니다.[NEWLINE][NEWLINE]도시에 도서관이 있어야 건설할 수 있습니다.</Text>
    </Row>
    <Row Tag="TXT_KEY_BUILDING_WORKSHOP_HELP">
      <Text>새로운 [ICON_PRODUCTION]생산을 교역로를 통해 같은 문명의 다른 도시로 제공할 수 있습니다.</Text>
    </Row>
    <Row Tag="TXT_KEY_BUILDING_WRITERS_GUILD_HELP">
      <Text>위대한 작가가 출현하는 데 필요한 [ICON_GREAT_PEOPLE]위대한 작가 점수가 [COLOR_POSITIVE_TEXT]1[COLOR_XX] 증가합니다. 이 건물에 전문가를 최대 두 명 투입해 [ICON_CULTURE]문화를 높이고 위대한 작가의 출현을 앞당길 수 있습니다.[NEWLINE][NEWLINE]이 건물은 문명당 하나씩 건설할 수 있습니다.</Text>
    </Row>
    <Row Tag="TXT_KEY_CIV5_FEATURES_KILIMANJARO_HELP">
      <Text>주변을 지나간 유닛이 언덕 지형을 이동할 때 행동력을 반만 소모하며 언덕 지형에서 싸울 때 전투력 보너스를 받는 승급을 얻습니다.</Text>
    </Row>
    <Row Tag="TXT_KEY_CIV5_IMPROVEMENTS_BRAZILWOOD_CAMP_HELP">
      <Text>브라질 소방목 벌목장은 정글 타일에만 건설할 수 있습니다. 브라질 소방목 벌목장을 건설하면 타일의 [ICON_GOLD]골드가 증가합니다. 음향학 기술을 연구하면 타일에서 [ICON_CULTURE]문화를 추가로 생산합니다.</Text>
    </Row>
    <Row Tag="TXT_KEY_CIV5_IMPROVEMENTS_CHATEAU_HELP">
      <Text>샤토는 사치 자원과 인접한 타일에 건설해야 하며 다른 샤토와 인접한 타일에 건설할 수 없습니다. [COLOR_POSITIVE_TEXT]50%[COLOR_XX]의 방어력 보너스를 제공하며 프랑스 영토에만 건설할 수 있습니다. 비행을 연구하면 타일의 [ICON_CULTURE]문화가 [COLOR_POSITIVE_TEXT]1[COLOR_XX], [ICON_GOLD]골드가 [COLOR_POSITIVE_TEXT]2[COLOR_XX] 증가합니다.</Text>
    </Row>
    <Row Tag="TXT_KEY_CIV5_IMPROVEMENTS_FEITORIA_HELP">
      <Text>페이토리아는 도시 국가가 소유한 자원이 없는 해안 타일에만 건설할 수 있습니다. 페이토리아를 건설하면 도시 국가와의 영향력과 상관없이 도시 국가의 모든 사치 자원을 하나씩 제공하지만, 이 사치 자원은 다른 문명과 거래할 수 없습니다. 페이토리아는 요새처럼 [ICON_STRENGTH]방어력 보너스를 [COLOR_POSITIVE_TEXT]50%[COLOR_XX] 제공하며 포르투갈만 건설할 수 있습니다.</Text>
    </Row>
    <Row Tag="TXT_KEY_CIV5_IMPROVEMENTS_KASBAH_HELP">
      <Text>카스바는 사막 타일에만 건설할 수 있습니다. 카스바를 건설하면 해당 타일의 [ICON_FOOD]식량, [ICON_PRODUCTION]생산, [ICON_GOLD]골드가 [COLOR_POSITIVE_TEXT]1[COLOR_XX] 증가합니다. 요새처럼 [ICON_STRENGTH]방어력 보너스를 [COLOR_POSITIVE_TEXT]50%[COLOR_XX] 제공합니다. 모로코 영토에만 건설할 수 있습니다.</Text>
    </Row>
    <Row Tag="TXT_KEY_GLOBE_THEATER_THEMING_BONUS_HELP">
      <Text>보너스를 받기 위해서는 모든 걸작 슬롯을 [COLOR_POSITIVE_TEXT]같은 시대[COLOR_XX]에 [COLOR_POSITIVE_TEXT]같은 문명[COLOR_XX]이 만든 [COLOR_YELLOW]문학[COLOR_XX]으로 채우십시오.</Text>
    </Row>
    <Row Tag="TXT_KEY_GOODY_CHOOSE_BARBARIANS">
      <Text>이들이 야만인이라고 여러 번 이야기하십시오.</Text>
    </Row>
    <Row Tag="TXT_KEY_GOODY_CHOOSE_CULTURE">
      <Text>고대 부족과의 접촉을 통해  [ICON_CULTURE]문화를 획득하십시오.</Text>
    </Row>
    <Row Tag="TXT_KEY_GOODY_CHOOSE_EXPERIENCE">
      <Text>고대 부족과의 연구를 통해 유닛 경험치를 얻으십시오.</Text>
    </Row>
    <Row Tag="TXT_KEY_GOODY_CHOOSE_FAITH">
      <Text>고대 부족의 종교를 연구하십시오.</Text>
    </Row>
    <Row Tag="TXT_KEY_GOODY_CHOOSE_GOLD">
      <Text>고대 부족의 보물을 찾아 [ICON_GOLD]골드를 얻으십시오.</Text>
    </Row>
    <Row Tag="TXT_KEY_GOODY_CHOOSE_HEALING">
      <Text>원주민 물약을 마셔 유닛을 치료하십시오.</Text>
    </Row>
    <Row Tag="TXT_KEY_GOODY_CHOOSE_MAP">
      <Text>고대 부족이 남긴 지도를 살펴보십시오.</Text>
    </Row>
    <Row Tag="TXT_KEY_GOODY_CHOOSE_POPULATION">
      <Text>유적의 생존자가 당신의 도시로 이주하도록 설득하십시오.</Text>
    </Row>
    <Row Tag="TXT_KEY_GOODY_CHOOSE_PROPHET_FAITH">
      <Text>고대 부족의 예언자를 발견하십시오.</Text>
    </Row>
    <Row Tag="TXT_KEY_GOODY_CHOOSE_REVEAL_NEARBY_BARBS">
      <Text>근처의 야만인 주둔지의 위치를 부족민에게서 얻으십시오.</Text>
    </Row>
    <Row Tag="TXT_KEY_GOODY_CHOOSE_REVEAL_RESOURCE">
      <Text>근처에 있는 자원으로 가는 길을 물어보십시오.</Text>
    </Row>
    <Row Tag="TXT_KEY_GOODY_CHOOSE_SCOUT">
      <Text>고대 부족이 당신 문명의 정찰병이 되도록 설득하십시오.</Text>
    </Row>
    <Row Tag="TXT_KEY_GOODY_CHOOSE_SETTLER">
      <Text>고대 부족이 당신 문명의 개척자가 되도록 설득하십시오.</Text>
    </Row>
    <Row Tag="TXT_KEY_GOODY_CHOOSE_TECH">
      <Text>고대 부족의 도구를 연구해 새로운 기술을 발견하십시오.</Text>
    </Row>
    <Row Tag="TXT_KEY_GOODY_CHOOSE_UPGRADE_UNIT">
      <Text>남겨진 연장을 사용해 유닛을 업그레이드하십시오.</Text>
    </Row>
    <Row Tag="TXT_KEY_GOODY_CHOOSE_WARRIOR">
      <Text>고대 부족에서 전사를 모집하십시오.</Text>
    </Row>
    <Row Tag="TXT_KEY_GOODY_CHOOSE_WORKER">
      <Text>고대 부족이 당신 문명의 노동자가 되도록 설득하십시오.</Text>
    </Row>
    <Row Tag="TXT_KEY_GP_MUSICIAN_DETAILS">
      <Text>[ICON_PLUS]위대한 음악가</Text>
    </Row>
    <Row Tag="TXT_KEY_GP_MUSICIAN_DETAILS_COLLAPSE">
      <Text>[ICON_MINUS]위대한 음악가</Text>
    </Row>
    <Row Tag="TXT_KEY_GP_WRITER_DETAILS">
      <Text>[ICON_PLUS]위대한 작가</Text>
    </Row>
    <Row Tag="TXT_KEY_GP_WRITER_DETAILS_COLLAPSE">
      <Text>[ICON_MINUS]위대한 작가</Text>
    </Row>
    <Row Tag="TXT_KEY_GREAT_LIBRARY_THEMING_BONUS_HELP">
      <Text>보너스를 받기 위해서는 모든 걸작 슬롯을 [COLOR_POSITIVE_TEXT]다른 시대[COLOR_XX]에 [COLOR_POSITIVE_TEXT]다른 문명[COLOR_XX]이 만든 [COLOR_YELLOW]문학[COLOR_XX]으로 채우십시오.</Text>
    </Row>
    <Row Tag="TXT_KEY_HERMITAGE_THEMING_BONUS_HELP">
      <Text>보너스를 받기 위해서는 모든 걸작 슬롯을 [COLOR_POSITIVE_TEXT]다른 시대[COLOR_XX]에 [COLOR_POSITIVE_TEXT]다른 문명[COLOR_XX]이 만든 [COLOR_YELLOW]예술품[COLOR_XX]으로 채우십시오.</Text>
    </Row>
    <Row Tag="TXT_KEY_LEGAL_BODY">
      <Text>© 1991-2013 Take-Two Interactive Software and its subsidiaries.Developed by Firaxis Games.Sid Meier's Civilization V, Civ, Civilization, 2K Games, Firaxis Games, Take-Two Interactive Software and their respective logos are all trademarks of Take-Two interactive Software, Inc.Fork Copyright © 2010 Fork Particle, Inc. Rapid XML Copyright © 2006-2010 Marcin Kalicinski. Lua Copyright © 1994-2010 Lua.org, PUC-Rio. Uses Granny Animation. Copyright © 1999-2010 by RAD Game Tools, Inc. Uses Miles Sound System. Copyright © 1991-2010 by RAD Game Tools, Inc. The ratings icon is a trademark of the Entertainment Software Association.All other marks and trademarks are the property of their respective owners.All rights reserved.The content of this videogame is fictional and is not intended to represent or depict an actual record of the events, persons or entities in the game's historical setting.</Text>
    </Row>
    <Row Tag="TXT_KEY_LOUVRE_THEMING_BONUS_HELP">
      <Text>보너스를 받기 위해서는 2개의 걸작 슬롯을 [COLOR_YELLOW]예술품[COLOR_XX] 2개, 2개의 걸작 슬롯을 [COLOR_YELLOW]유물[COLOR_XX] 2개로 채우십시오. 4개 모두 [COLOR_POSITIVE_TEXT]다른 시대[COLOR_XX]에 [COLOR_POSITIVE_TEXT]다른 문명[COLOR_XX]이 만든 것이어야 합니다.</Text>
    </Row>
    <Row Tag="TXT_KEY_MISSION_BUY_CITY_STATE">
      <Text>도시 국가 매수</Text>
    </Row>
    <Row Tag="TXT_KEY_MISSION_BUY_CITY_STATE_DISABLED_HELP">
      <Text>유닛이 반드시 전쟁 중이 아닌 도시 국가의 영토 내에 있어야 합니다.</Text>
    </Row>
    <Row Tag="TXT_KEY_MISSION_BUY_CITY_STATE_HELP">
      <Text>베니스의 상인이 자신의 자금력으로 도시 국가를 사들여 베니스의 영토로 편입합니다. 모든 도시 국가의 유닛의 조종권을 얻습니다.</Text>
    </Row>
    <Row Tag="TXT_KEY_MISSION_CHANGE_ADMIRAL_PORT">
      <Text>다른 항구로 이동</Text>
    </Row>
    <Row Tag="TXT_KEY_MISSION_CHANGE_ADMIRAL_PORT_HELP">
      <Text>제독을 당신 문명의 다른 해안 도시로 이동시킵니다. 다음 턴에 다른 해안 도시로 이동할 수 있습니다.</Text>
    </Row>
    <Row Tag="TXT_KEY_MISSION_CHANGE_TRADE_UNIT_HOME_CITY">
      <Text>거점 도시 변경</Text>
    </Row>
    <Row Tag="TXT_KEY_MISSION_CHANGE_TRADE_UNIT_HOME_CITY_HELP">
      <Text>이 교역 유닛의 거점 도시를 변경합니다. 해당 유닛은 다음 턴에 다른 도시에 도착합니다. 이 기능을 사용하여 새 거점 도시에서 교역로를 만들 수 있습니다.</Text>
    </Row>
    <Row Tag="TXT_KEY_MISSION_CREATE_GREAT_WORK">
      <Text>걸작 만들기</Text>
    </Row>
    <Row Tag="TXT_KEY_MISSION_ESTABLISH_TRADE_ROUTE">
      <Text>교역로 설립</Text>
    </Row>
    <Row Tag="TXT_KEY_MISSION_ESTABLISH_TRADE_ROUTE_HELP">
      <Text>이 유닛으로 이 도시에서 다른 도시로 이어지는 교역로를 만듭니다.</Text>
    </Row>
    <Row Tag="TXT_KEY_MISSION_GIVE_POLICIES">
      <Text>정치 논문 집필</Text>
    </Row>
    <Row Tag="TXT_KEY_MISSION_ONE_SHOT_TOURISM">
      <Text>순회 공연 수행</Text>
    </Row>
    <Row Tag="TXT_KEY_MISSION_PLUNDER_TRADE_ROUTE">
      <Text>교역로 약탈</Text>
    </Row>
    <Row Tag="TXT_KEY_MISSION_SELL_EXOTIC_GOODS">
      <Text>화물 판매</Text>
    </Row>
    <Row Tag="TXT_KEY_MUSEUM_THEMING_BONUS_HELP">
      <Text>보너스를 받기 위해서는 모든 걸작 슬롯을 [COLOR_POSITIVE_TEXT]같은 시대[COLOR_XX] 또는 [COLOR_POSITIVE_TEXT]같은 문명[COLOR_XX]이 만든 [COLOR_YELLOW]예술품[COLOR_XX] 또는 [COLOR_YELLOW]유물[COLOR_XX]로 채우십시오. 두 개의 종류는 같아야 합니다.</Text>
    </Row>
    <Row Tag="TXT_KEY_NOTIFICATION_ADD_REFORMATION_BELIEF">
      <Text>종교 개혁 정책을 채택하였습니다. 종교에 개혁 교리를 추가할 수 있습니다.</Text>
    </Row>
    <Row Tag="TXT_KEY_NOTIFICATION_CULTURE_VICTORY_NO_LONGER_INFLUENTIAL">
      <Text>더 이상 영향력 없음</Text>
    </Row>
    <Row Tag="TXT_KEY_NOTIFICATION_CULTURE_VICTORY_NO_LONGER_INFLUENTIAL_TT">
      <Text>당신의 문화가 더 이상 문명에 영향력을 행사할 수 없습니다.</Text>
    </Row>
    <Row Tag="TXT_KEY_NOTIFICATION_CULTURE_VICTORY_SOMEONE_INFLUENTIAL">
      <Text>영향력 있는 첫 문화</Text>
    </Row>
    <Row Tag="TXT_KEY_NOTIFICATION_CULTURE_VICTORY_SOMEONE_INFLUENTIAL_ACTIVE_PLAYER_TT">
      <Text>다른 문명에게 영향력을 행사하는 문화를 달성한 첫 문명이 되었습니다.</Text>
    </Row>
    <Row Tag="TXT_KEY_NOTIFICATION_CULTURE_VICTORY_SOMEONE_INFLUENTIAL_TT">
      <Text>{1_CivName}{1: plural 1?이; 2?가;} 다른 문명에게 영향력을 행사하는 문화를 달성한 첫 문명이 되었습니다.</Text>
    </Row>
    <Row Tag="TXT_KEY_NOTIFICATION_CULTURE_VICTORY_UNMET_INFLUENTIAL_TT">
      <Text>아직 만나지 못한 문명이 다른 플레이어에게 영향력을 행사하는 문화를 달성한 첫 문명이 되었습니다.</Text>
    </Row>
    <Row Tag="TXT_KEY_NOTIFICATION_CULTURE_VICTORY_WITHIN_ONE">
      <Text>문화 승리 위협</Text>
    </Row>
    <Row Tag="TXT_KEY_NOTIFICATION_CULTURE_VICTORY_WITHIN_ONE_ACTIVE_PLAYER">
      <Text>문화 승리 임박</Text>
    </Row>
    <Row Tag="TXT_KEY_NOTIFICATION_CULTURE_VICTORY_WITHIN_ONE_ACTIVE_PLAYER_TT">
      <Text>앞으로 1개의 문명에 문화 영향력을 행사하면 문화 승리를 달성하게 됩니다!</Text>
    </Row>
    <Row Tag="TXT_KEY_NOTIFICATION_CULTURE_VICTORY_WITHIN_ONE_TT">
      <Text>{1_CivName}{1: plural 1?이; 2?가;} 앞으로 1개의 문명에 문화 영향력을 행사하면 문화 승리를 달성하게 됩니다!</Text>
    </Row>
    <Row Tag="TXT_KEY_NOTIFICATION_CULTURE_VICTORY_WITHIN_ONE_UNMET_TT">
      <Text>아직 만나지 못한 문명이 다른 문명을 상대로 '매우 유명함'을 하나만 더 달성하면 문화 승리를 거머쥡니다!</Text>
    </Row>
    <Row Tag="TXT_KEY_NOTIFICATION_CULTURE_VICTORY_WITHIN_TWO">
      <Text>문화 승리 도전</Text>
    </Row>
    <Row Tag="TXT_KEY_NOTIFICATION_CULTURE_VICTORY_WITHIN_TWO_ACTIVE_PLAYER">
      <Text>문화 승리 근접</Text>
    </Row>
    <Row Tag="TXT_KEY_NOTIFICATION_CULTURE_VICTORY_WITHIN_TWO_ACTIVE_PLAYER_TT">
      <Text>앞으로 2개의 문명에 문화 영향력을 행사하면 문화 승리를 달성하게 됩니다!</Text>
    </Row>
    <Row Tag="TXT_KEY_NOTIFICATION_CULTURE_VICTORY_WITHIN_TWO_TT">
      <Text>{1_CivName}{1: plural 1?이; 2?가;} 앞으로 2개의 문명에 문화 영향력을 행사하면 문화 승리를 달성하게 됩니다!</Text>
    </Row>
    <Row Tag="TXT_KEY_NOTIFICATION_CULTURE_VICTORY_WITHIN_TWO_UNMET_TT">
      <Text>아직 만나지 못한 문명이 앞으로 2개의 문명에 문화 영향력을 행사하면 문화 승리를 달성하게 됩니다!</Text>
    </Row>
    <Row Tag="TXT_KEY_NOTIFICATION_SUMMARY_ADD_REFORMATION_BELIEF">
      <Text>개혁 교리 추가</Text>
    </Row>
    <Row Tag="TXT_KEY_NOTIFICATION_TRADE_UNIT_PLUNDERED_TRADEE_BARBARIANS">
      <Text>야만인이 [COLOR_POSITIVE_TEXT]{1_PlayerName}[COLOR_XX]의 교역로를 약탈했습니다. ([COLOR_POSITIVE_TEXT]{2_CityName}[COLOR_XX]-[COLOR_POSITIVE_TEXT]{3_CityName}[COLOR_XX])</Text>
    </Row>
    <Row Tag="TXT_KEY_NOTIFICATION_TRADE_UNIT_PLUNDERED_TRADEE_KNOWN">
      <Text>[COLOR_POSITIVE_TEXT]{1_PlayerName}[COLOR_XX]{1: plural 1?이; 2?가;} [COLOR_POSITIVE_TEXT]{2_PlayerName}[COLOR_XX]의 교역로를 약탈했습니다. ([COLOR_POSITIVE_TEXT]{3_CityName}[COLOR_XX]-[COLOR_POSITIVE_TEXT]{4_CityName}[COLOR_XX])</Text>
    </Row>
    <Row Tag="TXT_KEY_NOTIFICATION_TRADE_UNIT_PLUNDERED_TRADEE_SUMMARY">
      <Text>우호적 교역로가 약탈당함</Text>
    </Row>
    <Row Tag="TXT_KEY_NOTIFICATION_TRADE_UNIT_PLUNDERED_TRADEE_UNKNOWN">
      <Text>아직 만나지 못한 문명이 [COLOR_POSITIVE_TEXT]{1_PlayerName}[COLOR_XX]의 교역로를 약탈했습니다. ([COLOR_POSITIVE_TEXT]{2_CityName}[COLOR_XX]-[COLOR_POSITIVE_TEXT]{3_CityName}[COLOR_XX])</Text>
    </Row>
    <Row Tag="TXT_KEY_NOTIFICATION_TRADE_UNIT_PLUNDERED_TRADER_BARBARIAN">
      <Text>야만인이 당신의 교역로를 약탈했습니다. ([COLOR_POSITIVE_TEXT]{1_CityName}[COLOR_XX]-[COLOR_POSITIVE_TEXT]{2_CityName}[COLOR_XX])</Text>
    </Row>
    <Row Tag="TXT_KEY_NOTIFICATION_TRADE_UNIT_PLUNDERED_TRADER_KNOWN">
      <Text>[COLOR_POSITIVE_TEXT]{1_PlayerName}[COLOR_XX]{1: plural 1?이; 2?가;} 당신의 교역로를 약탈했습니다. ([COLOR_POSITIVE_TEXT]{2_CityName}[COLOR_XX]-[COLOR_POSITIVE_TEXT]{3_CityName}[COLOR_XX])</Text>
    </Row>
    <Row Tag="TXT_KEY_NOTIFICATION_TRADE_UNIT_PLUNDERED_TRADER_SUMMARY">
      <Text>교역로 약탈당함</Text>
    </Row>
    <Row Tag="TXT_KEY_NOTIFICATION_TRADE_UNIT_PLUNDERED_TRADER_UNKNOWN">
      <Text>아직 만나지 못한 문명이 당신의 교역로를 약탈했습니다. ([COLOR_POSITIVE_TEXT]{1_CityName}[COLOR_XX]-[COLOR_POSITIVE_TEXT]{2_CityName}[COLOR_XX])</Text>
    </Row>
    <Row Tag="TXT_KEY_NOTIFICATION_YOU_REGAINED_CAPITAL">
      <Text>[ICON_CAPITAL]수도를 되찾았습니다!</Text>
    </Row>
    <Row Tag="TXT_KEY_OXFORD_UNIVERSITY_THEMING_BONUS_HELP">
      <Text>보너스를 받기 위해서는 모든 걸작 슬롯을 [COLOR_POSITIVE_TEXT]다른 시대[COLOR_XX]에 당신의 문명을 제외한 [COLOR_POSITIVE_TEXT]다른 문명[COLOR_XX]이 만든 [COLOR_YELLOW]문학[COLOR_XX]으로 채우십시오.</Text>
    </Row>
    <Row Tag="TXT_KEY_POPUP_ARE_YOU_SURE_IMPROVEMENT_REBUILD_WARN_TRADE_ROUTE">
      <Text>{@1_ActionName}하시겠습니까?[NEWLINE]이렇게 하면 타일 시설이 교체되거나 도시 연결이 끊어질 수 있습니다.</Text>
    </Row>
    <Row Tag="TXT_KEY_POPUP_DOES_THIS_MEAN_WAR_PLUS_PILLAGE_UPSET">
      <Text>{1_Team}팀과의 전쟁을 유발하기 위한 행위입니까?[NEWLINE]{2_Team}팀과 연결된 교역로를 약탈하므로 그들과의 관계도 악화될 것입니다.</Text>
    </Row>
    <Row Tag="TXT_KEY_POPUP_PLUNDER_WARNING">
      <Text>이 교역로를 약탈하면 이 교역로와 연결된 {1_Team}팀과의 관계가 악화됩니다. 위험을 감수하고 약탈하시겠습니까?</Text>
    </Row>
    <Row Tag="TXT_KEY_PRODMOD_YIELD_HANSE">
      <Text>[NEWLINE][ICON_BULLET][COLOR_POSITIVE_TEXT]+{1_Num}%[COLOR_XX]  한자가 주는 이익</Text>
    </Row>
    <Row Tag="TXT_KEY_PROMOTION_ALTITUDE_TRAINING">
      <Text>고산지 훈련</Text>
    </Row>
    <Row Tag="TXT_KEY_PROMOTION_ALTITUDE_TRAINING_HELP">
      <Text>언덕에서 행동력이 [COLOR_POSITIVE_TEXT]두 배[COLOR_XX]로 증가합니다. [COLOR_POSITIVE_TEXT]언덕[COLOR_XX]에서 싸울 때 [ICON_STRENGTH]전투력이 [COLOR_POSITIVE_TEXT]10%[COLOR_XX] 증가합니다.</Text>
    </Row>
    <Row Tag="TXT_KEY_PROMOTION_AMBITION">
      <Text>야망</Text>
    </Row>
    <Row Tag="TXT_KEY_PROMOTION_AMBITION_HELP">
      <Text>공격 시 전투력 보너스 [COLOR_POSITIVE_TEXT]50%[COLOR_XX], 방어 시 전투력 페널티 [COLOR_NEGATIVE_TEXT]20%[COLOR_XX]</Text>
    </Row>
    <Row Tag="TXT_KEY_PROMOTION_ANTI_GUNPOWDER">
      <Text>창 던지기</Text>
    </Row>
    <Row Tag="TXT_KEY_PROMOTION_ANTI_GUNPOWDER_HELP">
      <Text>근접전에 돌입하기 전에 추가로 적을 공격합니다.</Text>
    </Row>
    <Row Tag="TXT_KEY_PROMOTION_ARMOR_PLATING_1">
      <Text>철갑 I</Text>
    </Row>
    <Row Tag="TXT_KEY_PROMOTION_ARMOR_PLATING_1_HELP">
      <Text>방어 시 [COLOR_POSITIVE_TEXT]25%[COLOR_XX]의 전투력 보너스를 받습니다.</Text>
    </Row>
    <Row Tag="TXT_KEY_PROMOTION_ARMOR_PLATING_2">
      <Text>철갑 II</Text>
    </Row>
    <Row Tag="TXT_KEY_PROMOTION_ARMOR_PLATING_2_HELP">
      <Text>방어 시 [COLOR_POSITIVE_TEXT]25%[COLOR_XX]의 전투력 보너스를 받습니다.</Text>
    </Row>
    <Row Tag="TXT_KEY_PROMOTION_ARMOR_PLATING_3">
      <Text>철갑 III</Text>
    </Row>
    <Row Tag="TXT_KEY_PROMOTION_ARMOR_PLATING_3_HELP">
      <Text>방어 시 [COLOR_POSITIVE_TEXT]25%[COLOR_XX]의 전투력 보너스를 받습니다.</Text>
    </Row>
    <Row Tag="TXT_KEY_PROMOTION_BUFFALO_CHEST">
      <Text>버팔로 가슴</Text>
    </Row>
    <Row Tag="TXT_KEY_PROMOTION_BUFFALO_CHEST_HELP">
      <Text>[COLOR_POSITIVE_TEXT]평지[COLOR_XX](언덕, 숲, 정글 제외)에서 전투 시 [ICON_STRENGTH]전투력이 [COLOR_POSITIVE_TEXT]10%[COLOR_XX] 증가합니다. 측면 공격 시 전투력이 [COLOR_POSITIVE_TEXT]25%[COLOR_XX] 증가합니다. [COLOR_POSITIVE_TEXT]원거리 공격[COLOR_XX]에 대한 [ICON_STRENGTH]방어력이 [COLOR_POSITIVE_TEXT]10%[COLOR_XX] 증가합니다.</Text>
    </Row>
    <Row Tag="TXT_KEY_PROMOTION_BUFFALO_HORNS">
      <Text>버팔로 뿔</Text>
    </Row>
    <Row Tag="TXT_KEY_PROMOTION_BUFFALO_HORNS_HELP">
      <Text>[ICON_MOVES]행동력이 [COLOR_POSITIVE_TEXT]1[COLOR_XX] 증가합니다. 측면 공격 시 전투력이 [COLOR_POSITIVE_TEXT]25%[COLOR_XX] 증가합니다. [COLOR_POSITIVE_TEXT]원거리 공격[COLOR_XX]에 대한 [ICON_STRENGTH]방어력이 [COLOR_POSITIVE_TEXT]10%[COLOR_XX] 증가합니다.</Text>
    </Row>
    <Row Tag="TXT_KEY_PROMOTION_BUFFALO_LOINS">
      <Text>버팔로 허리</Text>
    </Row>
    <Row Tag="TXT_KEY_PROMOTION_BUFFALO_LOINS_HELP">
      <Text>[ICON_STRENGTH]전투력이 [COLOR_POSITIVE_TEXT]10%[COLOR_XX] 증가합니다. 측면 공격 시 전투력이 [COLOR_POSITIVE_TEXT]25%[COLOR_XX] 증가합니다. [COLOR_POSITIVE_TEXT]원거리 공격[COLOR_XX]에 대한 [ICON_STRENGTH]방어력이 [COLOR_POSITIVE_TEXT]10%[COLOR_XX] 증가합니다.</Text>
    </Row>
    <Row Tag="TXT_KEY_PROMOTION_CITY_SIEGE_II">
      <Text>도시 대항 보너스 (250)</Text>
    </Row>
    <Row Tag="TXT_KEY_PROMOTION_CITY_SIEGE_II_HELP">
      <Text>도시를 상대로 전투 시 보너스 [COLOR_POSITIVE_TEXT]250%[COLOR_XX]</Text>
    </Row>
    <Row Tag="TXT_KEY_PROMOTION_DESERT_WARRIOR">
      <Text>사막 전사</Text>
    </Row>
    <Row Tag="TXT_KEY_PROMOTION_DESERT_WARRIOR_HELP">
      <Text>[COLOR_POSITIVE_TEXT]사막[COLOR_XX]에서 전투 시 [ICON_STRENGTH]전투력 [COLOR_POSITIVE_TEXT]50%[COLOR_XX] 증가</Text>
    </Row>
    <Row Tag="TXT_KEY_PROMOTION_DOUBLE_PLUNDER">
      <Text>도시 약탈</Text>
    </Row>
    <Row Tag="TXT_KEY_PROMOTION_DOUBLE_PLUNDER_HELP">
      <Text>도시에 입히는 피해량의 [COLOR_POSITIVE_TEXT]100%[COLOR_XX]에 해당하는[ICON_GOLD]골드를 획득</Text>
    </Row>
    <Row Tag="TXT_KEY_PROMOTION_ENEMY_BLADE">
      <Text>적의 칼날</Text>
    </Row>
    <Row Tag="TXT_KEY_PROMOTION_ENEMY_BLADE_HELP">
      <Text>적 지역에서 턴을 마칠 경우 체력 [COLOR_NEGATIVE_TEXT]-20[COLOR_XX]</Text>
    </Row>
    <Row Tag="TXT_KEY_PROMOTION_EVIL_SPIRITS">
      <Text>악령</Text>
    </Row>
    <Row Tag="TXT_KEY_PROMOTION_EVIL_SPIRITS_HELP">
      <Text>공격 시 전투력 페널티 [COLOR_NEGATIVE_TEXT]10%[COLOR_XX], 방어 시 전투력 페널티 [COLOR_NEGATIVE_TEXT]30%[COLOR_XX]</Text>
    </Row>
    <Row Tag="TXT_KEY_PROMOTION_EXTENDED_PARADROP">
      <Text>낙하 부대</Text>
    </Row>
    <Row Tag="TXT_KEY_PROMOTION_EXTENDED_PARADROP_HELP">
      <Text>강하 거리 증가 ([COLOR_POSITIVE_TEXT]40타일[COLOR_XX])</Text>
    </Row>
    <Row Tag="TXT_KEY_PROMOTION_FAST_GENERAL_HELP">
      <Text>[ICON_MOVES]행동력이 [COLOR_POSITIVE_TEXT]3[COLOR_XX] 증가</Text>
    </Row>
    <Row Tag="TXT_KEY_PROMOTION_FLIGHT_DECK_1">
      <Text>비행 갑판 I</Text>
    </Row>
    <Row Tag="TXT_KEY_PROMOTION_FLIGHT_DECK_1_HELP">
      <Text>공중 유닛 [COLOR_POSITIVE_TEXT]1개[COLOR_XX]를 추가로 수송할 수 있습니다.</Text>
    </Row>
    <Row Tag="TXT_KEY_PROMOTION_FLIGHT_DECK_2">
      <Text>비행 갑판 II</Text>
    </Row>
    <Row Tag="TXT_KEY_PROMOTION_FLIGHT_DECK_2_HELP">
      <Text>공중 유닛 [COLOR_POSITIVE_TEXT]1개[COLOR_XX]를 추가로 수송할 수 있습니다.</Text>
    </Row>
    <Row Tag="TXT_KEY_PROMOTION_FLIGHT_DECK_3">
      <Text>비행 갑판 III</Text>
    </Row>
    <Row Tag="TXT_KEY_PROMOTION_FLIGHT_DECK_3_HELP">
      <Text>공중 유닛 [COLOR_POSITIVE_TEXT]1개[COLOR_XX]를 추가로 수송할 수 있습니다.</Text>
    </Row>
    <Row Tag="TXT_KEY_PROMOTION_GOLDEN_AGE_POINTS">
      <Text>승리를 통한 황금기</Text>
    </Row>
    <Row Tag="TXT_KEY_PROMOTION_GOLDEN_AGE_POINTS_HELP">
      <Text>적을 처치할 때마다 [COLOR_POSITIVE_TEXT]황금기[COLOR_XX]를 시작하는 데 필요한 점수를 얻습니다.</Text>
    </Row>
    <Row Tag="TXT_KEY_PROMOTION_GOODY_HUT_PICKER">
      <Text>원주민 언어</Text>
    </Row>
    <Row Tag="TXT_KEY_PROMOTION_GOODY_HUT_PICKER_HELP">
      <Text>고대 유적 발견 보상을 [COLOR_POSITIVE_TEXT]선택[COLOR_XX]할 수 있습니다.</Text>
    </Row>
    <Row Tag="TXT_KEY_PROMOTION_HEAVY_CHARGE">
      <Text>육중한 돌격</Text>
    </Row>
    <Row Tag="TXT_KEY_PROMOTION_HEAVY_CHARGE_HELP">
      <Text>방어하는 유닛이 공격하는 유닛보다 피해를 더 받으면 퇴각합니다. 퇴각할 공간이 없으면 추가 피해를 받습니다.</Text>
    </Row>
    <Row Tag="TXT_KEY_PROMOTION_HEROISM">
      <Text>영웅심</Text>
    </Row>
    <Row Tag="TXT_KEY_PROMOTION_HEROISM_HELP">
      <Text>위대한 장군처럼 주변에 있는 유닛에 전투력 보너스를 줍니다.</Text>
    </Row>
    <Row Tag="TXT_KEY_PROMOTION_HOMELAND_GUARDIAN">
      <Text>향토 수비대</Text>
    </Row>
    <Row Tag="TXT_KEY_PROMOTION_HOMELAND_GUARDIAN_BOOGALOO">
      <Text>선조의 자부심</Text>
    </Row>
    <Row Tag="TXT_KEY_PROMOTION_HOMELAND_GUARDIAN_BOOGALOO_HELP">
      <Text>자국 영토에서 전투 시 보너스 [COLOR_POSITIVE_TEXT]15%[COLOR_XX]</Text>
    </Row>
    <Row Tag="TXT_KEY_PROMOTION_HOMELAND_GUARDIAN_HELP">
      <Text>자국 영토에서 전투 시 보너스 [COLOR_POSITIVE_TEXT]25%[COLOR_XX]</Text>
    </Row>
    <Row Tag="TXT_KEY_PROMOTION_INVULNERABIILITY">
      <Text>무적</Text>
    </Row>
    <Row Tag="TXT_KEY_PROMOTION_INVULNERABIILITY_HELP">
      <Text>방어 시 전투력 보너스 [COLOR_POSITIVE_TEXT]30%[COLOR_XX], 체력 회복 [COLOR_POSITIVE_TEXT]20[COLOR_XX] 증가</Text>
    </Row>
    <Row Tag="TXT_KEY_PROMOTION_LIGHTNING_WARFARE">
      <Text>전격전</Text>
    </Row>
    <Row Tag="TXT_KEY_PROMOTION_LIGHTNING_WARFARE_HELP">
      <Text>공격 시 전투력 보너스가 [COLOR_POSITIVE_TEXT]15%[COLOR_XX] 증가합니다. [ICON_MOVES]행동력이 [COLOR_POSITIVE_TEXT]1[COLOR_XX] 증가하며, 적군의 통제 지역을 무시합니다.</Text>
    </Row>
    <Row Tag="TXT_KEY_PROMOTION_MEDIC_GENERAL_HELP">
      <Text>이 유닛과 주변 타일에 있는 모든 다른 유닛이 턴마다 체력을 회복할 때 [COLOR_POSITIVE_TEXT]15[COLOR_XX]씩 더 회복합니다.</Text>
    </Row>
    <Row Tag="TXT_KEY_PROMOTION_MOON_STRIKER">
      <Text>보름달 전사</Text>
    </Row>
    <Row Tag="TXT_KEY_PROMOTION_MOON_STRIKER_HELP">
      <Text>행동력 +1</Text>
    </Row>
    <Row Tag="TXT_KEY_PROMOTION_MYSTIC_BLADE">
      <Text>비전의 보도</Text>
    </Row>
    <Row Tag="TXT_KEY_PROMOTION_MYSTIC_BLADE_HELP">
      <Text>이 유닛이 첫 전투를 완료하면 기존 승급이 무작위 승급으로 교체됩니다.</Text>
    </Row>
    <Row Tag="TXT_KEY_PROMOTION_NATIONALISM">
      <Text>애국전쟁</Text>
    </Row>
    <Row Tag="TXT_KEY_PROMOTION_NAVAL_TRADITION">
      <Text>탐험</Text>
    </Row>
    <Row Tag="TXT_KEY_PROMOTION_RECRUITMENT">
      <Text>신병 모집</Text>
    </Row>
    <Row Tag="TXT_KEY_PROMOTION_RECRUITMENT_HELP">
      <Text>야만인 외의 유닛 파괴 시 체력 모두 회복</Text>
    </Row>
    <Row Tag="TXT_KEY_PROMOTION_RESTLESSNESS">
      <Text>쉼없음</Text>
    </Row>
    <Row Tag="TXT_KEY_PROMOTION_RESTLESSNESS_HELP">
      <Text>[COLOR_POSITIVE_TEXT]두 번[COLOR_XX] 공격 가능, 추가 행동력 [COLOR_POSITIVE_TEXT]1[COLOR_XX]</Text>
    </Row>
    <Row Tag="TXT_KEY_PROMOTION_SAPPER">
      <Text>공병</Text>
    </Row>
    <Row Tag="TXT_KEY_PROMOTION_SAPPER_HELP">
      <Text>이 유닛이 적 도시 주변에 있을 경우, 2타일 이내에 있는 다른 아군 유닛이 도시를 공격할 때 공격력 보너스 [COLOR_POSITIVE_TEXT]50%[COLOR_XX]</Text>
    </Row>
    <Row Tag="TXT_KEY_PROMOTION_SELL_EXOTIC_GOODS">
      <Text>이국적인 화물</Text>
    </Row>
    <Row Tag="TXT_KEY_PROMOTION_SELL_EXOTIC_GOODS_HELP">
      <Text>다른 문명의 영토 옆 타일에서 이국적인 상품을 판매하여 수도까지의 거리에 따라 [ICON_GOLD]골드와 경험치를 습니다. 이 행동은 한 번만 할 수 있습니다.</Text>
    </Row>
    <Row Tag="TXT_KEY_PROMOTION_SNEAK_ATTACK">
      <Text>기습 공격</Text>
    </Row>
    <Row Tag="TXT_KEY_PROMOTION_SNEAK_ATTACK_HELP">
      <Text>측면 공격 시 전투력이 [COLOR_POSITIVE_TEXT]50%[COLOR_XX] 증가</Text>
    </Row>
    <Row Tag="TXT_KEY_PROMOTION_TRADE_MISSION_BONUS">
      <Text>무역 임무 보너스</Text>
    </Row>
    <Row Tag="TXT_KEY_PROMOTION_TRADE_MISSION_BONUS_HELP">
      <Text>무역 임무 시[ICON_GOLD]골드 [COLOR_POSITIVE_TEXT]100[COLOR_XX]과 증가하는 영향력이 [COLOR_POSITIVE_TEXT]100%[COLOR_XX] 증가</Text>
    </Row>
    <Row Tag="TXT_KEY_PROMOTION_WOLFPACK_1">
      <Text>집단공격 I</Text>
    </Row>
    <Row Tag="TXT_KEY_PROMOTION_WOLFPACK_1_HELP">
      <Text>공격 시 전투력 보너스 [COLOR_POSITIVE_TEXT]25%[COLOR_XX] 증가</Text>
    </Row>
    <Row Tag="TXT_KEY_PROMOTION_WOLFPACK_2">
      <Text>집단공격 II</Text>
    </Row>
    <Row Tag="TXT_KEY_PROMOTION_WOLFPACK_2_HELP">
      <Text>공격 시 전투력 보너스 [COLOR_POSITIVE_TEXT]25%[COLOR_XX] 증가</Text>
    </Row>
    <Row Tag="TXT_KEY_PROMOTION_WOLFPACK_3">
      <Text>집단공격 III</Text>
    </Row>
    <Row Tag="TXT_KEY_PROMOTION_WOLFPACK_3_HELP">
      <Text>공격 시 전투력 보너스 [COLOR_POSITIVE_TEXT]25%[COLOR_XX] 증가</Text>
    </Row>
    <Row Tag="TXT_KEY_RELIGION_TOOLTIP_LINE_WITH_TRADE">
      <Text>{1_ReligionIcon} 신자 {2_NumFollowers}명 {3_PressureString}(교역로 {4_Num}개)</Text>
    </Row>
    <Row Tag="TXT_KEY_SISTINE_CHAPEL_THEMING_BONUS_HELP">
      <Text>보너스를 받기 위해서는 모든 걸작 슬롯을 [COLOR_POSITIVE_TEXT]같은 시대[COLOR_XX]에 [COLOR_POSITIVE_TEXT]같은 문명[COLOR_XX]이 만든 [COLOR_YELLOW]예술품[COLOR_XX]으로 채우십시오.</Text>
    </Row>
    <Row Tag="TXT_KEY_SYDNEY_OPERA_HOUSE_THEMING_BONUS_HELP">
      <Text>보너스를 받기 위해서는 모든 걸작 슬롯을 [COLOR_POSITIVE_TEXT]다른 시대[COLOR_XX]에 [COLOR_POSITIVE_TEXT]같은 문명[COLOR_XX]이 만든 [COLOR_YELLOW]음악[COLOR_XX]으로 채우십시오.</Text>
    </Row>
    <Row Tag="TXT_KEY_TECH_COMPASS_HELP">
      <Text>첫 원거리 해상 유닛 [COLOR_POSITIVE_TEXT]갈레아스[COLOR_XX]를 생산할 수 있으며, [COLOR_POSITIVE_TEXT]항만[COLOR_XX]을 건설할 수 있습니다. 항만을 사용하면 바다를 통해 수도와 다른 도시를 연결하여 [ICON_GOLD]골드를 생산할 수 있습니다. 또한, 어선이 획득하는 [ICON_GOLD]골드의 양도 증가합니다.</Text>
    </Row>
    <Row Tag="TXT_KEY_TECH_INTERNET_HELP">
      <Text>인터넷은 모든 당신의 도시의 [ICON_TOURISM]관광을 두 배로 늘립니다. [COLOR_POSITIVE_TEXT]문화 승리[COLOR_XX]를 달성하기 쉬워집니다.</Text>
    </Row>
    <Row Tag="TXT_KEY_TECH_NUCLEAR_FISSION_HELP">
      <Text>가장 강력한 원거리 유닛인 [COLOR_POSITIVE_TEXT]바주카포[COLOR_XX]와 게임 최초의 핵무기인 [COLOR_POSITIVE_TEXT]원자 폭탄[COLOR_XX]을 생산할 수 있고  [COLOR_POSITIVE_TEXT]원자력 발전소[COLOR_XX]를 건설할 수 있습니다. 원자력 발전소를 건설하려면 [ICON_RES_URANIUM]우라늄이 필요하며, 이 건물은 도시의 [ICON_PRODUCTION]생산을 늘립니다.</Text>
    </Row>
    <Row Tag="TXT_KEY_TECH_PRINTING_PRESS_HELP">
      <Text>[COLOR_POSITIVE_TEXT]동물원[COLOR_XX]을 건설할 수 있고 처음으로 모든 문명을 만났다면 세계 대회를 창설할 수 있습니다.</Text>
    </Row>
    <Row Tag="TXT_KEY_THEMING_BONUS_BROADWAY">
      <Text>{1_Era} {2_CivAdjective} 음악의 명소</Text>
    </Row>
    <Row Tag="TXT_KEY_THEMING_BONUS_GLOBE_THEATER">
      <Text>{1_Era} {2_CivAdjective} 문학 공연장</Text>
    </Row>
    <Row Tag="TXT_KEY_THEMING_BONUS_GREAT_LIBRARY">
      <Text>고대 지식 도서관</Text>
    </Row>
    <Row Tag="TXT_KEY_THEMING_BONUS_HERMITAGE">
      <Text>세계 예술 박물관</Text>
    </Row>
    <Row Tag="TXT_KEY_THEMING_BONUS_LOUVRE">
      <Text>세계에서 제일 방문객이 많은 박물관</Text>
    </Row>
    <Row Tag="TXT_KEY_THEMING_BONUS_MUSEUM_1">
      <Text>{1_EraAdjective} {2_CivAdjective} 예술 박물관</Text>
    </Row>
    <Row Tag="TXT_KEY_THEMING_BONUS_MUSEUM_2">
      <Text>{1_EraAdjective} {2_CivAdjective} 전쟁 박물관</Text>
    </Row>
    <Row Tag="TXT_KEY_THEMING_BONUS_MUSEUM_3">
      <Text>{1_EraAdjective} 예술 박물관</Text>
    </Row>
    <Row Tag="TXT_KEY_THEMING_BONUS_MUSEUM_4">
      <Text>{1_EraAdjective} 전쟁 박물관</Text>
    </Row>
    <Row Tag="TXT_KEY_THEMING_BONUS_MUSEUM_5">
      <Text>{1_CivAdjective} {2_EraAdjective} 시대 박물관</Text>
    </Row>
    <Row Tag="TXT_KEY_THEMING_BONUS_MUSEUM_6">
      <Text>{1_EraAdjective} 시대 세계 박물관</Text>
    </Row>
    <Row Tag="TXT_KEY_THEMING_BONUS_MUSEUM_7">
      <Text>{1_CivAdjective} 예술 박물관</Text>
    </Row>
    <Row Tag="TXT_KEY_THEMING_BONUS_MUSEUM_8">
      <Text>{1_CivAdjective} 전쟁 박물관</Text>
    </Row>
    <Row Tag="TXT_KEY_THEMING_BONUS_OXFORD_UNIVERSITY">
      <Text>세계 문학 도서관</Text>
    </Row>
    <Row Tag="TXT_KEY_THEMING_BONUS_SISTINE_CHAPEL">
      <Text>{1_Era} {2_CivAdjective} 예술 예배당</Text>
    </Row>
    <Row Tag="TXT_KEY_THEMING_BONUS_SYDNEY_OPERA_HOUSE">
      <Text>{2_CivAdjective} 음악 예술의 전당</Text>
    </Row>
    <Row Tag="TXT_KEY_THEMING_BONUS_UFFIZI">
      <Text>{1_Era} {2_CivAdjective} 예술 박물관</Text>
    </Row>
    <Row Tag="TXT_KEY_UFFIZI_THEMING_BONUS_HELP">
      <Text>보너스를 받기 위해서는 모든 걸작 슬롯을 [COLOR_POSITIVE_TEXT]같은 시대[COLOR_XX]에 [COLOR_POSITIVE_TEXT]같은 문명[COLOR_XX]이 만든 [COLOR_YELLOW]예술품[COLOR_XX]으로 채우십시오.</Text>
    </Row>
    <Row Tag="TXT_KEY_UNIT_HELP_ARCHAEOLOGIST">
      <Text>고고학자는 사적지를 발굴하여 랜드마크 시설을 만들거나 유물을 발굴하여 걸작 예술품 슬롯을 채울 수 있습니다. 고고학자는 어떤 문명의 영토에서든 사용할 수 있습니다. 사적지에서 고고학 발굴 현장을 완료하면 고고학자는 사라집니다. 고고학자는 [ICON_GOLD]골드로 구매할 수 없으며 대학이 있는 도시에서만 생산할 수 있습니다.</Text>
    </Row>
    <Row Tag="TXT_KEY_UNIT_HELP_ASSYRIAN_SIEGE_TOWER">
      <Text>투석기를 대체하는 아시리아의 고유 유닛입니다. 인접한 유닛이 적 도시 옆에 있을 때 도시 공격 보너스를 주는 강력한 근접 공성 유닛입니다.</Text>
    </Row>
    <Row Tag="TXT_KEY_UNIT_HELP_AXMAN">
      <Text>궁전차를 대체하는 야만인 유닛입니다.</Text>
    </Row>
    <Row Tag="TXT_KEY_UNIT_HELP_BAZOOKA">
      <Text>원자력 시대의 원거리 유닛입니다. 공격하려면 적에 근접해야 합니다.</Text>
    </Row>
    <Row Tag="TXT_KEY_UNIT_HELP_BERBER_CAVALRY">
      <Text>기병대를 대체하는 모로코의 고유 유닛입니다. 사막 타일과 모로코 영토 내에서 전투 보너스를 받습니다.</Text>
    </Row>
    <Row Tag="TXT_KEY_UNIT_HELP_BRAZILIAN_PRACINHA">
      <Text>보병을 대체하는 브라질의 고유 유닛입니다. 현대 시대 보병 유닛입니다. 적을 처치할 때마다 [ICON_GOLDEN_AGE]황금기를 시작하는 데 필요한 점수를 얻습니다.</Text>
    </Row>
    <Row Tag="TXT_KEY_UNIT_HELP_CARAVAN">
      <Text>다른 문명의 도시와 육상 교역로를 설립하여 [ICON_GOLD]골드와 [ICON_RESEARCH]과학을 생산합니다.[NEWLINE][NEWLINE][COLOR_POSITIVE_TEXT]곡창[COLOR_XX] 또는 [COLOR_POSITIVE_TEXT]작업장[COLOR_XX]을 건설한 도시에서 자신의 다른 도시로 [ICON_FOOD]식량 또는 [ICON_PRODUCTION]생산 보너스를 제공할 수 있습니다.</Text>
    </Row>
    <Row Tag="TXT_KEY_UNIT_HELP_CARGO_SHIP">
      <Text>다른 문명의 도시와 해상 교역로를 설립하여 [ICON_GOLD]골드와 [ICON_RESEARCH]과학을 생산합니다.[NEWLINE][NEWLINE][COLOR_POSITIVE_TEXT]곡창[COLOR_XX] 또는 [COLOR_POSITIVE_TEXT]작업장[COLOR_XX]을 건설한 도시에서 자신의 다른 도시로 [ICON_FOOD]식량 또는 [ICON_PRODUCTION]생산 보너스를 제공할 수 있습니다.</Text>
    </Row>
    <Row Tag="TXT_KEY_UNIT_HELP_FOREIGN_LEGION">
      <Text>현대 시대의 특수 보병 유닛입니다. 평등 이념의 의용군 주의를 채택하면 무료로 제공됩니다. 이 유닛은 우호 지역 밖에서 운용할 때 전투 보너스를 받는 것 외에는 1차 세계대전 보병과 매우 비슷합니다.</Text>
    </Row>
    <Row Tag="TXT_KEY_UNIT_HELP_INDONESIAN_KRIS_SWORDSMAN">
      <Text>검사를 대체하는 인도네시아의 고유 유닛입니다. 첫 전투를 해야 드러나는 능력을 지닌 신비로운 무기를 사용하는 고전 시대 근접 유닛입니다.</Text>
    </Row>
    <Row Tag="TXT_KEY_UNIT_HELP_LANDSKNECHT">
      <Text>파이크병보다 매우 저렴하고, 약탈 시 행동력 소모가 없는 유닛입니다. 이 유닛으로 도시에 입히는 피해량의 [COLOR_POSITIVE_TEXT]100%[COLOR_XX]만큼 [ICON_GOLD]골드를 얻습니다. 상업의 용병군 정책을 채택하고, 골드를 주고 구매해야 합니다. 구매 후 바로 움직일 수 있습니다.</Text>
    </Row>
    <Row Tag="TXT_KEY_UNIT_HELP_PARATROOPER">
      <Text>우호 지역에서 9타일 떨어진 곳까지 강하할 수 있는 강력한 보병 유닛입니다. 공수부대는 강하 후에도 이동할 수 있지만, 다음 턴까지 전투를 할 수 없습니다.</Text>
    </Row>
    <Row Tag="TXT_KEY_UNIT_HELP_PORTUGUESE_NAU">
      <Text>캐러벨을 대체하는 포르투갈의 고유 유닛입니다. 캐러벨보다 행동력이 많아 해양 탐사 능력이 뛰어나며 다른 문명의 영토 옆에서 능력을 사용해 한 번만 [ICON_GOLD]골드와 경험치를 얻을 수 있습니다.</Text>
    </Row>
    <Row Tag="TXT_KEY_UNIT_HELP_SAMURAI">
      <Text>장검병을 대체하는 일본의 고유 유닛입니다. 이 유닛은 [COLOR_POSITIVE_TEXT]충격 I[COLOR_XX] 승급을 가지며 전투를 하면 위대한 장군의 출현율을 높여줍니다. 승선한 사무라이는 소비 없이 한 턴만에 어선을 건설할 수 있기 때문에 평화로운 시기에도 유용합니다.</Text>
    </Row>
    <Row Tag="TXT_KEY_UNIT_HELP_SHOSHONE_COMANCHE_RIDERS">
      <Text>기병대를 대체하는 쇼쇼니의 고유 유닛입니다. 빠른 공격에 특화된 기마 유닛입니다.</Text>
    </Row>
    <Row Tag="TXT_KEY_UNIT_HELP_SHOSHONE_PATHFINDER">
      <Text>정찰병을 대체하는 쇼쇼니의 고유 유닛입니다. 탐사 능력이 뛰어나며 [ICON_STRENGTH]전투력도 강한 이 유닛은 고대 유적을 발견했을 때 얻는 이득을 선택할 수 있습니다.</Text>
    </Row>
    <Row Tag="TXT_KEY_UNIT_HELP_VENETIAN_GALLEASS">
      <Text>갈레아스를 대체하는 베네치아의 고유 유닛입니다. 원거리 공격으로 제해권을 장악할 수 있는 매우 강력한 중세 해상 유닛입니다. 갈레아스보다 공격력 및 방어력이 더욱 뛰어나지만 그만큼 비싸기도 합니다.</Text>
    </Row>
    <Row Tag="TXT_KEY_UNIT_HELP_VENETIAN_MERCHANT">
      <Text>위대한 상인을 대체하는 베네치아의 고유 위인입니다. 교역 임무를 수행할 수 있는 능력 외에도 도시 국가를 구입해 괴뢰 정부를 수립할 수 있습니다.</Text>
    </Row>
    <Row Tag="TXT_KEY_UNIT_HELP_WINGED_HUSSAR">
      <Text>창기병을 대체하는 폴란드의 고유 유닛입니다. 적 기마 유닛을 공격하는데 특화된 중기병 유닛입니다. 창기병보다 행동력이 높고 강력하며 이 유닛에게 준 피해보다 더 많은 피해를 입은 유닛은 후퇴해야 합니다.</Text>
    </Row>
    <Row Tag="TXT_KEY_UNIT_HELP_XCOM_SQUAD">
      <Text>위험이 도사리는 먼 곳에 투하되는 미래 보병 유닛입니다. 이 유닛은 착륙 후 바로 이동이나 약탈을 할 수 있으나 전투는 다음 턴부터 할 수 있습니다.[NEWLINE][NEWLINE][COLOR_CYAN]행운을 빕니다, 사령관님![COLOR_XX]</Text>
    </Row>
    <Row Tag="TXT_KEY_UNIT_HELP_ZERO">
      <Text>전투기를 대체하는 일본의 고유 유닛입니다. 제공권을 장악하고 다가오는 적 항공기를 요격하는 항공 유닛입니다. 다른 전투기를 상대로 보너스를 받고 석유가 필요하지 않습니다.</Text>
    </Row>
    <Row Tag="TXT_KEY_UNIT_HELP_ZULU_IMPI">
      <Text>장창병을 대체하는 줄루의 고유 유닛입니다. 기사 및 다른 기마 유닛을 공격하는 데 특화되었습니다. 전투 시작 전에 원거리 일격을 가합니다.</Text>
    </Row>
    <Row Tag="TXT_KEY_UNIT_PARATROOPER_STRATEGY">
      <Text>공수부대는 게임 후반에 등장하는 보병입니다. 기계화 보병보다는 조금 약하지만, 아군 및 우호 지역에서 출발할 경우 9타일 거리까지 낙하산으로 이동할 수 있습니다. 말하자면 적 진지를 뛰어넘어 도로망을 파괴하고 중요 자원을 탈취하는 등 후방을 교란할 수 있습니다. 이러한 임무에는 큰 위험이 따르므로 감수할 가치가 있는지 먼저 고려해야 합니다.</Text>
    </Row>
    <Row Tag="TXT_KEY_WONDER_BOROBUDUR_HELP">
      <Text>성도에 건설해야 합니다. 선교사가 [COLOR_POSITIVE_TEXT]3명[COLOR_XX] 출현합니다.[NEWLINE][NEWLINE]이 불가사의는 전 세계에서 하나만 건설할 수 있는 [COLOR_POSITIVE_TEXT]세계 불가사의[COLOR_XX]입니다.</Text>
    </Row>
    <Row Tag="TXT_KEY_WONDER_COLOSSUS_HELP">
      <Text>추가 교역로를 얻을 수 있으며 도시에 화물선 1개가 출현합니다. 다른 문명이 로도스의 거상이 있는 도시에 연결한 교역로는 도시 소유자에게 추가로 [ICON_GOLD]골드를 [COLOR_POSITIVE_TEXT]2[COLOR_XX] 더 생성하며 교역로 소유자는 교역로마다 [ICON_GOLD]골드를 [COLOR_POSITIVE_TEXT]1[COLOR_XX] 더 얻습니다.[NEWLINE]해안 도시에서만 건설할 수 있습니다.[NEWLINE][NEWLINE]이 불가사의는 전 세계에서 하나만 건설할 수 있는 [COLOR_POSITIVE_TEXT]세계 불가사의[COLOR_XX]입니다.</Text>
    </Row>
    <Row Tag="TXT_KEY_WONDER_KREMLIN_HELP">
      <Text>[COLOR_YELLOW]질서[COLOR_XX] 이념을 채택해야 건설할 수 있습니다.[NEWLINE]기갑 유닛을 생산할 때 [ICON_PRODUCTION]생산이 [COLOR_POSITIVE_TEXT]50%[COLOR_XX] 증가합니다. 무료 사회 정책 [COLOR_POSITIVE_TEXT]1개[COLOR_XX]를 제공합니다.[NEWLINE][NEWLINE]이 불가사의는 전 세계에서 하나만 건설할 수 있는 [COLOR_POSITIVE_TEXT]세계 불가사의[COLOR_XX]입니다.</Text>
    </Row>
    <Row Tag="TXT_KEY_WONDER_PARTHENON_HELP">
      <Text>[ICON_GREAT_WORK]걸작 예술품이 [COLOR_POSITIVE_TEXT]1개[COLOR_XX] 들어 있는 걸작 슬롯을 포함합니다.[NEWLINE][NEWLINE]이 불가사의는 전 세계에서 하나만 건설할 수 있는 [COLOR_POSITIVE_TEXT]세계 불가사의[COLOR_XX]입니다.</Text>
    </Row>
    <Row Tag="TXT_KEY_WONDER_PETRA_HELP">
      <Text>이 도시의 범람원을 제외한 사막 타일의 [ICON_FOOD]식량과 [ICON_PRODUCTION]생산이 [COLOR_POSITIVE_TEXT]1[COLOR_XX] 증가합니다. [COLOR_POSITIVE_TEXT]1개[COLOR_XX]의 교역로를 추가로 얻으며 대상이 무료로 제공됩니다. 고고학을 연구하면 생산하는 [ICON_CULTURE]문화가 [COLOR_POSITIVE_TEXT]7[COLOR_XX]로 증가합니다. 도시가 사막 위 또는 옆에 있어야 합니다.[NEWLINE][NEWLINE]이 불가사의는 전 세계에서 하나만 건설할 수 있는 [COLOR_POSITIVE_TEXT]세계 불가사의[COLOR_XX]입니다.</Text>
    </Row>
    <Row Tag="TXT_KEY_WONDER_PRORA_RESORT_HELP">
      <Text>[COLOR_YELLOW]독재[COLOR_XX] 이념을 채택해야 건설할 수 있습니다.[NEWLINE][ICON_HAPPINESS_1]행복이 [COLOR_POSITIVE_TEXT]2[COLOR_XX] 증가하며, 채택한 정책 2개마다 추가로 [ICON_HAPPINESS_1]행복을 [COLOR_POSITIVE_TEXT]1[COLOR_XX]씩 더 얻습니다. 무료 사회 정책 [COLOR_POSITIVE_TEXT]1개[COLOR_XX]를 제공합니다.[NEWLINE]해안 도시에서만 건설할 수 있습니다.[NEWLINE][NEWLINE]이 불가사의는 전 세계에서 하나만 건설할 수 있는 [COLOR_POSITIVE_TEXT]세계 불가사의[COLOR_XX]입니다.</Text>
    </Row>
    <Row Tag="TXT_KEY_WONDER_RED_FORT_HELP">
      <Text>모든 도시의 방어 시설 효과가 [COLOR_POSITIVE_TEXT]25%[COLOR_XX] 상승합니다.[NEWLINE][NEWLINE]이 불가사의는 전 세계에서 하나만 건설할 수 있는 [COLOR_POSITIVE_TEXT]세계 불가사의[COLOR_XX]입니다.</Text>
    </Row>
    <Row Tag="TXT_KEY_WONDER_STATUE_OF_LIBERTY_HELP">
      <Text>[COLOR_YELLOW]평등[COLOR_XX] 이념을 채택해야 건설할 수 있습니다.[NEWLINE]모든 도시의 전문가의 [ICON_PRODUCTION]생산이 [COLOR_POSITIVE_TEXT]1[COLOR_XX] 증가하고 무료 사회 정책 [COLOR_POSITIVE_TEXT]1개[COLOR_XX]를 제공합니다.[NEWLINE][NEWLINE]이 불가사의는 전 세계에서 하나만 건설할 수 있는 [COLOR_POSITIVE_TEXT]세계 불가사의[COLOR_XX]입니다.</Text>
    </Row>
    <Row Tag="TXT_KEY_WONDER_TERRA_COTTA_ARMY_HELP">
      <Text>문명의 모든 지상 군사 유닛을 종류별로 하나씩 복제해서 병마용이 건설된 도시 근처에 배치합니다.[NEWLINE][NEWLINE]이 불가사의는 전 세계에서 하나만 건설할 수 있는 [COLOR_POSITIVE_TEXT]세계 불가사의[COLOR_XX]입니다.</Text>
    </Row>
    <Row Tag="TXT_KEY_WONDER_NOTRE_DAME_HELP">
      <Text>많은 [ICON_HAPPINESS_1]행복과 [ICON_PEACE]신앙을 제공합니다.[NEWLINE][NEWLINE]이 불가사의는 전 세계에서 하나만 건설할 수 있는 [COLOR_POSITIVE_TEXT]세계 불가사의[COLOR_XX]입니다.</Text>
    </Row>
    <Row Tag="TXT_KEY_WONDER_STONEHENGE_HELP">
      <Text>많은 [ICON_PEACE]신앙을 제공합니다.[NEWLINE][NEWLINE]이 불가사의는 전 세계에서 하나만 건설할 수 있는 [COLOR_POSITIVE_TEXT]세계 불가사의[COLOR_XX]입니다.</Text>
    </Row>
  </Language_KO_KR>
</GameData>