﻿<?xml version="1.0" encoding="utf-8"?>
<!--Generated with LocalizationBuddy. Modified by N-->
<!--Copyright Firaxis Games 2010-->
<!--All Rights Reserved-->
<GameData>
  <Language_KO_KR>
    <Row Tag="TXT_KEY_CITYSTATE_ANTWERP">
      <Text>앤트워프</Text>
	  <Plurality>2</Plurality>
    </Row>
    <Row Tag="TXT_KEY_CITYSTATE_ANTWERP_ADJ">
      <Text>[COLOR:240:240:140:255]앤트워프[COLOR_XX]의</Text>
    </Row>
    <Row Tag="TXT_KEY_CITYSTATE_CAHOKIA">
      <Text>카호키아</Text>
	  <Plurality>2</Plurality>
    </Row>
    <Row Tag="TXT_KEY_CITYSTATE_CAHOKIA_ADJ">
      <Text>[COLOR:240:240:140:255]카호키아[COLOR_XX]의</Text>
    </Row>
    <Row Tag="TXT_KEY_CITYSTATE_COLOMBO">
      <Text>콜롬보</Text>
	  <Plurality>2</Plurality>
    </Row>
    <Row Tag="TXT_KEY_CITYSTATE_COLOMBO_ADJ">
      <Text>[COLOR:240:240:140:255]콜롬보[COLOR_XX]의</Text>
    </Row>
    <Row Tag="TXT_KEY_CITYSTATE_HONG_KONG">
      <Text>홍콩</Text>
    </Row>
    <Row Tag="TXT_KEY_CITYSTATE_HONG_KONG_ADJ">
      <Text>[COLOR:240:240:140:255]홍콩[COLOR_XX]의</Text>
    </Row>
    <Row Tag="TXT_KEY_CITYSTATE_JERUSALEM">
      <Text>예루살렘</Text>
    </Row>
    <Row Tag="TXT_KEY_CITYSTATE_JERUSALEM_ADJ">
      <Text>[COLOR:240:240:140:255]예루살렘[COLOR_XX]의</Text>
    </Row>
    <Row Tag="TXT_KEY_CITYSTATE_LA_VENTA">
      <Text>라벤타</Text>
	  <Plurality>2</Plurality>
    </Row>
    <Row Tag="TXT_KEY_CITYSTATE_LA_VENTA_ADJ">
      <Text>[COLOR:240:240:140:255]라벤타[COLOR_XX]의</Text>
    </Row>
    <Row Tag="TXT_KEY_CITYSTATE_MANILA">
      <Text>마닐라</Text>
	  <Plurality>2</Plurality>
    </Row>
    <Row Tag="TXT_KEY_CITYSTATE_MANILA_ADJ">
      <Text>[COLOR:240:240:140:255]마닐라[COLOR_XX]의</Text>
    </Row>
    <Row Tag="TXT_KEY_CITYSTATE_MILAN">
      <Text>밀란</Text>
    </Row>
    <Row Tag="TXT_KEY_CITYSTATE_MILAN_ADJ">
      <Text>[COLOR:240:240:140:255]밀란[COLOR_XX]의</Text>
    </Row>
    <Row Tag="TXT_KEY_CITYSTATE_MOMBASA">
      <Text>몸바사</Text>
	  <Plurality>2</Plurality>
    </Row>
    <Row Tag="TXT_KEY_CITYSTATE_MOMBASA_ADJ">
      <Text>[COLOR:240:240:140:255]몸바사[COLOR_XX]의</Text>
    </Row>
    <Row Tag="TXT_KEY_CITYSTATE_PRAGUE">
      <Text>프라하</Text>
	  <Plurality>2</Plurality>
    </Row>
    <Row Tag="TXT_KEY_CITYSTATE_PRAGUE_ADJ">
      <Text>[COLOR:240:240:140:255]프라하[COLOR_XX]의</Text>
    </Row>
    <Row Tag="TXT_KEY_CITYSTATE_VALLETTA">
      <Text>발레타</Text>
	  <Plurality>2</Plurality>
    </Row>
    <Row Tag="TXT_KEY_CITYSTATE_VALLETTA_ADJ">
      <Text>[COLOR:240:240:140:255]발레타[COLOR_XX]의</Text>
    </Row>
    <Row Tag="TXT_KEY_CITYSTATE_VATICAN_CITY">
      <Text>바티칸 시티</Text>
	  <Plurality>2</Plurality>
    </Row>
    <Row Tag="TXT_KEY_CITYSTATE_VATICAN_CITY_ADJ">
      <Text>[COLOR:240:240:140:255]바티칸[COLOR_XX]의</Text>
    </Row>
    <Row Tag="TXT_KEY_CITYSTATE_WITTENBERG">
      <Text>비텐베르크</Text>
	  <Plurality>2</Plurality>
    </Row>
    <Row Tag="TXT_KEY_CITYSTATE_WITTENBERG_ADJ">
      <Text>[COLOR:240:240:140:255]비텐베르크[COLOR_XX]의</Text>
    </Row>
    <Row Tag="TXT_KEY_CITYSTATE_YEREVAN">
      <Text>예레반</Text>
    </Row>
    <Row Tag="TXT_KEY_CITYSTATE_YEREVAN_ADJ">
      <Text>[COLOR:240:240:140:255]예레반[COLOR_XX]의</Text>
    </Row>
    <Row Tag="TXT_KEY_CITYSTATE_ZANZIBAR">
      <Text>잔지바르</Text>
	  <Plurality>2</Plurality>
    </Row>
    <Row Tag="TXT_KEY_CITYSTATE_ZANZIBAR_ADJ">
      <Text>[COLOR:240:240:140:255]잔지바르[COLOR_XX]의</Text>
    </Row>
    <Row Tag="TXT_KEY_CITYSTATE_ZURICH">
      <Text>취리히</Text>
	  <Plurality>2</Plurality>
    </Row>
    <Row Tag="TXT_KEY_CITYSTATE_ZURICH_ADJ">
      <Text>[COLOR:240:240:140:255]취리히[COLOR_XX]의</Text>
    </Row>
  </Language_KO_KR>
</GameData>