﻿<?xml version="1.0" encoding="utf-8"?>
<!--Generated with LocalizationBuddy. Modified by N-->
<!--Copyright Firaxis Games 2010-->
<!--All Rights Reserved-->
<GameData>
  <Language_KO_KR>
    <Row Tag="TXT_KEY_SPY_NAME_ASSYRIA_0">
      <Text>아다파</Text>
	  <Plurality>2</Plurality>
    </Row>
    <Row Tag="TXT_KEY_SPY_NAME_ASSYRIA_1">
      <Text>쿠바바</Text>
	  <Plurality>2</Plurality>
    </Row>
    <Row Tag="TXT_KEY_SPY_NAME_ASSYRIA_2">
      <Text>나부</Text>
	  <Plurality>2</Plurality>
    </Row>
    <Row Tag="TXT_KEY_SPY_NAME_ASSYRIA_3">
      <Text>네갈</Text>
    </Row>
    <Row Tag="TXT_KEY_SPY_NAME_ASSYRIA_4">
      <Text>닐리</Text>
	  <Plurality>2</Plurality>
    </Row>
    <Row Tag="TXT_KEY_SPY_NAME_ASSYRIA_5">
      <Text>니누르타</Text>
	  <Plurality>2</Plurality>
    </Row>
    <Row Tag="TXT_KEY_SPY_NAME_ASSYRIA_6">
      <Text>니스로크</Text>
	  <Plurality>2</Plurality>
    </Row>
    <Row Tag="TXT_KEY_SPY_NAME_ASSYRIA_7">
      <Text>샤마시</Text>
	  <Plurality>2</Plurality>
    </Row>
    <Row Tag="TXT_KEY_SPY_NAME_ASSYRIA_8">
      <Text>파주주</Text>
	  <Plurality>2</Plurality>
    </Row>
    <Row Tag="TXT_KEY_SPY_NAME_ASSYRIA_9">
      <Text>큉우</Text>
	  <Plurality>2</Plurality>
    </Row>
    <Row Tag="TXT_KEY_SPY_NAME_BRAZIL_0">
      <Text>안토니오</Text>
	  <Plurality>2</Plurality>
    </Row>
    <Row Tag="TXT_KEY_SPY_NAME_BRAZIL_1">
      <Text>바톨로뮤</Text>
	  <Plurality>2</Plurality>
    </Row>
    <Row Tag="TXT_KEY_SPY_NAME_BRAZIL_2">
      <Text>도밍고</Text>
	  <Plurality>2</Plurality>
    </Row>
    <Row Tag="TXT_KEY_SPY_NAME_BRAZIL_3">
      <Text>에스테바오</Text>
	  <Plurality>2</Plurality>
    </Row>
    <Row Tag="TXT_KEY_SPY_NAME_BRAZIL_4">
      <Text>페르나오</Text>
	  <Plurality>2</Plurality>
    </Row>
    <Row Tag="TXT_KEY_SPY_NAME_BRAZIL_5">
      <Text>프란체스코</Text>
	  <Plurality>2</Plurality>
    </Row>
    <Row Tag="TXT_KEY_SPY_NAME_BRAZIL_6">
      <Text>파스코알</Text>
    </Row>
    <Row Tag="TXT_KEY_SPY_NAME_BRAZIL_7">
      <Text>살바도르</Text>
	  <Plurality>2</Plurality>
    </Row>
    <Row Tag="TXT_KEY_SPY_NAME_BRAZIL_8">
      <Text>토메</Text>
	  <Plurality>2</Plurality>
    </Row>
    <Row Tag="TXT_KEY_SPY_NAME_BRAZIL_9">
      <Text>비앙카</Text>
	  <Plurality>2</Plurality>
    </Row>
    <Row Tag="TXT_KEY_SPY_NAME_INDONESIA_0">
      <Text>아디챠와르만</Text>
    </Row>
    <Row Tag="TXT_KEY_SPY_NAME_INDONESIA_1">
      <Text>아이랑가</Text>
	  <Plurality>2</Plurality>
    </Row>
    <Row Tag="TXT_KEY_SPY_NAME_INDONESIA_2">
      <Text>시트라</Text>
	  <Plurality>2</Plurality>
    </Row>
    <Row Tag="TXT_KEY_SPY_NAME_INDONESIA_3">
      <Text>할라유하</Text>
	  <Plurality>2</Plurality>
    </Row>
    <Row Tag="TXT_KEY_SPY_NAME_INDONESIA_4">
      <Text>자야카트왕</Text>
    </Row>
    <Row Tag="TXT_KEY_SPY_NAME_INDONESIA_5">
      <Text>링가</Text>
	  <Plurality>2</Plurality>
    </Row>
    <Row Tag="TXT_KEY_SPY_NAME_INDONESIA_6">
      <Text>하헨드라다타</Text>
	  <Plurality>2</Plurality>
    </Row>
    <Row Tag="TXT_KEY_SPY_NAME_INDONESIA_7">
      <Text>프라파나</Text>
	  <Plurality>2</Plurality>
    </Row>
    <Row Tag="TXT_KEY_SPY_NAME_INDONESIA_8">
      <Text>라덴</Text>
    </Row>
    <Row Tag="TXT_KEY_SPY_NAME_INDONESIA_9">
      <Text>데비</Text>
	  <Plurality>2</Plurality>
    </Row>
    <Row Tag="TXT_KEY_SPY_NAME_MOROCCO_0">
      <Text>엘크림</Text>
    </Row>
    <Row Tag="TXT_KEY_SPY_NAME_MOROCCO_1">
      <Text>이븐바투타</Text>
	  <Plurality>2</Plurality>
    </Row>
    <Row Tag="TXT_KEY_SPY_NAME_MOROCCO_2">
      <Text>알자즈라</Text>
	  <Plurality>2</Plurality>
    </Row>
    <Row Tag="TXT_KEY_SPY_NAME_MOROCCO_3">
      <Text>알카히나</Text>
	  <Plurality>2</Plurality>
    </Row>
    <Row Tag="TXT_KEY_SPY_NAME_MOROCCO_4">
      <Text>하유즈</Text>
	  <Plurality>2</Plurality>
    </Row>
    <Row Tag="TXT_KEY_SPY_NAME_MOROCCO_5">
      <Text>쿠사일라</Text>
	  <Plurality>2</Plurality>
    </Row>
    <Row Tag="TXT_KEY_SPY_NAME_MOROCCO_6">
      <Text>알이드리시</Text>
	  <Plurality>2</Plurality>
    </Row>
    <Row Tag="TXT_KEY_SPY_NAME_MOROCCO_7">
      <Text>살리</Text>
	  <Plurality>2</Plurality>
    </Row>
    <Row Tag="TXT_KEY_SPY_NAME_MOROCCO_8">
      <Text>타리크</Text>
	  <Plurality>2</Plurality>
    </Row>
    <Row Tag="TXT_KEY_SPY_NAME_MOROCCO_9">
      <Text>디야</Text>
	  <Plurality>2</Plurality>
    </Row>
    <Row Tag="TXT_KEY_SPY_NAME_POLAND_0">
      <Text>빈첸티</Text>
	  <Plurality>2</Plurality>
    </Row>
    <Row Tag="TXT_KEY_SPY_NAME_POLAND_1">
      <Text>로만</Text>
    </Row>
    <Row Tag="TXT_KEY_SPY_NAME_POLAND_2">
      <Text>베니타</Text>
	  <Plurality>2</Plurality>
    </Row>
    <Row Tag="TXT_KEY_SPY_NAME_POLAND_3">
      <Text>얀</Text>
    </Row>
    <Row Tag="TXT_KEY_SPY_NAME_POLAND_4">
      <Text>카지미에즈</Text>
	  <Plurality>2</Plurality>
    </Row>
    <Row Tag="TXT_KEY_SPY_NAME_POLAND_5">
      <Text>요세프</Text>
	  <Plurality>2</Plurality>
    </Row>
    <Row Tag="TXT_KEY_SPY_NAME_POLAND_6">
      <Text>크리스티나 스카르벡</Text>
    </Row>
    <Row Tag="TXT_KEY_SPY_NAME_POLAND_7">
      <Text>타르노프스키</Text>
	  <Plurality>2</Plurality>
    </Row>
    <Row Tag="TXT_KEY_SPY_NAME_POLAND_8">
      <Text>마리안</Text>
    </Row>
    <Row Tag="TXT_KEY_SPY_NAME_POLAND_9">
      <Text>알렌카</Text>
	  <Plurality>2</Plurality>
    </Row>
    <Row Tag="TXT_KEY_SPY_NAME_PORTUGAL_0">
      <Text>프란시스코</Text>
	  <Plurality>2</Plurality>
    </Row>
    <Row Tag="TXT_KEY_SPY_NAME_PORTUGAL_1">
      <Text>가스파</Text>
	  <Plurality>2</Plurality>
    </Row>
    <Row Tag="TXT_KEY_SPY_NAME_PORTUGAL_2">
      <Text>알바로</Text>
	  <Plurality>2</Plurality>
    </Row>
    <Row Tag="TXT_KEY_SPY_NAME_PORTUGAL_3">
      <Text>벤토</Text>
	  <Plurality>2</Plurality>
    </Row>
    <Row Tag="TXT_KEY_SPY_NAME_PORTUGAL_4">
      <Text>로베르토</Text>
	  <Plurality>2</Plurality>
    </Row>
    <Row Tag="TXT_KEY_SPY_NAME_PORTUGAL_5">
      <Text>알퐁소</Text>
	  <Plurality>2</Plurality>
    </Row>
    <Row Tag="TXT_KEY_SPY_NAME_PORTUGAL_6">
      <Text>갈리오테</Text>
	  <Plurality>2</Plurality>
    </Row>
    <Row Tag="TXT_KEY_SPY_NAME_PORTUGAL_7">
      <Text>디오고</Text>
	  <Plurality>2</Plurality>
    </Row>
    <Row Tag="TXT_KEY_SPY_NAME_PORTUGAL_8">
      <Text>엘리아나</Text>
	  <Plurality>2</Plurality>
    </Row>
    <Row Tag="TXT_KEY_SPY_NAME_PORTUGAL_9">
      <Text>오리아나</Text>
	  <Plurality>2</Plurality>
    </Row>
    <Row Tag="TXT_KEY_SPY_NAME_SHOSHONE_0">
      <Text>카메화이트</Text>
	  <Plurality>2</Plurality>
    </Row>
    <Row Tag="TXT_KEY_SPY_NAME_SHOSHONE_1">
      <Text>온동가테</Text>
	  <Plurality>2</Plurality>
    </Row>
    <Row Tag="TXT_KEY_SPY_NAME_SHOSHONE_2">
      <Text>퀴나</Text>
	  <Plurality>2</Plurality>
    </Row>
    <Row Tag="TXT_KEY_SPY_NAME_SHOSHONE_3">
      <Text>푸그위니</Text>
	  <Plurality>2</Plurality>
    </Row>
    <Row Tag="TXT_KEY_SPY_NAME_SHOSHONE_4">
      <Text>사카자위아</Text>
	  <Plurality>2</Plurality>
    </Row>
    <Row Tag="TXT_KEY_SPY_NAME_SHOSHONE_5">
      <Text>사그위치</Text>
	  <Plurality>2</Plurality>
    </Row>
    <Row Tag="TXT_KEY_SPY_NAME_SHOSHONE_6">
      <Text>산피치</Text>
	  <Plurality>2</Plurality>
    </Row>
    <Row Tag="TXT_KEY_SPY_NAME_SHOSHONE_7">
      <Text>테토하르스키</Text>
	  <Plurality>2</Plurality>
    </Row>
    <Row Tag="TXT_KEY_SPY_NAME_SHOSHONE_8">
      <Text>투지얌모</Text>
	  <Plurality>2</Plurality>
    </Row>
    <Row Tag="TXT_KEY_SPY_NAME_SHOSHONE_9">
      <Text>무과이얀</Text>
    </Row>
    <Row Tag="TXT_KEY_SPY_NAME_VENICE_0">
      <Text>가스파로</Text>
	  <Plurality>2</Plurality>
    </Row>
    <Row Tag="TXT_KEY_SPY_NAME_VENICE_1">
      <Text>지오사파트</Text>
	  <Plurality>2</Plurality>
    </Row>
    <Row Tag="TXT_KEY_SPY_NAME_VENICE_2">
      <Text>엠브로지오</Text>
	  <Plurality>2</Plurality>
    </Row>
    <Row Tag="TXT_KEY_SPY_NAME_VENICE_3">
      <Text>니콜로</Text>
	  <Plurality>2</Plurality>
    </Row>
    <Row Tag="TXT_KEY_SPY_NAME_VENICE_4">
      <Text>마리노</Text>
	  <Plurality>2</Plurality>
    </Row>
    <Row Tag="TXT_KEY_SPY_NAME_VENICE_5">
      <Text>체사레</Text>
	  <Plurality>2</Plurality>
    </Row>
    <Row Tag="TXT_KEY_SPY_NAME_VENICE_6">
      <Text>프란체스코</Text>
	  <Plurality>2</Plurality>
    </Row>
    <Row Tag="TXT_KEY_SPY_NAME_VENICE_7">
      <Text>지오반니</Text>
	  <Plurality>2</Plurality>
    </Row>
    <Row Tag="TXT_KEY_SPY_NAME_VENICE_8">
      <Text>바톨로메</Text>
	  <Plurality>2</Plurality>
    </Row>
    <Row Tag="TXT_KEY_SPY_NAME_VENICE_9">
      <Text>필로메나</Text>
	  <Plurality>2</Plurality>
    </Row>
    <Row Tag="TXT_KEY_SPY_NAME_ZULU_0">
      <Text>구메데</Text>
	  <Plurality>2</Plurality>
    </Row>
    <Row Tag="TXT_KEY_SPY_NAME_ZULU_1">
      <Text>자마</Text>
	  <Plurality>2</Plurality>
    </Row>
    <Row Tag="TXT_KEY_SPY_NAME_ZULU_2">
      <Text>마제바</Text>
	  <Plurality>2</Plurality>
    </Row>
    <Row Tag="TXT_KEY_SPY_NAME_ZULU_3">
      <Text>말란다</Text>
	  <Plurality>2</Plurality>
    </Row>
    <Row Tag="TXT_KEY_SPY_NAME_ZULU_4">
      <Text>응구니</Text>
	  <Plurality>2</Plurality>
    </Row>
    <Row Tag="TXT_KEY_SPY_NAME_ZULU_5">
      <Text>다바</Text>
	  <Plurality>2</Plurality>
    </Row>
    <Row Tag="TXT_KEY_SPY_NAME_ZULU_6">
      <Text>푼가</Text>
	  <Plurality>2</Plurality>
    </Row>
    <Row Tag="TXT_KEY_SPY_NAME_ZULU_7">
      <Text>센자카코나</Text>
	  <Plurality>2</Plurality>
    </Row>
    <Row Tag="TXT_KEY_SPY_NAME_ZULU_8">
      <Text>발룽길</Text>
    </Row>
    <Row Tag="TXT_KEY_SPY_NAME_ZULU_9">
      <Text>삼켈리시웨</Text>
	  <Plurality>2</Plurality>
    </Row>
  </Language_KO_KR>
</GameData>