﻿<?xml version="1.0" encoding="utf-8"?>
<!--Generated with LocalizationBuddy. Modified by N-->
<!--Copyright Firaxis Games 2010-->
<!--All Rights Reserved-->
<GameData>
  <Language_KO_KR>
    <Row Tag="TXT_KEY_CIVIL_WAR_SCENARIO_CITY_NAME_ALEXANDRIA">
      <Text>알렉산드리아</Text>
	  <Plurality>2</Plurality>
    </Row>
    <Row Tag="TXT_KEY_CIVIL_WAR_SCENARIO_CITY_NAME_ANNAPOLIS">
      <Text>아나폴리스</Text>
	  <Plurality>2</Plurality>
    </Row>
    <Row Tag="TXT_KEY_CIVIL_WAR_SCENARIO_CITY_NAME_APPOMATTOX">
      <Text>애퍼매톡스</Text>
	  <Plurality>2</Plurality>
    </Row>
    <Row Tag="TXT_KEY_CIVIL_WAR_SCENARIO_CITY_NAME_ASHLAND">
      <Text>애슐랜드</Text>
	  <Plurality>2</Plurality>
    </Row>
    <Row Tag="TXT_KEY_CIVIL_WAR_SCENARIO_CITY_NAME_BALTIMORE">
      <Text>볼티모어</Text>
	  <Plurality>2</Plurality>
    </Row>
    <Row Tag="TXT_KEY_CIVIL_WAR_SCENARIO_CITY_NAME_CARLISLE">
      <Text>칼라일</Text>
    </Row>
    <Row Tag="TXT_KEY_CIVIL_WAR_SCENARIO_CITY_NAME_CHAMBERSBURG">
      <Text>쳄버즈버그</Text>
	  <Plurality>2</Plurality>
    </Row>
    <Row Tag="TXT_KEY_CIVIL_WAR_SCENARIO_CITY_NAME_CHARLOTTESVILLE">
      <Text>샬로츠빌</Text>
    </Row>
    <Row Tag="TXT_KEY_CIVIL_WAR_SCENARIO_CITY_NAME_CULPEPER">
      <Text>컬페퍼</Text>
	  <Plurality>2</Plurality>
    </Row>
    <Row Tag="TXT_KEY_CIVIL_WAR_SCENARIO_CITY_NAME_CUMBERLAND">
      <Text>컴벌랜드</Text>
	  <Plurality>2</Plurality>
    </Row>
    <Row Tag="TXT_KEY_CIVIL_WAR_SCENARIO_CITY_NAME_FAIRFAX">
      <Text>페어팩스</Text>
	  <Plurality>2</Plurality>
    </Row>
    <Row Tag="TXT_KEY_CIVIL_WAR_SCENARIO_CITY_NAME_FORT_MONROE">
      <Text>포트 먼로</Text>
	  <Plurality>2</Plurality>
    </Row>
    <Row Tag="TXT_KEY_CIVIL_WAR_SCENARIO_CITY_NAME_FREDERICK">
      <Text>프레드리히</Text>
	  <Plurality>2</Plurality>
    </Row>
    <Row Tag="TXT_KEY_CIVIL_WAR_SCENARIO_CITY_NAME_FREDERICKSBURG">
      <Text>프레데릭스버그</Text>
	  <Plurality>2</Plurality>
    </Row>
    <Row Tag="TXT_KEY_CIVIL_WAR_SCENARIO_CITY_NAME_FRONT_ROYAL">
      <Text>프런트 로열</Text>
    </Row>
    <Row Tag="TXT_KEY_CIVIL_WAR_SCENARIO_CITY_NAME_GETTYSBURG">
      <Text>게티즈버그</Text>
	  <Plurality>2</Plurality>
    </Row>
    <Row Tag="TXT_KEY_CIVIL_WAR_SCENARIO_CITY_NAME_GORDONSVILLE">
      <Text>고든스빌</Text>
    </Row>
    <Row Tag="TXT_KEY_CIVIL_WAR_SCENARIO_CITY_NAME_HAGERSTOWN">
      <Text>헤이거즈타운</Text>
	  <Plurality>2</Plurality>
    </Row>
    <Row Tag="TXT_KEY_CIVIL_WAR_SCENARIO_CITY_NAME_HANCOCK">
      <Text>행콕</Text>
    </Row>
    <Row Tag="TXT_KEY_CIVIL_WAR_SCENARIO_CITY_NAME_HANOVER">
      <Text>하노버</Text>
	  <Plurality>2</Plurality>
    </Row>
    <Row Tag="TXT_KEY_CIVIL_WAR_SCENARIO_CITY_NAME_HARPERS_FERRY">
      <Text>하퍼즈 페리</Text>
	  <Plurality>2</Plurality>
    </Row>
    <Row Tag="TXT_KEY_CIVIL_WAR_SCENARIO_CITY_NAME_HARRISBURG">
      <Text>해리스버그</Text>
	  <Plurality>2</Plurality>
    </Row>
    <Row Tag="TXT_KEY_CIVIL_WAR_SCENARIO_CITY_NAME_HARRISONBURG">
      <Text>해리슨버그</Text>
	  <Plurality>2</Plurality>
    </Row>
    <Row Tag="TXT_KEY_CIVIL_WAR_SCENARIO_CITY_NAME_HAVRE_DE_GRACE">
      <Text>하버 디그레이스</Text>
	  <Plurality>2</Plurality>
    </Row>
    <Row Tag="TXT_KEY_CIVIL_WAR_SCENARIO_CITY_NAME_LANCASTER">
      <Text>랭커스터</Text>
	  <Plurality>2</Plurality>
    </Row>
    <Row Tag="TXT_KEY_CIVIL_WAR_SCENARIO_CITY_NAME_LAUREL">
      <Text>로럴</Text>
    </Row>
    <Row Tag="TXT_KEY_CIVIL_WAR_SCENARIO_CITY_NAME_LEESBURG">
      <Text>리즈버그</Text>
	  <Plurality>2</Plurality>
    </Row>
    <Row Tag="TXT_KEY_CIVIL_WAR_SCENARIO_CITY_NAME_LYNCHBURG">
      <Text>린치버그</Text>
	  <Plurality>2</Plurality>
    </Row>
    <Row Tag="TXT_KEY_CIVIL_WAR_SCENARIO_CITY_NAME_MANASSAS">
      <Text>매너서스</Text>
	  <Plurality>2</Plurality>
    </Row>
    <Row Tag="TXT_KEY_CIVIL_WAR_SCENARIO_CITY_NAME_MARTINSBURG">
      <Text>마틴즈버그</Text>
	  <Plurality>2</Plurality>
    </Row>
    <Row Tag="TXT_KEY_CIVIL_WAR_SCENARIO_CITY_NAME_MOOREFIELD">
      <Text>무어필드</Text>
	  <Plurality>2</Plurality>
    </Row>
    <Row Tag="TXT_KEY_CIVIL_WAR_SCENARIO_CITY_NAME_NEW_MARKET">
      <Text>뉴마켓</Text>
    </Row>
    <Row Tag="TXT_KEY_CIVIL_WAR_SCENARIO_CITY_NAME_NORFOLK">
      <Text>노퍽</Text>
    </Row>
    <Row Tag="TXT_KEY_CIVIL_WAR_SCENARIO_CITY_NAME_NOTTOWAY">
      <Text>노토웨이 코트하우스</Text>
	  <Plurality>2</Plurality>
    </Row>
    <Row Tag="TXT_KEY_CIVIL_WAR_SCENARIO_CITY_NAME_PETERSBURG">
      <Text>피터즈버그</Text>
	  <Plurality>2</Plurality>
    </Row>
    <Row Tag="TXT_KEY_CIVIL_WAR_SCENARIO_CITY_NAME_RICHMOND">
      <Text>리치먼드</Text>
	  <Plurality>2</Plurality>
    </Row>
    <Row Tag="TXT_KEY_CIVIL_WAR_SCENARIO_CITY_NAME_ROMNEY">
      <Text>롬니</Text>
	  <Plurality>2</Plurality>
    </Row>
    <Row Tag="TXT_KEY_CIVIL_WAR_SCENARIO_CITY_NAME_STAUNTON">
      <Text>스톤튼</Text>
    </Row>
    <Row Tag="TXT_KEY_CIVIL_WAR_SCENARIO_CITY_NAME_TAPPAHANNOCK">
      <Text>태퍼해녹</Text>
    </Row>
    <Row Tag="TXT_KEY_CIVIL_WAR_SCENARIO_CITY_NAME_WARRENTON">
      <Text>워렌턴</Text>
    </Row>
    <Row Tag="TXT_KEY_CIVIL_WAR_SCENARIO_CITY_NAME_WASHINGTON">
      <Text>워싱턴</Text>
    </Row>
    <Row Tag="TXT_KEY_CIVIL_WAR_SCENARIO_CITY_NAME_WESTMINSTER">
      <Text>웨스트민스터</Text>
	  <Plurality>2</Plurality>
    </Row>
    <Row Tag="TXT_KEY_CIVIL_WAR_SCENARIO_CITY_NAME_WILLIAMSBURG">
      <Text>윌리엄즈버그</Text>
	  <Plurality>2</Plurality>
    </Row>
    <Row Tag="TXT_KEY_CIVIL_WAR_SCENARIO_CITY_NAME_WINCHESTER">
      <Text>윈체스터</Text>
	  <Plurality>2</Plurality>
    </Row>
    <Row Tag="TXT_KEY_CIVIL_WAR_SCENARIO_CITY_NAME_YORK">
      <Text>요크</Text>
	  <Plurality>2</Plurality>
    </Row>
  </Language_KO_KR>
</GameData>