﻿<?xml version="1.0" encoding="utf-8"?>
<!--Generated with LocalizationBuddy. Modified by N-->
<!--Copyright Firaxis Games 2010-->
<!--All Rights Reserved-->
<GameData>
  <Language_KO_KR>
    <Row Tag="TXT_KEY_BUILD_PONTOON_BRIDGE">
      <Text>[LINK=IMPROVEMENT_PONTOON_BRIDGE]부교[\LINK] 건설</Text>
    </Row>
    <Row Tag="TXT_KEY_BUILD_PONTOON_BRIDGE_HELP">
      <Text>지상 유닛이 연안 타일을 이동할 수 있습니다. 육지 타일이 4개 이상 인접한 연안 타일에만 건설할 수 있습니다. 승선한 공병으로 건설할 수 있으며 부교 건설에 동원된 공병은 소모됩니다. </Text>
    </Row>
    <Row Tag="TXT_KEY_BUILD_PONTOON_BRIDGE_REC">
      <Text>부교를 건설하면 이 타일에서 지상 유닛이 이동할 수 있습니다.</Text>
    </Row>
    <Row Tag="TXT_KEY_CIVIL_WAR_SCENARIO_AMBROSE_BURNSIDE">
      <Text>앰브로스 번사이드</Text>
    </Row>
    <Row Tag="TXT_KEY_CIVIL_WAR_SCENARIO_BLOCKADE_RUNNER_THEIRS">
      <Text>남부연합의 {1_UnitName}(이)가 해안 경비대를 피해 유럽으로 출항했습니다. 이 배에는 [ICON_GOLD]골드 {2_GoldAmount}어치의 목화가 실려있습니다. </Text>
    </Row>
    <Row Tag="TXT_KEY_CIVIL_WAR_SCENARIO_BLOCKADE_RUNNER_YOURS">
      <Text>{1_UnitName}(이)가 북부의 해상 봉쇄를 뚫고 유럽에 도착해 [ICON_GOLD]골드 {2_GoldAmount}어치의 목화를 팔았습니다. </Text>
    </Row>
    <Row Tag="TXT_KEY_CIVIL_WAR_SCENARIO_BRIEFING_BUTTON">
      <Text>브리핑</Text>
    </Row>
    <Row Tag="TXT_KEY_CIVIL_WAR_SCENARIO_BUILD_RAILROAD_HELP">
      <Text>도로가 끊어지지 않고 연결되어 있으면 유닛이 타일 사이를 더 빠르게 이동할 수 있습니다.[NEWLINE][NEWLINE]수도와 도시를 도로로 연결하면 [ICON PRODUCTION]생산이 25% 증가합니다.</Text>
    </Row>
    <Row Tag="TXT_KEY_CIVIL_WAR_SCENARIO_BUILD_ROAD_HELP">
      <Text>도로가 끊어지지 않고 연결되어 있으면 유닛이 타일 사이를 더 빠르게 이동할 수 있습니다.[NEWLINE][NEWLINE]수도와 도시를 도로로 연결하면 매 턴마다 많은 양의 [ICON GOLD]골드를 받습니다.</Text>
    </Row>
    <Row Tag="TXT_KEY_CIVIL_WAR_SCENARIO_CIV_ENGLAND_HEADING_1">
      <Text>역사</Text>
    </Row>
    <Row Tag="TXT_KEY_CIVIL_WAR_SCENARIO_CIV_ENGLAND_TEXT_1">
      <Text>아메리카 남부연합은 1860년에 대통령으로 당선된 에이브라함 링컨 정부가 들어선 미국으로부터 독립하기로 한 남부 주들이 택한 이름이다. 남부연합은 노예제도에 대한 링컨의 의견을 헌법에서 벗어나 분리 독립할 수 있는 권리를 포함하여 각 주의 독립적인 권리에 대한 침해 행위로 보고, 분리 독립하였다.[NEWLINE][NEWLINE]남부연합 대통령인 제퍼슨 데이비스는 북부의 라이벌과 비슷하게, 병참 문제만이 아니라 남부군의 군사 전략과 인력 운용까지 직접 감독하였다. 남부연합은 우수한 무기, 더 많은 인구, 더 많은 전쟁 물자를 가진 적과 마주하게 되었다. 그러나 이런 문제들도 전투를 앞둔 남부군의 사기를 꺾을 순 없었다. 그들에게 이 전쟁은 생존과 연방 정부에 맞서는 모든 주의 독립적인 권리를 위한 것이었다.</Text>
    </Row>
    <Row Tag="TXT_KEY_CIVIL_WAR_SCENARIO_CIV_UNITEDSTATES_HEADING_1">
      <Text>역사</Text>
    </Row>
    <Row Tag="TXT_KEY_CIVIL_WAR_SCENARIO_CIV_UNITEDSTATES_TEXT_1">
      <Text>남북전쟁을 치르는 동안 미 연방 정부 편에 선 주들을 합중국이라 불렀다. 연방 정부의 명령 없이도 이미 노예제도를 폐지한 주들이 대부분으로, 모두 20개 주였다. 또한, 북군에는 노예제가 있던 경계주 다섯 개도 거느렸다. 남북전쟁에서 병참 수송과 전략을 모두 감독한 에이브라함 링컨 대통령이 북군을 이끌었다.[NEWLINE][NEWLINE]전쟁이 시작했을 때 북부는 남부보다 더 산업화하여 있었기에 북군은 전쟁에 투자할 더 많은 자원과 인구가 있었다. 또한, 병사로 충원할 수 있는 인구가 훨씬 많아서, 남쪽의 거의 4배를 넘었다. 그러나 이런 이점에도 북부군은 남부 주를 되찾는 데 어려움을 겪었다. 남부군은 노련한 장교들이 이끌었고, 근거지 방어전으로 지형을 잘 알고 있다는 뚜렷한 이점이 있었다.</Text>
    </Row>
    <Row Tag="TXT_KEY_CIVIL_WAR_SCENARIO_CIV5_DAWN_TEXT">
      <Text>시나리오 설명[NEWLINE]1861년 4월 12일, 남부군은 찰스턴 항에 있는 섬터 요새에 박격포를 날려 미국 남북전쟁의 시작을 알렸습니다. 에이브라함 링컨 대통령은 90일간 입대 지원자를 소집했고, 반란군은 단기간에 진압될 것이라고 자신했습니다. 남부 연합이 새로 선출한 제퍼슨 데이비스도 똑같이 낙관적이었습니다. 데이비스는 워싱턴에서 160킬로미터 거리에 있는 버지니아 주 리치몬드로 수도를 옮기기까지 했습니다. 양쪽이 예상하는 대로 신속한 승리를 거두시겠습니까? 아니면 이 전쟁으로 자유를 꿈꾸는 나라가 얼마나 오랫동안 견딜지 시험하시겠습니까?[NEWLINE][NEWLINE]승리 조건[NEWLINE]시간이 다하기 전에 적군의 수도를 점령하여 승리하십시오.[NEWLINE][NEWLINE]특별 규칙[NEWLINE]도시 파괴와 개척자는 꺼져 있습니다. 생산 건물을 가진 도시만 유닛을 생산할 수 있습니다. 보병을 생산하는 군수창고, 기병대를 생산하는 마구간, 야포를 생산하는 철공사, 해상 유닛을 생산하는 해군 공창 등이 있습니다. 적의 도시를 점령하여 생산 중심지와 보병 유닛에 필요한 인적 자원을 획득하십시오. 먼저 움직이는 플레이어의 모든 유닛은 시작하는 턴에 일반 이동 거리의 절반만 움직입니다. 도시는 원거리 공격을 갖추고 있지 않으며 주둔군의 공격력보다 높은 최소한의 방어력만 갖추고 있습니다. 위대한 장군의 범위가 5로 증가 되며 사망하지 않고 근처 도시로 배치됩니다.</Text>
    </Row>
    <Row Tag="TXT_KEY_CIVIL_WAR_SCENARIO_CIV5_IMPROVEMENTS_CITADEL_TEXT">
      <Text>성채는 기술자만이 건설할 수 있는 웅장한 요새입니다. 성채를 건설하면 성채 주위로 문화 경계가 한 타일씩 늘어납니다. 성채 안에 있는 모든 유닛은 100%의 방어력 보너스를 받으며 성채 옆에서 턴을 종료하는 모든 적 유닛은 30의 피해를 받습니다. 유닛 옆에 성채가 여럿 있어도 이 피해는 한 번만 받습니다.</Text>
    </Row>
    <Row Tag="TXT_KEY_CIVIL_WAR_SCENARIO_DESC">
      <Text>1861년부터 1865년까지 미국은 남북전쟁을 겪었습니다. 남북전쟁에서 전투는 주로 수도 워싱턴과 리치먼드 주변에서 집중적으로 일어났습니다. 당신은 역사의 발자취를 따르겠습니까 아니면 새로운 역사를 쓰시겠습니까?</Text>
    </Row>
    <Row Tag="TXT_KEY_CIVIL_WAR_SCENARIO_EO_EX_IMPROVEMENTS">
      <Text>당신이 건설했거나 관리하는 도로와 철도 유지비입니다.</Text>
    </Row>
    <Row Tag="TXT_KEY_CIVIL_WAR_SCENARIO_EVENT_BURNSIDE">
      <Text>새 연합 장군: 조 후커[NEWLINE][NEWLINE]{1_CityName}에서의 패전 이후 링컨은 연합 장군 자리를 새로운 인물로 대체할 필요성을 느끼게 됩니다. 조 후커가 그 자리를 맡게 되었습니다. 조 후커는 20% 보정치를 제공합니다.</Text>
    </Row>
    <Row Tag="TXT_KEY_CIVIL_WAR_SCENARIO_EVENT_CALL_VOLUNTEERS">
      <Text>북부군을 위한 이벤트: 입대 지원자 소집[NEWLINE][NEWLINE]에이브라함 링컨의 입대 지원자 긴급소집에 참여자가 나타났습니다. {1_Num}개의 북부군 보병사단이 북동부지역에서 철로를 통해 지금 도착했습니다. </Text>
    </Row>
    <Row Tag="TXT_KEY_CIVIL_WAR_SCENARIO_EVENT_CLARA_BARTON">
      <Text>북부군을 위한 이벤트: 클라라 바톤[NEWLINE][NEWLINE]인도주의자 클라라 바톤이 전장에 위치한 북부군 야전 병원의 책임자로 임명되었습니다. "전장의 천사" 클라라 바톤의 노력으로, 북부군의 인력이 {1_Num} 증가합니다. </Text>
    </Row>
    <Row Tag="TXT_KEY_CIVIL_WAR_SCENARIO_EVENT_COTTON_PRICES">
      <Text>남부연합군을 위한 이벤트: 목화 가격[NEWLINE][NEWLINE]유럽에서 목화가격이 치솟고 있습니다. 남부연합군이 밀항으로 벌어들이는 수익이 급증하고 있습니다. 남부연합군의 골드가 {1_Num} 증가합니다. </Text>
    </Row>
    <Row Tag="TXT_KEY_CIVIL_WAR_SCENARIO_EVENT_CSA_INFLATION">
      <Text>북부군을 위한 이벤트: 남부연합군 화폐 인플레이션[NEWLINE][NEWLINE]남부연합군의 화폐 가치가 낮아졌습니다! 남부연합군이 보유한 [ICON_GOLD]골드가 {1_Num}% 감소했습니다.</Text>
    </Row>
    <Row Tag="TXT_KEY_CIVIL_WAR_SCENARIO_EVENT_EMANCIPATION">
      <Text>북부군을 위한 이벤트: 노예 해방 선언[NEWLINE][NEWLINE]에이브라함 링컨이 남부연합 지역 모든 노예에 대한 해방 선언문을 공표했습니다. 북부군의 인력이 {1_Num} 증가합니다. </Text>
    </Row>
    <Row Tag="TXT_KEY_CIVIL_WAR_SCENARIO_EVENT_GEORGE_RAINS">
      <Text>남부연합군을 위한 이벤트: 조지 W. 레인스[NEWLINE][NEWLINE]조지 워싱턴 레인스와 그의 형 가브리엘은 폭발 장치를 연구해왔습니다. 이 위대한 과학자는 남부연합군을 도와 야포의 성능을 향상하는 등 새로운 기술 개발에 한몫할 수 있습니다.</Text>
    </Row>
    <Row Tag="TXT_KEY_CIVIL_WAR_SCENARIO_EVENT_GRANT">
      <Text>새로운 북부군 지휘관: 율리시스 그랜트[NEWLINE][NEWLINE]링컨이 마침내 전쟁을 승리로 이끌 지휘관을 찾아냈습니다. 서부 전장에서 수많은 공을 새운 율리시스 그랜트가 동부로 와서 지휘관으로 임명되었습니다. 율리시스 그랜트는 30%의 보정치를 제공하며 주변 5타일 이내에 있는 아군은 턴 시작 시 [ICON_MOVES] 이동이 1 증가합니다. </Text>
    </Row>
    <Row Tag="TXT_KEY_CIVIL_WAR_SCENARIO_EVENT_HOOKER">
      <Text>새로운 북부군 지휘관: 앰브로스 번사이드[NEWLINE][NEWLINE]{1_CityName}에서의 패배 이후 링컨은 연합 장군 자리를 새로운 인물로 대체할 필요성을 느끼게 됩니다. 앰브로스 번사이드가 지휘관으로 임명되었습니다. 앰브로스 번사이드가 제공하는 보정치는 10%에 불과하지만, 이동 중에 포토맥 군대를 얻을 수 있습니다. 주변 5타일 이내에 있는 아군은 턴 시작 시 [ICON_MOVES] 이동이 1 증가합니다.</Text>
    </Row>
    <Row Tag="TXT_KEY_CIVIL_WAR_SCENARIO_EVENT_JOHN_ERICSSON">
      <Text>북부군을 위한 이벤트: 존 에릭슨[NEWLINE][NEWLINE]스웨덴 태생의 발명가 존 에릭슨이 북부군을 지지합니다. 이 위대한 과학자는 북부군을 도와 철갑선 모니터호와 같은 새로운 기술 개발에 도움을 줄 수 있습니다.</Text>
    </Row>
    <Row Tag="TXT_KEY_CIVIL_WAR_SCENARIO_EVENT_LEE_ARRIVES">
      <Text>남부연합군을 위한 이벤트: 지휘관 로버트 E. 리[NEWLINE][NEWLINE]조 존스턴이 전투 중에 부상당했습니다. 로버트 E. 리가 북부 버지니아군의 지휘관으로 승진했습니다. 이 때문에 남부연합군의 위대한 장군 보정치가 20%에서 30%로 증가했습니다. 주변 5타일 이내에 있는 아군은 턴 시작 시 [ICON_MOVES] 이동이 1 증가합니다.</Text>
    </Row>
    <Row Tag="TXT_KEY_CIVIL_WAR_SCENARIO_EVENT_MCCLELLAN">
      <Text>새로운 북부군 지휘관: 조지 멕클레란[NEWLINE][NEWLINE]{1_CityName}에서의 패배 이후 링컨은 연합 장군 자리를 새로운 인물로 대체할 필요성을 느끼게 됩니다. 조지 멕클레란이 지휘관으로 임명되었습니다. 조지 멕클레란이 제공하는 보정치는 10%에 불과합니다. 하지만 조지 멕클레란은 새로운 군대를 훈련하는데 아주 능숙합니다. 보병 유닛을 생산하는 도시에 조지 멕클레란이 있으면, 1개의 유닛 생산과 동시에 두 번째 유닛이 즉시 생산됩니다.</Text>
    </Row>
    <Row Tag="TXT_KEY_CIVIL_WAR_SCENARIO_EVENT_MEADE">
      <Text>새로운 북부군 지휘관: 조지 멕클레란[NEWLINE][NEWLINE]{1_CityName}에서의 패배 이후 링컨은 연합 장군 자리를 새로운 인물로 대체할 필요성을 느끼게 됩니다. 조지 멕클레란이 지휘관으로 임명되었으며 탁월한 리더십을 발휘합니다. 조지 멕클레란은 30%의 높은 보정치를 제공합니다.</Text>
    </Row>
    <Row Tag="TXT_KEY_CIVIL_WAR_SCENARIO_EVENT_MOSBYS_RAIDERS">
      <Text>남부연합군을 위한 이벤트: 모스비의 강습부대[NEWLINE][NEWLINE]남부연합군의 지지세력인 존 S. 모스비가 이끄는 강습부대가 북부 버지니아에서 북부군의 주요 마차 행렬을 포획하였습니다. 현재 북부군이 보유한 [ICON_GOLD]골드의 {1_Num}%를 남부연합군이 탈취했습니다.</Text>
    </Row>
    <Row Tag="TXT_KEY_CIVIL_WAR_SCENARIO_EVENT_NYC_DRAFT_RIOTS">
      <Text>남부연합군을 위한 이벤트: 뉴욕 징병거부 폭동[NEWLINE][NEWLINE]뉴욕에서 시민소요 사태가 일어났습니다! 최근 북부군이 내놓은 징병법에 반발한 봉기가 일어났습니다. 시위를 진압하기 위해 군병력을 투입해야 합니다. 북부군의 인력이 {1_Num}만큼 감소했습니다. </Text>
    </Row>
    <Row Tag="TXT_KEY_CIVIL_WAR_SCENARIO_EVENT_WESTERN_CRISIS">
      <Text>북부군을 위한 이벤트: 서부의 위기[NEWLINE][NEWLINE]북부군은 빅스버그에서 거둔 승리로 서부에 있는 남부군 병력에 혼란을 가중시켰습니다. 미시시피 지역으로 증원군을 파병해야 합니다. 남부군의 인력이 {1_Num}만큼 감소했습니다.</Text>
    </Row>
    <Row Tag="TXT_KEY_CIVIL_WAR_SCENARIO_EVENT_WESTERN_RAIL">
      <Text>남부연합군을 위한 이벤트: 서부의 증원군[NEWLINE][NEWLINE]남부연합군 {1_Num}개 보병사단이 서부 전장으로부터 철로를 이용해 방금 도착하였습니다. 이곳 동부 지역에는 이 병력이 절실히 필요한 상황입니다!</Text>
    </Row>
    <Row Tag="TXT_KEY_CIVIL_WAR_SCENARIO_GEORGE_MEADE">
      <Text>조지 미드</Text>
    </Row>
    <Row Tag="TXT_KEY_CIVIL_WAR_SCENARIO_IRVIN_MCDOWELL">
      <Text>어빈 맥도월</Text>
    </Row>
    <Row Tag="TXT_KEY_CIVIL_WAR_SCENARIO_JOE_HOOKER">
      <Text>조 후커</Text>
    </Row>
    <Row Tag="TXT_KEY_CIVIL_WAR_SCENARIO_JOE_JOHNSTON">
      <Text>조 존스톤</Text>
    </Row>
    <Row Tag="TXT_KEY_CIVIL_WAR_SCENARIO_LEADERS_ELIZABETH_HEADING_1">
      <Text>역사</Text>
    </Row>
    <Row Tag="TXT_KEY_CIVIL_WAR_SCENARIO_LEADERS_ELIZABETH_HEADING_2">
      <Text>분리</Text>
    </Row>
    <Row Tag="TXT_KEY_CIVIL_WAR_SCENARIO_LEADERS_ELIZABETH_HEADING_3">
      <Text>섬터 요새</Text>
    </Row>
    <Row Tag="TXT_KEY_CIVIL_WAR_SCENARIO_LEADERS_ELIZABETH_HEADING_4">
      <Text>한정된 자원</Text>
    </Row>
    <Row Tag="TXT_KEY_CIVIL_WAR_SCENARIO_LEADERS_ELIZABETH_HEADING_5">
      <Text>북부 침공</Text>
    </Row>
    <Row Tag="TXT_KEY_CIVIL_WAR_SCENARIO_LEADERS_ELIZABETH_HEADING_6">
      <Text>항복</Text>
    </Row>
    <Row Tag="TXT_KEY_CIVIL_WAR_SCENARIO_LEADERS_ELIZABETH_HEADING_7">
      <Text>점령</Text>
    </Row>
    <Row Tag="TXT_KEY_CIVIL_WAR_SCENARIO_LEADERS_ELIZABETH_HEADING_8">
      <Text>역사적 평가</Text>
    </Row>
    <Row Tag="TXT_KEY_CIVIL_WAR_SCENARIO_LEADERS_ELIZABETH_LIVED">
      <Text>1808년 ~ 1889년</Text>
    </Row>
    <Row Tag="TXT_KEY_CIVIL_WAR_SCENARIO_LEADERS_ELIZABETH_NAME">
      <Text>제퍼슨 데이비스</Text>
    </Row>
    <Row Tag="TXT_KEY_CIVIL_WAR_SCENARIO_LEADERS_ELIZABETH_SUBTITLE">
      <Text>남부연합 임시 대통령</Text>
    </Row>
    <Row Tag="TXT_KEY_CIVIL_WAR_SCENARIO_LEADERS_ELIZABETH_TEXT_1">
      <Text>1808년에 태어난 제퍼슨 데이비스는 미국 정치가이자 군 장교로서 1861년 남부연합이 분리 독립한 이후에 대통령으로 선출되었다. 웨스트포인트에 있는 미국 육군 사관학교를 졸업한 뒤 크로퍼드 요새에 복무한 데이비스는 미시시피로 이주하여 농장을 경영하였다. 멕시코 전쟁 때 잠깐 참전한 이후에는 다시 미시시피로 돌아와 1848년 주지사에 의해 미국 상원 의원이 되었다. 노예를 가진 재향 군인으로서 데이비스는 남부 지역이 가진 가치관의 화신으로 여겨졌으며, 이런 인식 덕분에 정치가로서 급성장했다.</Text>
    </Row>
    <Row Tag="TXT_KEY_CIVIL_WAR_SCENARIO_LEADERS_ELIZABETH_TEXT_2">
      <Text>1853년에 데이비스는 새로 선출된 프랭클린 피어스 대통령의 육군 장관으로 임명되었다. 임기를 마친 후에는 1857년에 상원으로 돌아왔으며, 남부 지역을 들끓게 하는 분리 운동을 제지하였다. 그러나 1860년 대통령 선거에서 링컨이 당선되면서 미시시피는 다른 여섯 개 주와 함께 연방에서 독립하였으며, 데이비스는 상원 의원직을 사퇴하고 고향으로 돌아가려 했다. 데이비스 자신은 새로 수립된 남부연합의 군사 지휘관 정도를 맡을 거라 예상했지만, 1861년 그는 남부연합의 임시 대통령으로 선출되었다.</Text>
    </Row>
    <Row Tag="TXT_KEY_CIVIL_WAR_SCENARIO_LEADERS_ELIZABETH_TEXT_3">
      <Text>남부연합 대통령으로서 데이비스는 남부연합 영토에 있는 북부군 요새를 수중에 넣기 위해 협상을 시도했다. 그러나 링컨 대통령은 남부에 영토를 조금이라도 이양할 생각이 없었고, 사우스캐롤라이나에 있는 섬터 요새에 식량과 물자를 보급하라는 명령을 내렸다. 이를 전쟁 의도로 판단한 남부 연합군은 P.G.T. 보르가드 장군의 지휘 하에 요새를 포격했고, 이것이 남북전쟁의 발단이 되었다.</Text>
    </Row>
    <Row Tag="TXT_KEY_CIVIL_WAR_SCENARIO_LEADERS_ELIZABETH_TEXT_4">
      <Text>제퍼슨 데이비스는 남부군의 전략전술 대부분을 직접 감독하였다. 북부군보다 물자와 장비가 부족하다는 것을 바로 알아챈 제퍼슨은 공세를 취하기보다 방어에 충실하기로 했다. 그러나 이 전술로 버지니아 리치먼드에 있는 남부군 수도를 지키는 데 성공하자, 데이비스와 선임 자문관인 로버트 E. 리 장군은 북부 영토로 진격했다.</Text>
    </Row>
    <Row Tag="TXT_KEY_CIVIL_WAR_SCENARIO_LEADERS_ELIZABETH_TEXT_5">
      <Text>뛰어난 군사 전략가이자 지도자인 리 장군의 능력으로도 북부 지역을 침공하려는 남부군의 작전은 항상 난관에 부딪혔다. 1862년 9월 앤티텀 전투에서 남부군은 1만 명의 사상자를 냈고, 다음 게티즈버그 전투에서는 2만 명 이상이 죽거나 부상당했다. 게티즈버그 전투는 남북전쟁의 전환점으로 평가받는다.</Text>
    </Row>
    <Row Tag="TXT_KEY_CIVIL_WAR_SCENARIO_LEADERS_ELIZABETH_TEXT_6">
      <Text>1865년, 남부군은 곤경에 빠졌고, 그 해 4월, 북부군 지휘관인 율리시스 S. 그랜트는 리치먼드에 있는 남부군의 수도를 공격할 준비를 거의 마쳤다. 로버트 E. 리 장군과 북부 버지니아군은 다음날 항복했고, 제퍼슨 데이비스와 내각은 남쪽으로 도주했다. 1865년 5월 5일, 조지아 워싱턴에서 남부군 정부를 공식적으로 해체하였다.</Text>
    </Row>
    <Row Tag="TXT_KEY_CIVIL_WAR_SCENARIO_LEADERS_ELIZABETH_TEXT_7">
      <Text>5월 10일에 북부군은 데이비스를 사로잡았고, 2년 정도 유폐했다. 보석금을 내고 풀려난 데이비스는 이후 10년간 공식 석상과 전쟁의 결과에 대한 언급을 회피하며 조용히 살았다.</Text>
    </Row>
    <Row Tag="TXT_KEY_CIVIL_WAR_SCENARIO_LEADERS_ELIZABETH_TEXT_8">
      <Text>제퍼슨 데이비스는 1889년, 원인 모를 병으로 몇 달간 자리보전을 한 뒤에 81세의 나이로 사망했다. 그가 사망하자 엄청난 조의의 물결이 그를 기렸으며, 역사가와 남부연합을 위해 싸운 조상을 가진 사람들은 아직도 그의 업적을 존경한다.</Text>
    </Row>
    <Row Tag="TXT_KEY_CIVIL_WAR_SCENARIO_LEADERS_GEORGE_HEADING_1">
      <Text>역사</Text>
    </Row>
    <Row Tag="TXT_KEY_CIVIL_WAR_SCENARIO_LEADERS_GEORGE_HEADING_2">
      <Text>선거</Text>
    </Row>
    <Row Tag="TXT_KEY_CIVIL_WAR_SCENARIO_LEADERS_GEORGE_HEADING_3">
      <Text>섬터 요새</Text>
    </Row>
    <Row Tag="TXT_KEY_CIVIL_WAR_SCENARIO_LEADERS_GEORGE_HEADING_4">
      <Text>노예 해방 선언</Text>
    </Row>
    <Row Tag="TXT_KEY_CIVIL_WAR_SCENARIO_LEADERS_GEORGE_HEADING_5">
      <Text>게티즈버그 연설</Text>
    </Row>
    <Row Tag="TXT_KEY_CIVIL_WAR_SCENARIO_LEADERS_GEORGE_HEADING_6">
      <Text>역사적 평가</Text>
    </Row>
    <Row Tag="TXT_KEY_CIVIL_WAR_SCENARIO_LEADERS_GEORGE_LIVED">
      <Text>1809년 ~ 1865년</Text>
    </Row>
    <Row Tag="TXT_KEY_CIVIL_WAR_SCENARIO_LEADERS_GEORGE_NAME">
      <Text>에이브라함 링컨</Text>
    </Row>
    <Row Tag="TXT_KEY_CIVIL_WAR_SCENARIO_LEADERS_GEORGE_SUBTITLE">
      <Text>미합중국 대통령</Text>
    </Row>
    <Row Tag="TXT_KEY_CIVIL_WAR_SCENARIO_LEADERS_GEORGE_TEXT_1">
      <Text>1809년 켄터키 중부의 작은 오두막에서 태어난 에이브라함 링컨은 초라하게 시작하여 미국 역사상 가장 위대한 정치인 중 하나가 되었다. 20대 초반에는 정부의 작은 일들을 처리하다가 1834년에 일리노이 주 의회에 선출되었다. 1836년부터 변호사가 되었고, 얼마 안 되어 온갖 사건을 맡는 재치 있는 변호사로 명성을 날렸다. 일리노이주 하원 의원으로 훌륭히 임기를 마치고, 나중에는 미국 하원 의원도 단임했다. 링컨은 노예제도 확대를 반대하여 유명해졌고, 노예제도는 그의 정치 이력의 특징이 되었다. </Text>
    </Row>
    <Row Tag="TXT_KEY_CIVIL_WAR_SCENARIO_LEADERS_GEORGE_TEXT_2">
      <Text>1860년, 링컨은 제16대 미국 대통령에 당선되었다. 유명한 링컨과 더글라드의 논쟁이 벌어지는 동안, 링컨이 노예제도를 미국 서부지역으로 확대한다는 의견을 거듭해서 비난하자 남부 독립 지지자들이 들고일어났다. 뭉쳐서 계속 노예제도를 지지해왔던 남부 지역은 링컨이 당선될 경우, 미국을 저버릴 준비가 되어 있었다.</Text>
    </Row>
    <Row Tag="TXT_KEY_CIVIL_WAR_SCENARIO_LEADERS_GEORGE_TEXT_3">
      <Text>링컨이 당선되고 얼마 안 있어 사우스캐롤라이나를 필두로 일곱 개 주가 떨어져 나가고, 앨라배마, 플로리다, 조지아, 루이지애나, 미시시피, 텍사스가 뒤를 따랐다. 이들은 자치독립을 주장하며 1861년에 남부연합을 만들었다. 제퍼슨 데이비스를 대통령으로 한 남부연합은 분리 독립을 하겠다고 위협했고, 얼마 가지 않아 1861년 4월, 남부연합이 섬터 요새를 공격하면서 미국사 상 가장 큰 피해를 당한 분쟁 중 하나인 남북전쟁이 시작되었다.</Text>
    </Row>
    <Row Tag="TXT_KEY_CIVIL_WAR_SCENARIO_LEADERS_GEORGE_TEXT_4">
      <Text>링컨은 총사령관으로서 북부군을 지휘하여 남부군 지지자들을 투옥하고, 모든 남부 항구를 봉쇄하고, 남부군의 전쟁에 동원되는 모든 노예를 풀어주라는 전례 없는 명령을 내렸다. 링컨이 내린 명령 중 가장 공격적이고 중요한 명령은 1863년 1월 1일에 서명한 노예 해방령이다. 온전한 시민권을 주지는 못하지만, 미국 내, 연합 내에 있는 모든 노예를 해방한다는 명령이었다.</Text>
    </Row>
    <Row Tag="TXT_KEY_CIVIL_WAR_SCENARIO_LEADERS_GEORGE_TEXT_5">
      <Text>몇 달 뒤에 링컨은 역사상 가장 유명한 연설 중 하나가 된 게티즈버그 연설을 하게 된다. 연설의 시작 부분인 '여든하고도 일곱 해 전에 우리의 선조는 이 땅에 자유 속에 잉태된 나라, 모든 인간은 평등하다는 믿음에 바쳐진 새 나라를 낳았습니다.'는 오늘날까지 살아서 미국 역사상 가장 큰 링컨의 상징 중 하나가 되었다.</Text>
    </Row>
    <Row Tag="TXT_KEY_CIVIL_WAR_SCENARIO_LEADERS_GEORGE_TEXT_6">
      <Text>이후 거의 5년에 걸친 전쟁으로 50만 명의 미국인이 싸우다 죽었고, 1865년 4월, 로버트 E. 리 장군의 항복으로 종결되었다. 링컨 대통령은 닷새 후에 워싱턴 D.C의 포드 극장에서 남부연합 지지자인 존 부스에게 암살당했다. 링컨은 살아서 노예제를 폐지하고 나라를 다시 세우려는 노력의 결실을 보지 못했지만, 링컨이 남긴 업적은 그를 미국의 가장 위대한 대통령 중 하나로 만들었다.</Text>
    </Row>
    <Row Tag="TXT_KEY_CIVIL_WAR_SCENARIO_PONTOON_BRIDGE">
      <Text>부교</Text>
    </Row>
    <Row Tag="TXT_KEY_CIVIL_WAR_SCENARIO_PONTOON_BRIDGE_HELP">
      <Text>지상 유닛이 연안 타일을 이동할 수 있습니다. 육지 타일이 4개 이상 인접한 연안 타일에만 건설할 수 있습니다. 승선한 공병으로 건설할 수 있으며 부교 건설에 동원된 공병은 소모됩니다. </Text>
    </Row>
    <Row Tag="TXT_KEY_CIVIL_WAR_SCENARIO_PONTOON_BRIDGE_TEXT">
      <Text>부교는 전쟁기간 동안 보병, 포병 및 마차 등을 강 건너편으로 빠르게 수송하기 위해 양측이 모두 사용했던 구조물입니다. 가벼운 중량의 혁신적인 컴벌랜드 부교는 북부군의 최남단 지역 전투에서 큰 역할을 한 구조물입니다.</Text>
    </Row>
    <Row Tag="TXT_KEY_CIVIL_WAR_SCENARIO_PROMOTION_BALLOON_RECON">
      <Text>기구 정찰</Text>
    </Row>
    <Row Tag="TXT_KEY_CIVIL_WAR_SCENARIO_PROMOTION_BALLOON_RECON_HELP">
      <Text>위대한 장군의 시야 범위가 2 증가합니다.</Text>
    </Row>
    <Row Tag="TXT_KEY_CIVIL_WAR_SCENARIO_PROMOTION_IGNORES_GREAT_GENERAL">
      <Text>위대한 장군 무시</Text>
    </Row>
    <Row Tag="TXT_KEY_CIVIL_WAR_SCENARIO_PROMOTION_IGNORES_GREAT_GENERAL_HELP">
      <Text>주변에 있는 위대한 장군으로부터 보너스를 받지 않습니다.</Text>
    </Row>
    <Row Tag="TXT_KEY_CIVIL_WAR_SCENARIO_PROMOTION_MORALE">
      <Text>반군의 함성</Text>
    </Row>
    <Row Tag="TXT_KEY_CIVIL_WAR_SCENARIO_PROMOTION_MORALE_HELP">
      <Text>[ICON_STRENGTH]전투력이 10% 증가합니다.</Text>
    </Row>
    <Row Tag="TXT_KEY_CIVIL_WAR_SCENARIO_RESOURCE_MANPOWER_HELP">
      <Text>병영은 인력을 생성하며 인력은 보병 부대를 유지하는 데 필요하다. 인력이 부족한 남부군은 인력을 생산하는 병영을 잘 보호해야 전쟁에서 승리할 수 있다.</Text>
    </Row>
    <Row Tag="TXT_KEY_CIVIL_WAR_SCENARIO_RESOURCE_MANPOWER_TEXT">
      <Text>미국은 남북전쟁 동안 군대를 모집하기 위해 처음으로 동원령을 사용하였으며 시민을 징집하여 자원입대한 병사를 보충하는 것을 승인하는 법안을 통과시켰다. 남부연합 대통령 제퍼슨 데이비스는 자원입대병의 휴가가 닥치자 1862년 3월에 첫 남부 동원령을 제안했고 다음 달에 남부연합 의회가 이를 통과시켰다. 남북 모두 병사들의 사망률이 높아 발생한 인력 부족 문제를 해결하려고 동원령을 채택했지만 전쟁이 지속되면서 동원령은 인기를 잃었다.</Text>
    </Row>
    <Row Tag="TXT_KEY_CIVIL_WAR_SCENARIO_ROBERT_E_LEE">
      <Text>로버트 E. 리</Text>
    </Row>
    <Row Tag="TXT_KEY_CIVIL_WAR_SCENARIO_SCENARIO_TECH_BUTTON_1">
      <Text>기병대가 타일을 약탈할 수 있습니다.</Text>
    </Row>
    <Row Tag="TXT_KEY_CIVIL_WAR_SCENARIO_SCENARIO_TECH_BUTTON_2">
      <Text>보병이 타일을 약탈할 수 있습니다.</Text>
    </Row>
    <Row Tag="TXT_KEY_CIVIL_WAR_SCENARIO_TECH_BALLOON_RECONNAISSANCE_DESC">
      <Text>미국 전쟁부는 전쟁 발발 초기에 기구 군단을 창시하려 했었다. 새디어스 로우는 "열기구 군단 총사령관" 직함을 달고 기구 군단의 지휘를 맡을 예정이었다. 북부군 사령관 맥도월은 적군 진지와 적군의 동태를 살피기 위해 1차 불런 전투 기간동안 기구 군단에게 공중 정찰 명령을 내렸다.</Text>
    </Row>
    <Row Tag="TXT_KEY_CIVIL_WAR_SCENARIO_TECH_BALLOON_RECONNAISSANCE_HELP">
      <Text>모든 위대한 장군의 시야 범위가 증가합니다.</Text>
    </Row>
    <Row Tag="TXT_KEY_CIVIL_WAR_SCENARIO_TECH_BALLOON_RECONNAISSANCE_QUOTE">
      <Text>[NEWLINE][TAB][TAB]"공중 전신국에서 처음으로 전신을 보내게 되어 영광입니다."[NEWLINE][TAB][TAB] - 새디어스 S. C. 로우[NEWLINE][TAB]</Text>
    </Row>
    <Row Tag="TXT_KEY_CIVIL_WAR_SCENARIO_TECH_CAVALRY_RAIDS_DESC">
      <Text>남부연합은 방어전을 펼치며 대규모 기병 돌격대를 최초로 운용했다. 대규모 기병 돌격대는 적게는 수백에서 많게는 2천 명의 기병으로 구성되어 적군 후방에서 적군을 교란하고 적군 지역의 시민을 당황케 했다. J.E.B.스튜어트, 존 헌트 모건, "조" 쉘비와 같은 남부연합의 기병대 장군은 다리와 창고 및 마을 등을 불태우고 가축과 작물에 피해를 주는 강습으로 악명을 떨쳤다.</Text>
    </Row>
    <Row Tag="TXT_KEY_CIVIL_WAR_SCENARIO_TECH_CAVALRY_RAIDS_HELP">
      <Text>기병대 유닛이 적 타일을 약탈할 수 있습니다. 이 기술을 연구하기 전에는 어떤 유닛도 적 영토에서 약탈할 수 없습니다.</Text>
    </Row>
    <Row Tag="TXT_KEY_CIVIL_WAR_SCENARIO_TECH_CAVALRY_RAIDS_QUOTE">
      <Text>[NEWLINE][TAB][TAB]"젭 스튜어트는 이상적인 기병대 지휘관이다. 그는 명령에 즉각 반응하고 경계심이 철저하고 두려움이 없다."[NEWLINE][TAB][TAB] - 토마스 J. 잭슨[NEWLINE][TAB]</Text>
    </Row>
    <Row Tag="TXT_KEY_CIVIL_WAR_SCENARIO_TECH_ENGINEERING_DESC">
      <Text>북부군의 기술자는 풍부한 원료와 노동력을 활용할 수 있었고 남부의 기술자는 풍부한 상상력과 동기라는 장점을 갖추고 있었습니다. 하지만 두 지역 기술자 모두 전신, 철로, 철조망, 부교, 기구 등과 같이 대규모 전쟁에 따라 변화하는 기술에 적응하는데 어려움을 겪었습니다. </Text>
    </Row>
    <Row Tag="TXT_KEY_CIVIL_WAR_SCENARIO_TECH_ENGINEERING_HELP">
      <Text>[COLOR_POSITIVE_TEXT]공병[COLOR_XX]을 생산할 수 있습니다. 공병은 시설을 수리하고 도로나 철도를 건설하는 비전투 유닛입니다. 공병을 소모해 성채나 부교를 건설할 수도 있습니다.</Text>
    </Row>
    <Row Tag="TXT_KEY_CIVIL_WAR_SCENARIO_TECH_ENGINEERING_QUOTE">
      <Text>[NEWLINE][TAB][TAB]"바비 리가 우리에게 뭘 할지 그만 생각하고 우리가 바비 리에게 뭘 할지 생각해야 한다."[NEWLINE][TAB][TAB] - 율리시스 S. 그랜트[NEWLINE][TAB]</Text>
    </Row>
    <Row Tag="TXT_KEY_CIVIL_WAR_SCENARIO_TECH_ENTRENCHMENT_DESC">
      <Text>참호는 보병을 기병과 포탄 공격으로부터 보호하기 위한 방어시설로서, 오래전부터 전장에서 사용됐습니다. 남북전쟁 기간 동안 게티즈버그를 비롯한 전장에서 임시 참호가 만들어졌으며, 워싱턴과 리치몬드 지역과 같은 전략 요충지를 방어하기 위해서 보다 정교하고 큰 규모의 참호가 사용되기도 하였습니다. </Text>
    </Row>
    <Row Tag="TXT_KEY_CIVIL_WAR_SCENARIO_TECH_ENTRENCHMENT_HELP">
      <Text>방어 태세에서 받는 전투력 보너스가 두 배로 증가합니다.</Text>
    </Row>
    <Row Tag="TXT_KEY_CIVIL_WAR_SCENARIO_TECH_ENTRENCHMENT_QUOTE">
      <Text>[NEWLINE][TAB][TAB]"나는 항상 콜드 하버를 마지막으로 한 번 더 공격한 사실을 후회했다."[NEWLINE][TAB][TAB] - 율리시스 S. 그랜트[NEWLINE][TAB]</Text>
    </Row>
    <Row Tag="TXT_KEY_CIVIL_WAR_SCENARIO_TECH_FIELD_HOSPITALS_DESC">
      <Text>남북전쟁 이전에는 주로 군수품 수송 등의 문제로 군대의 편성 규모가 작은 편이었다. 하지만 더욱 커진 규모에 이동 속도까지 빨라진 군대와 증가한 무기의 파괴력으로, 시민과 군인 모두 부상자 치료 체계의 개선을 요구했다. 불런 전투 이후에 북부군의 멕클레란 장군은 찰스 티플러를 포토맥 군의 수석 군의관으로 임명했다. 1862년에 미국 의무감으로 임명된 윌리엄 해몬드는 부상당한 군인들의 이송, 치료 및 회복 과정과 관련한 상당수의 개혁안을 실시했으며, 최전선 통합 야전병원 운영계획도 개혁안에 포함되어 있었다.</Text>
    </Row>
    <Row Tag="TXT_KEY_CIVIL_WAR_SCENARIO_TECH_FIELD_HOSPITALS_HELP">
      <Text>모든 유닛의 치유량이 두 배로 증가합니다.</Text>
    </Row>
    <Row Tag="TXT_KEY_CIVIL_WAR_SCENARIO_TECH_FIELD_HOSPITALS_QUOTE">
      <Text>[NEWLINE][TAB][TAB]"나는 이 전쟁을 기다려왔고 전선에 나갈 건강하고 젊다. 병사로 입대할 수 없다면 병사를 돕기라도 하겠다."[NEWLINE][TAB][TAB] - 클라라 바톤[NEWLINE][TAB]</Text>
    </Row>
    <Row Tag="TXT_KEY_CIVIL_WAR_SCENARIO_TECH_INDUSTRIALIZATION_DESC">
      <Text>전쟁 이전에 이미 산업화를 거친 북부 지역에서는 전쟁기간에 무기, 의류, 군수품 등을 대량으로 생산하고 운송할 방법을 개선했다. 이와는 대조적으로 남부 지역은 전쟁 전 대부분 지역이 농업지대였으며 공산품은 북부지역이나 유럽으로부터의 수입에 의존했다.</Text>
    </Row>
    <Row Tag="TXT_KEY_CIVIL_WAR_SCENARIO_TECH_INDUSTRIALIZATION_HELP">
      <Text>[COLOR_POSITIVE_TEXT]개틀링 기관총[COLOR_XX]을 생산할 수 있습니다. 개틀링 기관총은 사정거리가 1인 강력한 유닛입니다.</Text>
    </Row>
    <Row Tag="TXT_KEY_CIVIL_WAR_SCENARIO_TECH_INDUSTRIALIZATION_QUOTE">
      <Text>[NEWLINE][TAB][TAB]"올해에는 많은 변화가 있었는데, 처음에는 불가능이라고 여겨졌던 변화였다."[NEWLINE][TAB][TAB] - 크리스찬 플릿우드[NEWLINE][TAB]</Text>
    </Row>
    <Row Tag="TXT_KEY_CIVIL_WAR_SCENARIO_TECH_IRONCLADS_DESC">
      <Text>북부군의 봉쇄를 뚫기 위해 남부연합은 남북전쟁 최초로 철갑함을 건조했다. 1861년 10월 전장에 투입된 최초의 철갑함 CSS 마나사스호는 헤드오브페스 전투에서 북부군과 교전을 벌였으나 이듬해 2월에 철갑선 CSS 메리멕호와 USS 모니터호가 벌인 교전이 더 유명해 기억하는 사람이 거의 없다.</Text>
    </Row>
    <Row Tag="TXT_KEY_CIVIL_WAR_SCENARIO_TECH_IRONCLADS_HELP">
      <Text>[COLOR_POSITIVE_TEXT]철갑함[COLOR_XX]을 생산할 수 있습니다. 철갑함은 나무로 만든 기존 함선을 가볍게 제압할 수 있는 강력한 해상 유닛입니다.</Text>
    </Row>
    <Row Tag="TXT_KEY_CIVIL_WAR_SCENARIO_TECH_IRONCLADS_QUOTE">
      <Text>[NEWLINE][TAB][TAB]"포탑을 비롯한 여러 부분이 심하게 당했지만 관통된 부분은 없었다. 탑은 건재했고 계속 회전했다. 자신감이 병사들의 얼굴을 스쳐지나갔고, 메리맥이 어제 이룬 전적은 역사에 남을 것이라 믿었다."[NEWLINE][TAB][TAB] - 새뮤얼 다나 그린[NEWLINE][TAB]</Text>
    </Row>
    <Row Tag="TXT_KEY_CIVIL_WAR_SCENARIO_TECH_MILITARY_RAILROADS_DESC">
      <Text>미국 전쟁부는 1862년 미국군사철도국을 설립했다. 이 기관은 의회가 링컨에게 철도와 전신선을 군사적 용도로 활용하도록 승인을 내림에 따라 연방정부에 의해 징발된 철로를 운영하기 위한 목적을 띠고 있었다. 전쟁이 끝날 무렵, 미국군사철도국은 2,000마일 이상의 북부지역 철로를 통제했으며 남부지역의 철로도 차지하게 된다. </Text>
    </Row>
    <Row Tag="TXT_KEY_CIVIL_WAR_SCENARIO_TECH_MILITARY_RAILROADS_HELP">
      <Text>철도 건설 시간을 반으로 줄이고 철도로 이동할 때 이동 속도가 두 배로 증가합니다.</Text>
    </Row>
    <Row Tag="TXT_KEY_CIVIL_WAR_SCENARIO_TECH_MILITARY_RAILROADS_QUOTE">
      <Text>[NEWLINE][TAB][TAB]"북부에서는 증기 기관이나 증기 기관차를 만들고 있는데 자네들은 뭔가? 하다못해 옷감이나 신발이라도 제대로 만들 줄 아는가? 자네들은 세상에서 가장 기술력과 국방력이 뛰어나고 각오도 대단한 나라와 싸우려고 안달이 났어."[NEWLINE][TAB][TAB] - 윌리엄 셔먼[NEWLINE][TAB]</Text>
    </Row>
    <Row Tag="TXT_KEY_CIVIL_WAR_SCENARIO_TECH_MILITARY_SCIENCE_DESC">
      <Text>남북전쟁 초기에 청년들에게 군사 과학을 가르치는데 전념했던 사관학교가 여럿 있었으며, 그 중 가장 유명한 곳은 웨스트포인트 사관학교이다. 반면에 남부지역에는 남부 지역 전통을 교육하는데 중점을 둔 더 많은 수의 뛰어난 사설 학교가 있었다. 그 중에는씨터덜, 버지니아 사관학교, 사우스캐롤라이나주에 있는 포터 사관학교, 미시시피주에 위치한 세인트 찰스 칼리지 등이 유명하다. </Text>
    </Row>
    <Row Tag="TXT_KEY_CIVIL_WAR_SCENARIO_TECH_MILITARY_SCIENCE_HELP">
      <Text>[COLOR_POSITIVE_TEXT]보병 군단[COLOR_XX]을 생산할 수 있습니다. 보병 군단은 보병 사단의 업그레이드로, 보병 사단보다 더 많은 인력을 요구하지만 [ICON_STRENGTH]전투력이 월등히 높습니다.</Text>
    </Row>
    <Row Tag="TXT_KEY_CIVIL_WAR_SCENARIO_TECH_MILITARY_SCIENCE_QUOTE">
      <Text>[NEWLINE][TAB][TAB]"아무리 좋게 포장해도 남북전쟁은 야만적인 전쟁이었습니다."[NEWLINE][TAB][TAB] - 엘리자베스 핏치[NEWLINE][TAB]</Text>
    </Row>
    <Row Tag="TXT_KEY_CIVIL_WAR_SCENARIO_TECH_REPEATING_RIFLES_DESC">
      <Text>남북전쟁은 인류 역사상 최초의 현대전으로 흔히 언급되는데 그 이유 중 하나는 전쟁에 사용된 혁신적 무기입니다. 전략적 차원에서 가장 큰 변화를 가져왔던 무기로는 연발 소총 즉 여러발의 총알을 연속해서 발사할 수 있었던 단신총이 있는데, 총알의 재장전과 동시에 발사준비가 되는 구조를 가지고 있었습니다.</Text>
    </Row>
    <Row Tag="TXT_KEY_CIVIL_WAR_SCENARIO_TECH_REPEATING_RIFLES_HELP">
      <Text>[COLOR_POSITIVE_TEXT]총기병[COLOR_XX]을 생산할 수 있습니다. 총기병은 기병 연대의 업그레이드로, [ICON_STRENGTH]전투력이 기병 연대의 두 배입니다.</Text>
    </Row>
    <Row Tag="TXT_KEY_CIVIL_WAR_SCENARIO_TECH_REPEATING_RIFLES_QUOTE">
      <Text>[NEWLINE][TAB][TAB]"우리군 최고의 장교들이 계산한 바로는, 스펜서 기병총으로 무장한 병사 한 명은 다른 무기로 무장한 병사 세 명 정도의 전력이라고 한다."[NEWLINE][TAB][TAB] - 제임스 H. 윌슨 소장[NEWLINE][TAB]</Text>
    </Row>
    <Row Tag="TXT_KEY_CIVIL_WAR_SCENARIO_TECH_RIFLED_ARTILLERY_DESC">
      <Text>강선은 포신 내부를 따라 파인 나선형 홈을 말하며, 대포의 사정거리와 정확도를 늘려주지만 생산 단가가 높아지고 포신이 길어진다는 단점이 있다. 남북전쟁 당시 양군은 동부 전장에서 다양한 종류의 활강포와 선조포(강선이 있는 대포의 총칭)를 사용했다.</Text>
    </Row>
    <Row Tag="TXT_KEY_CIVIL_WAR_SCENARIO_TECH_RIFLED_ARTILLERY_HELP">
      <Text>[COLOR_POSITIVE_TEXT]선조포[COLOR_XX]를 생산할 수 있습니다. 선조포는 사정거리가 3타일입니다.</Text>
    </Row>
    <Row Tag="TXT_KEY_CIVIL_WAR_SCENARIO_TECH_RIFLED_ARTILLERY_QUOTE">
      <Text>[NEWLINE][TAB][TAB]"북군의 3인치 선조포는 1마일 이내의 거리에서는 명중률이 대단히 높았다. 북군 포수는 포가 흔들리지만 않는다면 1마일 거리에 있는 나무통을 맞출 수 있었다."[NEWLINE][TAB][TAB] - 애틀랜타 전투에 참여한 남부연합 포병[NEWLINE][TAB]</Text>
    </Row>
    <Row Tag="TXT_KEY_CIVIL_WAR_SCENARIO_TECH_SCORCHED_EARTH_DESC">
      <Text>옛부터 사용됐던 "초토화 작전"은 민간인의 재산을 포함해 적군에 도움이 될 수 있는 것은 무엇이든 다 파괴하는 작전을 일컫는다. 남북전쟁에서 미국은 전쟁의 장기화에 따른 국민의 반발을 사게 되면서 이와 같은 정책을 펼치게 된다. 가장 유명한 예로는 셔먼의 바다로의 진군 작전과 셰리던의 셰넌도어 밸리 작전이 있다.</Text>
    </Row>
    <Row Tag="TXT_KEY_CIVIL_WAR_SCENARIO_TECH_SCORCHED_EARTH_HELP">
      <Text>보병 유닛이 적 타일을 약탈할 수 있습니다.</Text>
    </Row>
    <Row Tag="TXT_KEY_CIVIL_WAR_SCENARIO_TECH_SCORCHED_EARTH_QUOTE">
      <Text>[NEWLINE][TAB][TAB]"전쟁은 지옥이다."[NEWLINE][TAB][TAB] - 윌리엄 셔먼[NEWLINE][TAB]</Text>
    </Row>
    <Row Tag="TXT_KEY_CIVIL_WAR_SCENARIO_TITLE">
      <Text>남북전쟁</Text>
    </Row>
    <Row Tag="TXT_KEY_CIVIL_WAR_SCENARIO_TURNS_REMAINING">
      <Text>남은 턴: {1_TurnsRemaining}</Text>
    </Row>
    <Row Tag="TXT_KEY_CIVIL_WAR_SCENARIO_ULYSSES_GRANT">
      <Text>율리시스 그랜트</Text>
    </Row>
    <Row Tag="TXT_KEY_CIVIL_WAR_SCENARIO_UNIT_BLOCKADE_RUNNER_TEXT">
      <Text>북군은 남부연합이 유럽 국가에 목화를 수출하지 못하게 할 목적으로 아나콘다 전략을 수립해 남부 해안선을 봉쇄했다. 남부연합은 가볍고 빠른 상선을 동원해 북군의 해상 봉쇄망을 뚫고 목화 수출을 계속했다. 유럽에 목화를 팔고 돌아오는 길에 의약품이나 군수품을 싣고 오면 큰 이윤을 남길 수 있었으므로 남부연합 소속 선주들에게는 뿌리치기 힘든 유혹이었다. 남북전쟁이 끝날 때까지 북군은 무려 1,100척의 남부연합 상선을 나포했으며 파괴한 상선도 355척이 넘는다. </Text>
    </Row>
    <Row Tag="TXT_KEY_CIVIL_WAR_SCENARIO_UNIT_CARBINE_CAVALRY_TEXT">
      <Text>일반 라이플보다 총신이 짧은 기병총은 정확도가 떨어지지만 말에 탄 채로 사용하기 쉬웠다. 전쟁이 끝날 무렵 대부분의 북군 기병대와 일부 남부연합 기병대가 기병총으로 무장했으며 이들은 브랜디 스테이션이나 옐로우 태번과 같은 기병대 전투에서 진가를 발휘했다. </Text>
    </Row>
    <Row Tag="TXT_KEY_CIVIL_WAR_SCENARIO_UNIT_HELP_WORKER">
      <Text>시설을 수리하고 도로나 철도를 건설하는 비전투 유닛입니다. 이 유닛을 소모해 성채나 부교를 건설할 수도 있습니다.</Text>
    </Row>
    <Row Tag="TXT_KEY_CIVIL_WAR_SCENARIO_UNIT_INFANTRY_CORPS_TEXT">
      <Text>남북전쟁 당시 양군 보병의 주요 편제는 보병 군단이었다. 남부연합군에서는 보통 보병 사단 2개 ~ 4개를 합쳐 지휘관의 이름(예를 들어 롱스트리트 군단)으로 불렀다. 북군은 단일 편제로 보병 사단 3개를 합쳐 보병 군단을 편성했으며 간단하게 번호를 매겨 불렀다. 보병 군단은 대개 10,000명에서 25,000명 사이로 구성되며, 남부에서는 중장이, 북부에서는 소장이 지휘했다.</Text>
    </Row>
    <Row Tag="TXT_KEY_CIVIL_WAR_SCENARIO_UNIT_INFANTRY_DIVISION_TEXT">
      <Text>보병 사단은 보통 보병 연대 2 ~ 4개를 합친 규모다. 각 연대의 병력은 1,200명에서 2,500명 정도이다. 보병 사단은 보통 장성급 지휘관이 지휘하며 이들은 지속적인 교전보다는 최대한 전력을 유지하다 결정적인 순간에 최대한 타격을 주는 방향으로 부대를 운용했다.</Text>
    </Row>
    <Row Tag="TXT_KEY_CIVIL_WAR_SCENARIO_UNIT_IRONCLAD_TEXT">
      <Text>증기 기관으로 운행하고 철 또는 강철 장갑을 갖춘 철갑함은 1859년에 세계 최초로 프랑스 해군에서 발명했으나 철갑함이 실전에 사용된 것은 1862년 남북전쟁 당시가 처음이었다. 당시 최고의 전함이었던 전열함은 철로 만든 철갑함의 상대가 되지 않았고 이후로 해전의 역사가 바뀌게 된다. 남북전쟁이 끝날 무렵 남부연합은 철갑함 24대를 진수했고(59대를 생산하려 했으나 완성 전에 북군에게 파괴되었음) 북군은 철갑함 52대를 진수했다.</Text>
    </Row>
    <Row Tag="TXT_KEY_CIVIL_WAR_SCENARIO_UNIT_MILITARY_ENGINEER_TEXT">
      <Text>군사공학은 쉽게 말해 방어 시설을 구축하고 군의 수송 및 통신을 유지하는 학문이다. 남북전쟁에서는 최신 기술을 도입해 공병대가 영구 방어 시설, 교량 및 기지를 건설하는 임무 외에도 철도를 수리하거나 새로 깔고 전신망을 연결하는 등 그 역할이 매우 다양해 졌다.</Text>
    </Row>
    <Row Tag="TXT_KEY_CIVIL_WAR_SCENARIO_UNIT_MONITOR_TEXT">
      <Text>남북전쟁에서 북군은 "모니터"라고 하는 함선을 만들었는데, 소형 철갑함과 비슷하지만 건현이 매우 낮고 상부 갑판에 대포를 설치한 전투함이었다. 남부를 가로지르는 수많은 강에서 사용할 목적으로 건조한 이들 모니터는 바다에서 사용하기에는 적합하지 않았지만 강을 따라 지상 병력을 지원하거나 강둑을 방어하거나 수로를 장악하는 데 사용했다. 모니터는 북군이 서부에서 승리하는데 큰 공헌을 했으며 특히 미시시피 강에서 활약했다.</Text>
    </Row>
    <Row Tag="TXT_KEY_CIVIL_WAR_SCENARIO_UNIT_RIFLED_CANNON_TEXT">
      <Text>강선은 포신 내부를 따라 파인 나선형 홈을 말하며, 대포의 사정거리와 정확도를 늘려주지만 생산 단가가 높아지고 포신이 길어진다는 단점이 있다. 남북전쟁 당시 양군은 다양한 종류의 선조포(강선이 있는 대포의 총칭)를 사용했지만, 야전에서는 보통 10파운드 포를 사용했고 요새 같은 곳에는 300파운드 거포가 설치되기도 했다.</Text>
    </Row>
    <Row Tag="TXT_KEY_CIVIL_WAR_SCENARO_GEORGE_MCCLELLAN">
      <Text>조지 멕클레란</Text>
    </Row>
  </Language_KO_KR>
</GameData>