﻿<?xml version="1.0" encoding="utf-8"?>
<!--Generated with LocalizationBuddy. Modified by N-->
<!--Copyright Firaxis Games 2010-->
<!--All Rights Reserved-->
<GameData>
  <Language_KO_KR>
    <Row Tag="TXT_KEY_GREAT_PERSON_AFONSO_DE_ALBUQUERQUE">
      <Text>아폰수 드 알부케르크</Text>
	  <Plurality>2</Plurality>
    </Row>
    <Row Tag="TXT_KEY_GREAT_PERSON_AL_DIN_AL_TUSI">
      <Text>알딘 알투시</Text>
	  <Plurality>2</Plurality>
    </Row>
    <Row Tag="TXT_KEY_GREAT_PERSON_AL_QASIM_AL_ZAHRAWI">
      <Text>알콰심 알자라위</Text>
	  <Plurality>2</Plurality>
    </Row>
    <Row Tag="TXT_KEY_GREAT_PERSON_ALAN_TURING">
      <Text>알란 튜링</Text>
    </Row>
    <Row Tag="TXT_KEY_GREAT_PERSON_ALEXANDER_VON_HUMBOLDT">
      <Text>알렉산더 폰 훔볼트</Text>
	  <Plurality>2</Plurality>
    </Row>
    <Row Tag="TXT_KEY_GREAT_PERSON_ALFRED_VON_TIRPITZ">
      <Text>알프레드 폰 틸피츠</Text>
	  <Plurality>2</Plurality>
    </Row>
    <Row Tag="TXT_KEY_GREAT_PERSON_ALVARO_DE_BAZAN">
      <Text>알바로 드 바잔</Text>
    </Row>
    <Row Tag="TXT_KEY_GREAT_PERSON_ANDREW_CUNNINGHAM">
      <Text>앤드류 커닝햄</Text>
    </Row>
    <Row Tag="TXT_KEY_GREAT_PERSON_ANDREY_KOLMOGOROV">
      <Text>안드레이 콜모고로프</Text>
	  <Plurality>2</Plurality>
    </Row>
    <Row Tag="TXT_KEY_GREAT_PERSON_ANREA_DORIA">
      <Text>안드레아 도리아</Text>
	  <Plurality>2</Plurality>
    </Row>
    <Row Tag="TXT_KEY_GREAT_PERSON_ARTHUR_CONAN_DOYLE">
      <Text>아서 코난 도일</Text>
    </Row>
    <Row Tag="TXT_KEY_GREAT_PERSON_CALONYMUS_OF_ALEXANDRIA">
      <Text>칼로니무스</Text>
	  <Plurality>2</Plurality>
    </Row>
    <Row Tag="TXT_KEY_GREAT_PERSON_CARL_BENZ">
      <Text>칼 벤츠</Text>
	  <Plurality>2</Plurality>
    </Row>
    <Row Tag="TXT_KEY_GREAT_PERSON_CARL_LINNAEUS">
      <Text>칼 린네우스</Text>
	  <Plurality>2</Plurality>
    </Row>
    <Row Tag="TXT_KEY_GREAT_PERSON_CHARLES_STARK_DRAPER">
      <Text>찰스 스타크 드레이퍼</Text>
	  <Plurality>2</Plurality>
    </Row>
    <Row Tag="TXT_KEY_GREAT_PERSON_CHESTER_NIMITZ">
      <Text>존 호킨스</Text>
	  <Plurality>2</Plurality>
    </Row>
    <Row Tag="TXT_KEY_GREAT_PERSON_CLAUDE_SHANNON">
      <Text>클로드 섀넌</Text>
    </Row>
    <Row Tag="TXT_KEY_GREAT_PERSON_COMTE_DE_GRASSE">
      <Text>콩테 드 그라스</Text>
	  <Plurality>2</Plurality>
    </Row>
    <Row Tag="TXT_KEY_GREAT_PERSON_DAVID_FARRAGUT">
      <Text>데이비드 패러것</Text>
    </Row>
    <Row Tag="TXT_KEY_GREAT_PERSON_DMITRY_MENDELEEV">
      <Text>드미트리 맨델리프</Text>
	  <Plurality>2</Plurality>
    </Row>
    <Row Tag="TXT_KEY_GREAT_PERSON_DON_JOHN_OF_AUSTRIA">
      <Text>돈 후안</Text>
    </Row>
    <Row Tag="TXT_KEY_GREAT_PERSON_EDWARD_HARRIMAN">
      <Text>에드워드 해리먼</Text>
    </Row>
    <Row Tag="TXT_KEY_GREAT_PERSON_EPAMINONDAS">
      <Text>에파미논다스</Text>
	  <Plurality>2</Plurality>
    </Row>
    <Row Tag="TXT_KEY_GREAT_PERSON_ERIK_THORVALDSSON">
      <Text>에릭 토발손</Text>
    </Row>
    <Row Tag="TXT_KEY_GREAT_PERSON_FERNANDO_VILLAAMIL">
      <Text>페르난도 빌라밀</Text>
    </Row>
    <Row Tag="TXT_KEY_GREAT_PERSON_FRANCIS_DRAKE">
      <Text>프란시스 드레이크</Text>
	  <Plurality>2</Plurality>
    </Row>
    <Row Tag="TXT_KEY_GREAT_PERSON_FYODOR_USHAKOV">
      <Text>표도르 우샤코프</Text>
	  <Plurality>2</Plurality>
    </Row>
    <Row Tag="TXT_KEY_GREAT_PERSON_GEORGE_DEWEY">
      <Text>조지 듀이</Text>
	  <Plurality>2</Plurality>
    </Row>
    <Row Tag="TXT_KEY_GREAT_PERSON_GEORGE_EASTMAN">
      <Text>조지 이스트먼</Text>
    </Row>
    <Row Tag="TXT_KEY_GREAT_PERSON_GOTTLIEB_DAIMLER">
      <Text>고트리브 다임러</Text>
	  <Plurality>2</Plurality>
    </Row>
    <Row Tag="TXT_KEY_GREAT_PERSON_GREGOR_MENDEL">
      <Text>그레고르 멘델</Text>
    </Row>
    <Row Tag="TXT_KEY_GREAT_PERSON_HANNIBAL">
      <Text>한니발</Text>
    </Row>
    <Row Tag="TXT_KEY_GREAT_PERSON_HAYREDDIN_BARBAROSSA">
      <Text>하이레딘 바르바로사</Text>
	  <Plurality>2</Plurality>
    </Row>
    <Row Tag="TXT_KEY_GREAT_PERSON_HENRI_NESTLE">
      <Text>앙리 네슬레</Text>
	  <Plurality>2</Plurality>
    </Row>
    <Row Tag="TXT_KEY_GREAT_PERSON_HENRY_THE_NAVIGATOR">
      <Text>동 엔히크</Text>
	  <Plurality>2</Plurality>
    </Row>
    <Row Tag="TXT_KEY_GREAT_PERSON_HIMILCO">
      <Text>히밀코</Text>
	  <Plurality>2</Plurality>
    </Row>
    <Row Tag="TXT_KEY_GREAT_PERSON_JAKOB_FUGGER">
      <Text>야콥 푸거</Text>
	  <Plurality>2</Plurality>
    </Row>
    <Row Tag="TXT_KEY_GREAT_PERSON_JOHANN_TSERCLAES">
      <Text>요한 처클라에스</Text>
	  <Plurality>2</Plurality>
    </Row>
    <Row Tag="TXT_KEY_GREAT_PERSON_JOHN_DOUKAS">
      <Text>존 두카스</Text>
	  <Plurality>2</Plurality>
    </Row>
    <Row Tag="TXT_KEY_GREAT_PERSON_JOHN_PAUL_JONES">
      <Text>존 폴 존스</Text>
	  <Plurality>2</Plurality>
    </Row>
    <Row Tag="TXT_KEY_GREAT_PERSON_JOHN_VON_NEUMANN">
      <Text>존 폰 노이만</Text>
    </Row>
    <Row Tag="TXT_KEY_GREAT_PERSON_LEIF_ERICSON">
      <Text>레이프 에릭손</Text>
    </Row>
    <Row Tag="TXT_KEY_GREAT_PERSON_LEO_TOLSTOY">
      <Text>레프 톨스토이</Text>
	  <Plurality>2</Plurality>
    </Row>
    <Row Tag="TXT_KEY_GREAT_PERSON_LEONARD_EULER">
      <Text>레오나드 오일러</Text>
	  <Plurality>2</Plurality>
    </Row>
    <Row Tag="TXT_KEY_GREAT_PERSON_LEVI_STRAUSS">
      <Text>레비 스트로스</Text>
	  <Plurality>2</Plurality>
    </Row>
    <Row Tag="TXT_KEY_GREAT_PERSON_MARCUS_ATILLIUS_REGULUS">
      <Text>마르쿠스 아틸리우스 레굴루스</Text>
	  <Plurality>2</Plurality>
    </Row>
    <Row Tag="TXT_KEY_GREAT_PERSON_MARCUS_LICINIUS_CRASSUS">
      <Text>마르쿠스 리키니우스 크라수스</Text>
	  <Plurality>2</Plurality>
    </Row>
    <Row Tag="TXT_KEY_GREAT_PERSON_MARCUS_VIPSANIUS_AGRIPPA">
      <Text>마르쿠스 비프사니우스 아그리파</Text>
	  <Plurality>2</Plurality>
    </Row>
    <Row Tag="TXT_KEY_GREAT_PERSON_MARY_LEAKEY">
      <Text>메리 리키</Text>
	  <Plurality>2</Plurality>
    </Row>
    <Row Tag="TXT_KEY_GREAT_PERSON_MATTHEW_PERRY">
      <Text>매튜 페리</Text>
	  <Plurality>2</Plurality>
    </Row>
    <Row Tag="TXT_KEY_GREAT_PERSON_MAURICE_OF_NASSAU">
      <Text>마우리츠</Text>
	  <Plurality>2</Plurality>
    </Row>
    <Row Tag="TXT_KEY_GREAT_PERSON_MILTON_S_HERSHEY">
      <Text>밀튼 허쉬</Text>
	  <Plurality>2</Plurality>
    </Row>
    <Row Tag="TXT_KEY_GREAT_PERSON_MURAT_REIS">
      <Text>무라드 레이스</Text>
	  <Plurality>2</Plurality>
    </Row>
    <Row Tag="TXT_KEY_GREAT_PERSON_OMAR_KHAYYAM">
      <Text>오마르 카이얌</Text>
    </Row>
    <Row Tag="TXT_KEY_GREAT_PERSON_PETER_TORDENSKJOLD">
      <Text>페테르 토르덴스쾰</Text>
    </Row>
    <Row Tag="TXT_KEY_GREAT_PERSON_PHORMIO">
      <Text>포르미오</Text>
	  <Plurality>2</Plurality>
    </Row>
    <Row Tag="TXT_KEY_GREAT_PERSON_POMPEY">
      <Text>폼페이</Text>
	  <Plurality>2</Plurality>
    </Row>
    <Row Tag="TXT_KEY_GREAT_PERSON_PYRRHUS">
      <Text>피로스</Text>
	  <Plurality>2</Plurality>
    </Row>
    <Row Tag="TXT_KEY_GREAT_PERSON_RICHARD_FEYNMAN">
      <Text>리처드 파인먼</Text>
    </Row>
    <Row Tag="TXT_KEY_GREAT_PERSON_ROBERT_GODDARD">
      <Text>로버트 고다드</Text>
	  <Plurality>2</Plurality>
    </Row>
    <Row Tag="TXT_KEY_GREAT_PERSON_ROGER_OF_LAURIA">
      <Text>루지에로 디 라우리아</Text>
	  <Plurality>2</Plurality>
    </Row>
    <Row Tag="TXT_KEY_GREAT_PERSON_RUMI">
      <Text>루미</Text>
	  <Plurality>2</Plurality>
    </Row>
    <Row Tag="TXT_KEY_GREAT_PERSON_SHEN_KUO">
      <Text>쉔쿠오</Text>
	  <Plurality>2</Plurality>
    </Row>
    <Row Tag="TXT_KEY_GREAT_PERSON_SHI_LANG">
      <Text>스랑</Text>
    </Row>
    <Row Tag="TXT_KEY_GREAT_PERSON_SIR_JAMES_LANCASTER">
      <Text>제임스 랭카스터 경</Text>
    </Row>
    <Row Tag="TXT_KEY_GREAT_PERSON_SITTING_BULL">
      <Text>시팅 불</Text>
    </Row>
    <Row Tag="TXT_KEY_GREAT_PERSON_SPARTACUS">
      <Text>스파르타쿠스</Text>
	  <Plurality>2</Plurality>
    </Row>
    <Row Tag="TXT_KEY_GREAT_PERSON_STEVE_JOBS">
      <Text>스티브 잡스</Text>
	  <Plurality>2</Plurality>
    </Row>
    <Row Tag="TXT_KEY_GREAT_PERSON_THOMAS_TWINING">
      <Text>토마스 트위닝</Text>
    </Row>
    <Row Tag="TXT_KEY_GREAT_PERSON_TOGO_HEIHACHIRO">
      <Text>도고 헤이하치로</Text>
	  <Plurality>2</Plurality>
    </Row>
    <Row Tag="TXT_KEY_GREAT_PERSON_TURGUT_REIS">
      <Text>투르굿 레이스</Text>
	  <Plurality>2</Plurality>
    </Row>
    <Row Tag="TXT_KEY_GREAT_PERSON_WALLENSTEIN">
      <Text>발렌슈타인</Text>
    </Row>
    <Row Tag="TXT_KEY_GREAT_PERSON_WINFIELD_SCOTT">
      <Text>윈필드 스콧</Text>
    </Row>
    <Row Tag="TXT_KEY_GREAT_PERSON_YI_SUN_SIN">
      <Text>이순신</Text>
    </Row>
    <Row Tag="TXT_KEY_GREAT_PERSON_ZINOVY_ROZHESTVENSKI">
      <Text>지노이 로제스트벤스키</Text>
	  <Plurality>2</Plurality>
    </Row>
    <Row Tag="TXT_KEY_UNIT_AMERICAN_MINUTEMAN_STRATEGY">
      <Text>민병대는 머스킷병을 대체하는 미국 고유의 유닛입니다. 이동이 까다로운 지형도 평지처럼 이동할 수 있으며(모든 타일에서 행동력 1 소모) 험준한 지형에서 싸울 때 보너스를 받고, 적을 처치할 때마다 [ICON_GOLDEN_AGE] 황금기를 시작하는 데 필요한 점수를 얻습니다.</Text>
    </Row>
    <Row Tag="TXT_KEY_UNIT_COMPOSITE_BOWMAN">
      <Text>합성궁병</Text>
    </Row>
    <Row Tag="TXT_KEY_UNIT_GALLEASS">
      <Text>갈레아스</Text>
	  <Plurality>2</Plurality>
    </Row>
    <Row Tag="TXT_KEY_UNIT_GATLINGGUN">
      <Text>개틀링 기관총</Text>
    </Row>
    <Row Tag="TXT_KEY_UNIT_GREAT_ADMIRAL">
      <Text>위대한 제독</Text>
    </Row>
    <Row Tag="TXT_KEY_UNIT_GREAT_PROPHET">
      <Text>위대한 선지자</Text>
	  <Plurality>2</Plurality>
    </Row>
    <Row Tag="TXT_KEY_UNIT_GREAT_WAR_INFANTRY">
      <Text>1차 세계대전 보병</Text>
    </Row>
    <Row Tag="TXT_KEY_UNIT_HELP_CARRIER">
      <Text>처음에는 항공기 2대를 적재합니다. 승급하면 적재량이 증가합니다.</Text>
    </Row>
    <Row Tag="TXT_KEY_UNIT_HELP_MINUTEMAN">
      <Text>머스킷총병을 대체하는 미국의 고유 유닛입니다. 지형 페널티가 없고, 거친 지형에서 싸울 때 전투력 보너스를 받으며, 적을 처치할 때마다 [ICON_GOLDEN_AGE] 황금기를 시작하는 데 필요한 점수를 얻습니다.</Text>
    </Row>
    <Row Tag="TXT_KEY_UNIT_INQUISITOR">
      <Text>이단심문관</Text>
    </Row>
    <Row Tag="TXT_KEY_UNIT_MACHINE_GUN">
      <Text>기관총</Text>
    </Row>
    <Row Tag="TXT_KEY_UNIT_MARINE">
      <Text>해병대</Text>
	  <Plurality>2</Plurality>
    </Row>
    <Row Tag="TXT_KEY_UNIT_MEHAL_SEFARI">
      <Text>메할 세파리</Text>
	  <Plurality>2</Plurality>
    </Row>
    <Row Tag="TXT_KEY_UNIT_MISSIONARY">
      <Text>선교사</Text>
	  <Plurality>2</Plurality>
    </Row>
    <Row Tag="TXT_KEY_UNIT_PRIVATEER">
      <Text>사략선</Text>
    </Row>
    <Row Tag="TXT_KEY_UNIT_SEA_BEGGAR">
      <Text>제고이센</Text>
    </Row>
    <Row Tag="TXT_KEY_UNIT_TRIPLANE">
      <Text>1차 세계대전 전투기</Text>
	  <Plurality>2</Plurality>
    </Row>
    <Row Tag="TXT_KEY_UNIT_WWI_BOMBER">
      <Text>1차 세계대전 폭격기</Text>
	  <Plurality>2</Plurality>
    </Row>
    <Row Tag="TXT_KEY_UNIT_WWI_TANK">
      <Text>지상함</Text>
	  <Plurality>2</Plurality>
    </Row>
    <Row Tag="TXT_KEY_UNITCOMBAT_CARRIER">
      <Text>항공모함</Text>
    </Row>
    <Row Tag="TXT_KEY_UNITCOMBAT_NAVALMELEE">
      <Text>근접 해상 유닛</Text>
    </Row>
    <Row Tag="TXT_KEY_UNITCOMBAT_NAVALRANGED">
      <Text>원거리 해상 유닛</Text>
    </Row>
    <Row Tag="TXT_KEY_UNITCOMBAT_SUBMARINE">
      <Text>잠수함</Text>
    </Row>
  </Language_KO_KR>
</GameData>