﻿<?xml version="1.0" encoding="utf-8"?>
<!--Generated with LocalizationBuddy. Modified by N-->
<!--Copyright Firaxis Games 2010-->
<!--All Rights Reserved-->
<GameData>
  <Language_KO_KR>
    <Row Tag="TXT_KEY_CITY_SPY_CITY_STATE_TT">
      <Text>{1_SpyRank} {2_SpyName}{2: plural 1?이; 2?가;} {3_CityName}에 있습니다. {4_SpyRank} {5_SpyName}{5: plural 1?은; 2?는;} 해당 도시 국가에 있는 동안 첩보망을 구축한 다음 해당 도시 국가와 당신 문명의 영향력을 증가시키기 위해 선거를 조작합니다. 다른 문명의 스파이가 있으면 조작할 수 없는 선거가 있을 수 있습니다.</Text>
    </Row>
    <Row Tag="TXT_KEY_CITY_SPY_OTHER_CIV_TT">
      <Text>{1_SpyRank} {2_SpyName}{2: plural 1?이; 2?가;} {3_CityName}에 있습니다. {4_SpyRank} {5_SpyName}{5: plural 1?은; 2?는;} 해당 도시에 있는 동안 첩보망을 구축한 다음 당신이 문명이 아직 연구하지 않은 기술을 훔치려고 시도합니다. {6_SpyRank} {7_SpyName}{7: plural 1?은; 2?는;} 작전 중 해당 도시에서 꾸미는 음모에 대한 정보를 입수할 수도 있습니다.</Text>
    </Row>
    <Row Tag="TXT_KEY_CITY_SPY_YOUR_CITY_TT">
      <Text>{1_SpyRank} {2_SpyName}{2: plural 1?이; 2?가;} {3_CityName}에 있습니다. {4_SpyRank} {5_SpyName}{5: plural 1?은; 2?는;} 해당 도시에서 스파이 색출 활동을 통해 기술을 훔치려는 적 스파이를 검거하거나 죽입니다.</Text>
    </Row>
    <Row Tag="TXT_KEY_EO_CITY_CIV_CITY_STATE_TT">
      <Text>{1_CityName}{1: plural 1?은; 2?는;} [COLOR_POSITIVE_TEXT]{2_CityStateTraitAdj}[COLOR_XX] 도시 국가입니다.</Text>
    </Row>
    <Row Tag="TXT_KEY_EO_CITY_CIV_TT">
      <Text>{1_CityName}{1: plural 1?은; 2?는;} {@2_CivShortDesc}의 지배를 받습니다.</Text>
    </Row>
    <Row Tag="TXT_KEY_EO_CITY_NAME_CITY_STATE_TT">
      <Text>{1_CityName}{1: plural 1?은; 2?는;} [COLOR_POSITIVE_TEXT]{2_CityStateTraitAdj}[COLOR_XX] 도시 국가입니다.</Text>
    </Row>
    <Row Tag="TXT_KEY_EO_CITY_NAME_TT">
      <Text>{1_CityName}{1: plural 1?은; 2?는;} {@2_CivShortDesc}의 지배를 받습니다.</Text>
    </Row>
    <Row Tag="TXT_KEY_EO_CITY_ONCE_KNOWN_POTENTIAL_TT">
      <Text>{1_CityName}의 추정 잠재력은 {2_Num}입니다.[NEWLINE][NEWLINE]이는 전에 이 도시에 잠입한 스파이가 측정한 수치입니다. 최신 정보를 보려면 이 도시에 스파이를 보내십시오.[NEWLINE][NEWLINE]잠재력은 도시에서 기술을 얼마나 빨리 훔칠 수 있는지를 나타냅니다. 이 값이 크면 기술을 빨리 훔칠 수 있습니다. 기본값은 해당 도시가 생산하는 과학량입니다. 도시에 경찰서, 경찰대 등 방어 건물을 건설하면 잠재력이 감소합니다. 레벨이 높은 스파이로 기술을 훔치면 잠재력이 증가합니다.</Text>
    </Row>
    <Row Tag="TXT_KEY_EO_CITY_POPULATION_TT">
      <Text>{1_CityName}의 인구는 {2_Num}입니다.</Text>
    </Row>
    <Row Tag="TXT_KEY_EO_CITY_POTENTIAL_CANNOT_STEAL_TT">
      <Text>해당 문명에 당신이 모르는 기술이 없기 때문에 {1_SpyRank} {2_SpyName}{2: plural 1?이; 2?가;} {3_CityName}에서 훔칠 기술이 없습니다.[NEWLINE][NEWLINE]{4_CityName}의 기본 잠재력은 {5_Num}입니다.[NEWLINE][NEWLINE]잠재력이 높으면 도시에서 기술을 훔치는 데 걸리는 시간이 줄어듭니다. 잠재력은 도시가 생산하는 과학을 바탕으로 합니다. 도시에 경찰대나 경찰서와 같은 방어 건물이 있으면 잠재력이 감소합니다. 스파이의 계급이 높을수록 잠재력이 증가합니다.</Text>
    </Row>
    <Row Tag="TXT_KEY_EO_CITY_POTENTIAL_TT">
      <Text>{1_SpyRank} {2_SpyName}{2: plural 1?이; 2?가;} {4_CityName}에서 {3_Num} 잠재력을 훔치고 있습니다.[NEWLINE]{5_CityName}의 기본 잠재력은 {6_Num}입니다.[NEWLINE][NEWLINE]잠재력은 도시에서 기술을 얼마나 빨리 훔칠 수 있나를 나타냅니다. 이 값이 크면 기술을 빨리 훔칠 수 있습니다. 기본값은 해당 도시가 생산하는 과학량입니다. 도시에 경찰서, 경찰대 등 방어 건물을 건설하면 잠재력이 감소합니다. 레벨이 높은 스파이로 기술을 훔치면 잠재력이 증가합니다.</Text>
    </Row>
    <Row Tag="TXT_KEY_EO_CITY_SORT_TT">
      <Text>도시의 이름입니다.[NEWLINE][NEWLINE]도시를 이름순으로 정렬하려면 클릭하십시오.</Text>
    </Row>
    <Row Tag="TXT_KEY_EO_CITY_STATE_ELECTION">
      <Text>세상 모든 도시 국가는 {1_Num}턴마다 동시에 선거를 실시합니다. 다음 선거까지 {2_Num}턴 남았습니다.</Text>
    </Row>
    <Row Tag="TXT_KEY_EO_CITY_STATE_POTENTIAL_TT">
      <Text>도시 국가에서는 기술을 훔칠 수 없으므로 잠재력도 없습니다.[NEWLINE][NEWLINE]도시 국가에 스파이를 보내면 선거 결과를 조작할 수 있습니다. 한 도시 국가에 스파이가 여러 명 있다면 가장 레벨이 높은 스파이 중 해당 도시에 가장 오래 잠입했던 스파이가 선거 결과를 조작할 확률이 가장 높습니다. 다른 문명과 동맹을 맺은 도시 국가에 잠입한 스파이는 쿠데타를 시도할 수도 있습니다.</Text>
    </Row>
    <Row Tag="TXT_KEY_EO_CITY_VIEW_DISABLED_NO_CITY_TT">
      <Text>도시 화면을 보려면 스파이를 해당 도시에 잡입시켜야 합니다.</Text>
    </Row>
    <Row Tag="TXT_KEY_EO_CITY_VIEW_DISABLED_TT">
      <Text>{1_CityName}의 도시 화면을 보지 못할 수 있습니다.[NEWLINE][NEWLINE]도시 화면을 보려면 스파이를 잠입시켜 첩보망을 구축하십시오.</Text>
    </Row>
    <Row Tag="TXT_KEY_EO_CITY_VIEW_DISABLED_WAIT_TT">
      <Text>{1_CityName}의 도시 화면을 보지 못할 수 있습니다.[NEWLINE][NEWLINE]도시에 스파이가 있지만 아직 첩보망이 구축되지 않아 도시 화면을 볼 수 없습니다.</Text>
    </Row>
    <Row Tag="TXT_KEY_EO_CITY_VIEW_DISABLED_YOUR_CITY_TT">
      <Text>스파이를 통해 {1_CityName} 화면을 볼 필요는 없습니다.[NEWLINE][NEWLINE]당신이 소유한 도시이므로 스파이를 통하지 않아도 도시를 볼 수 있습니다.</Text>
    </Row>
    <Row Tag="TXT_KEY_EO_CITY_VIEW_ENABLED_TT">
      <Text>{1_CityName}의 도시 화면을 보지 못할 수 있습니다.[NEWLINE][NEWLINE]스파이가 첩보망을 구축했거나 외교관이 활동하고 있다면 다른 문명의 도시 화면을 볼 수 있습니다.</Text>
    </Row>
    <Row Tag="TXT_KEY_EO_CITY_VIEW_ENABLED_YOUR_CITY_TT">
      <Text>{1_CityName}의 도시 화면을 보려면 클릭하십시오.[NEWLINE][NEWLINE]자신의 도시는 항상 볼 수 있습니다.</Text>
    </Row>
    <Row Tag="TXT_KEY_EO_CIVILIZATION_SORT_TT">
      <Text>도시를 통치하는 문명입니다.[NEWLINE][NEWLINE]도시를 문명별로 정렬하려면 클릭하십시오.</Text>
    </Row>
    <Row Tag="TXT_KEY_EO_INCREASED_CHANCE_TO_CATCH_SPY_THEM">
      <Text>{1_PlayerName}{1: plural 1?이; 2?가;} {2_SocialPolicyName}{2: plural 1?을; 2?를;} 채택하여 적 스파이를 잡을 확률이 {3_Num}% 증가했습니다.</Text>
    </Row>
    <Row Tag="TXT_KEY_EO_INCREASED_CHANCE_TO_CATCH_SPY_YOU">
      <Text>{1_SocialPolicyName}{1: plural 1?을; 2?를;} 채택하여 적 스파이를 잡을 확률이 {2_Num}% 증가했습니다.</Text>
    </Row>
    <Row Tag="TXT_KEY_EO_INTRIGUE">
      <Text>음모</Text>
    </Row>
    <Row Tag="TXT_KEY_EO_INTRIGUE_TT">
      <Text>음모 화면에서는 스파이나 다른 문명으로부터 보고받은 다른 문명의 계획을 볼 수 있습니다.</Text>
    </Row>
    <Row Tag="TXT_KEY_EO_MOVE_SPY_TO_HIDEOUT_CHECK">
      <Text>{1_SpyRank} {2_SpyName}{2: plural 1?을; 2?를;} 은신처로 이동하시겠습니까?[NEWLINE][NEWLINE]이 명령을 내리면 스파이는 하던 임무를 중지하고 은신처로 이동합니다. 은신처에 있는 스파이는 임무를 수행할 수 없지만, 적에게 죽을 염려도 없습니다.</Text>
    </Row>
    <Row Tag="TXT_KEY_EO_NO_INTRIGUE_AVAILABLE">
      <Text>음모 없음</Text>
    </Row>
    <Row Tag="TXT_KEY_EO_OVERVIEW">
      <Text>개요</Text>
    </Row>
    <Row Tag="TXT_KEY_EO_OVERVIEW_TT">
      <Text>개요 화면에서는 당신의 스파이를 보고 원하는 도시에 침투시켜 첩보망을 구축하고 기술을 훔치고 음모를 파헤치고 선거를 조작하도록 할 수 있습니다.</Text>
    </Row>
    <Row Tag="TXT_KEY_EO_OWN_CITY_POTENTIAL_TT">
      <Text>{1_CityName}의 잠재력은 {2_Num}입니다.[NEWLINE][NEWLINE]자신의 도시의 잠재력은 항상 볼 수 있습니다. 당신의 문명이 기술력으로 우위라면 잠재력이 높은 도시를 보호하는 것이 좋습니다. 두 가지 방법으로 도시를 보호할 수 있습니다. 자신의 스파이를 도시로 보내 대항 스파이로 활동하게 하면 적 스파이가 기술을 훔치기 전에 잡아 죽일 확률이 있습니다. 경찰대나 경찰서, 인터넷 검열 시스템을 건설하면 스파이가 기술을 훔치는 데 걸리는 시간이 증가합니다. </Text>
    </Row>
    <Row Tag="TXT_KEY_EO_POPULATION_SORT_TT">
      <Text>도시의 인구입니다. 인구가 많을 수록 과학도 늘어납니다. 과학이 높을 수록 잠재력도 커집니다.[NEWLINE][NEWLINE]인구별로 도시를 정렬하려면 클릭하십시오.</Text>
    </Row>
    <Row Tag="TXT_KEY_EO_POTENTIAL_BUILDING_MOD_ENTRY">
      <Text>{1_BuildingName} : {2_Num}%</Text>
    </Row>
    <Row Tag="TXT_KEY_EO_POTENTIAL_BUILDING_MOD_TITLE">
      <Text>건물 및 불가사의의 영향 :</Text>
    </Row>
    <Row Tag="TXT_KEY_EO_POTENTIAL_POLICY_MOD_ENTRY">
      <Text>{1_SocialPolicyName} : {2_Num}%</Text>
    </Row>
    <Row Tag="TXT_KEY_EO_POTENTIAL_POLICY_MOD_TITLE">
      <Text>사회 정책으로 인한 영향:</Text>
    </Row>
    <Row Tag="TXT_KEY_EO_POTENTIAL_SORT_TT">
      <Text>잠재력은 도시에서 기술을 얼마나 빨리 훔칠 수 있는지를 나타냅니다. 이값이 클수록 기술을 더 빨리 훔칠 수 있습니다. 기본값은 도시가 생산하는 과학을 바탕으로 합니다. 도시에 경찰대나 경찰서와 같은 방어 건물을 건설하면 잠재력이 감소합니다. 적 스파이의 레벨이 높으면 잠재력이 증가합니다.[NEWLINE][NEWLINE]잠재력으로 도시를 정렬하려면 클릭하십시오.</Text>
    </Row>
    <Row Tag="TXT_KEY_EO_POTENTIAL_WONDER_MOD_ENTRY">
      <Text>{1_WonderName} : {2_Num}%</Text>
    </Row>
    <Row Tag="TXT_KEY_EO_POTENTIAL_WONDER_MOD_TITLE">
      <Text>다른 도시에 건설한 불가사의로 인한 영향:</Text>
    </Row>
    <Row Tag="TXT_KEY_EO_SPY_BUTTON_DISABLED_SPY_DEAD_TT">
      <Text>{1_SpyRank} {2_SpyName}{2: plural 1?이; 2?가;} 죽었습니다. 고인에게 평화를.</Text>
    </Row>
    <Row Tag="TXT_KEY_EO_SPY_COUNTER_INTEL_POLICY_TT">
      <Text>경찰서가 있어 적 스파이를 죽일 확률이 {1_Num}% 증가했습니다.</Text>
    </Row>
    <Row Tag="TXT_KEY_EO_SPY_COUNTER_INTEL_SPY_RANK_TT">
      <Text>대항 스파이 {3_SpyName}의 계급이 {2_RankName}이므로 적 스파이를 죽일 확률이 {1_Num}% 증가했습니다.</Text>
    </Row>
    <Row Tag="TXT_KEY_EO_SPY_COUNTER_INTEL_SUM_TT">
      <Text>적 스파이를 죽일 확률은 총 {1_Num}%입니다.</Text>
    </Row>
    <Row Tag="TXT_KEY_EO_SPY_COUNTER_INTEL_TT">
      <Text>{1_RankName} {2_SpyName}{2: plural 1?이; 2?가;} {3_CityName}에서 스파이 색출 임무를 수행하고 있습니다.[NEWLINE][NEWLINE]적 스파이가 당신이 스파이를 잠입시킨 도시에서 기술을 훔치려 한다면 이를 탐지할 것입니다. 정보를 훔쳐간 스파이의 신원을 파악하거나 현장에서 죽일 수 있습니다. 색출 임무를 수행하는 스파이의 레벨이 높을 수록 기술을 훔치려다 발각된 적 스파이를 죽일 확률도 올라갑니다.</Text>
    </Row>
    <Row Tag="TXT_KEY_EO_SPY_COUP_DISABLED_NO_ALLY_TT">
      <Text>{1_SpyRank} {2_SpyName}{2: plural 1?이; 2?가;} {3_CityName}에서 쿠데타를 시도하려 했으나 {4_CityName}와 동맹을 맺은 문명이 없습니다.</Text>
    </Row>
    <Row Tag="TXT_KEY_EO_SPY_COUP_DISABLED_WAIT_TT">
      <Text>{1_SpyRank} {2_SpyName}{2: plural 1?이; 2?가;} {3_CityName}에서 쿠데타를 시도하려 했으나 아직 첩보망이 구축되지 않았습니다.</Text>
    </Row>
    <Row Tag="TXT_KEY_EO_SPY_COUP_DISABLED_YOU_ALLY_TT">
      <Text>{1_SpyRank} {2_SpyName}{2: plural 1?이; 2?가;} {3_CityName}에서 쿠데타를 시도하려 했으나 동맹국이 당신 자신입니다!</Text>
    </Row>
    <Row Tag="TXT_KEY_EO_SPY_COUP_ENABLED_TT">
      <Text>{1_SpyRank} {2_SpyName}{2: plural 1?이; 2?가;} {3_CityName}에서 쿠데타를 일으켜 {4_CivAdjective} 지지자들을 몰아내게 하려면 클릭하십시오.[NEWLINE][NEWLINE]성공률은 {5_Num}%입니다. {6_SpyRank} {7_SpyName}{7: plural 1?이; 2?가;} 임무에 성공하면 {8_CityName}{8: plural 1?과; 2?와;} 동맹이 되며 {9_CivShortDesc}[COLOR_XX]{9: plural 1?이; 2?가;} 당신의 현재 영향력만큼으로 감소하며 다른 모든 문명과의 영향력이 떨어집니다. {10_SpyRank} {11_SpyName}{11: plural 1?이; 2?가;} 임무에 실패하면 사망하며 {12_CityName}와의 영향력이 크게 떨어집니다.[NEWLINE][NEWLINE]성공률을 올리려면 해당 도시 국가와의 영향력을 높이거나 레벨이 더 높은 스파이를 쓰거나 현재 동맹국의 영향력이 떨어지기를 기다리십시오.</Text>
    </Row>
    <Row Tag="TXT_KEY_EO_SPY_GATHERING_INTEL_TT">
      <Text>{1_RankName} {2_SpyName}{2: plural 1?이; 2?가;} {3_CityName}에서 기술을 훔치고 있습니다.[NEWLINE][NEWLINE]잡임한 도시의 문명이 당신에게 없는 기술을 연구했다면 스파이로 기술을 훔치도록 할 수 있습니다.[NEWLINE][NEWLINE]도시 소유주가 해당 도시에 스파이를 가지고 있다면 당신의 스파이가 기술을 훔치다 발각당하거나 죽을 확률이 높아지므로 주의하십시오!</Text>
    </Row>
    <Row Tag="TXT_KEY_EO_SPY_LOCATION_TT">
      <Text>{1_SpyRank} {2_SpyName}{2: plural 1?은; 2?는;} 현재 {3_CityName}에 있습니다.</Text>
    </Row>
    <Row Tag="TXT_KEY_EO_SPY_MOVE_TT">
      <Text>{1_SpyRank} {2_SpyName}{2: plural 1?을; 2?를;} 새로운 곳으로 이동하려면 클릭하십시오.[NEWLINE][NEWLINE]스파이에게 다른 도시로 이동할 것을 명령하면 이를 수행하는데 몇 턴이 걸립니다.[NEWLINE][NEWLINE]스파이가 소유주의 도시에 도착하면 자동으로 스파이 색출 임무를 수행합니다.[NEWLINE][NEWLINE]스파이가 다른 문명의 수도에 도착하면 [ICON_DIPLOMAT]외교관이 되어 해당 문명의 세계 대회 표를 거래할 수 있습니다.[NEWLINE][NEWLINE]스파이가 다른 문명의 도시에 도착하여 [ICON_DIPLOMAT] 외교관이 되지 않으면 자동으로 기술을 훔치려 시도할 것입니다. 하지만 당신의 문명이 이미 연구한 기술은 훔칠 수 없습니다. 도시에 대항 스파이가 있다면 당신의 스파이가 기술을 훔치다 발각되거나 죽을 확률이 높아집니다. 기술을 훔치다 발각되면 외교 관계가 심하게 냉각됩니다![NEWLINE][NEWLINE]도시 국가로 이동한 스파이는 당신의 문명이 더 큰 영향력을 행사하도록 자동으로 선거 결과를 조작합니다.</Text>
    </Row>
    <Row Tag="TXT_KEY_EO_SPY_NAMEPLATE_TT">
      <Text>{1_SpyRank} {2_SpyName}{2: plural 1?은; 2?는;} 당신의 스파이입니다.[NEWLINE][NEWLINE]스파이는 도시에 잠입하기 전에는 할 수 있는 일이 없습니다.[NEWLINE][NEWLINE]당신의 도시에 있는 당신의 스파이는 기술을 훔치려는 적 스파이를 색출합니다.[NEWLINE][NEWLINE]당신의 스파이가 다른 문명의 도시에 있다면 기술을 훔치려 시도합니다. 스파이는 또한 다른 문명이 당신이나 또 다른 문명을 기습 공격하려는 정보 등의 음모를 찾아 이를 보고합니다.[NEWLINE][NEWLINE]도시 국가로 이동한 스파이는 당신의 문명이 더 큰 영향력을 행사하도록 자동으로 선거 결과를 조작합니다.</Text>
    </Row>
    <Row Tag="TXT_KEY_EO_SPY_NEEDS_ASSIGNMENT_TT">
      <Text>스파이를 도시로 보내 악랄한 행위를 하십시오.</Text>
    </Row>
    <Row Tag="TXT_KEY_EO_SPY_RANK_TT">
      <Text>{1_SpyName}{1: plural 1?이; 2?가;} {2_RankName}{2: plural 1?으로; 2?로;} 승급했습니다.[NEWLINE][NEWLINE]스파이는 신병, 요원, 특수요원, 이렇게 세 가지 계급으로 나뉩니다. 계급이 높은 스파이일수록 기술을 빨리 훔치고 기술을 훔치려는 적 스파이를 더 잘 찾아 죽이며 도시 국가의 선거를 조작하거나 다른 문명과 동맹을 맺은 도시 국가에서 쿠데타를 일으키기도 더 쉽습니다.[NEWLINE][NEWLINE]스파이는 기술을 훔치거나 기술을 훔치려는 적 스파이를 죽일 때마다 경험치를 얻습니다.</Text>
    </Row>
    <Row Tag="TXT_KEY_EO_SPY_RIGGING_ELECTIONS_TT">
      <Text>{1_RankName} {2_SpyName}{2: plural 1?이; 2?가;} {3_CityName}에서 선거 결과를 조작해 영향력이 증가했습니다.[NEWLINE][NEWLINE]한 문명만이 선거 결과를 조작할 수 있습니다. 한 도시 국가에 스파이가 여러 명 있다면 가장 계급이 높은 스파이 중 가장 그곳에 오래 머문 스파이가 선거 결과를 조작할 확률이 가장 높습니다.</Text>
    </Row>
    <Row Tag="TXT_KEY_EO_SPY_SURVEILLANCE_TT">
      <Text>{1_RankName} {2_SpyName}{2: plural 1?이; 2?가;} {3_CityName}에서 첩보망을 구축하고 있습니다.[NEWLINE][NEWLINE]첩보망을 구축하고 나면 더 복잡한 다른 작전을 수행할 수 있습니다. 첩보망을 구축하면 다른 문명(도시 국가 제외)의 도시 화면을 볼 수 있습니다.[NEWLINE][NEWLINE]첩보망을 구축하면 또한 한 문명이 다른 문명을 기습 공격하려는 등의 음모를 파헤칠 수 있습니다. 이런 정보는 매우 중요할 수 있습니다!</Text>
    </Row>
    <Row Tag="TXT_KEY_EO_SPY_TRAVELLING_TT">
      <Text>{1_RankName} {2_SpyName}{2: plural 1?이; 2?가;} {3_CityName}{3: plural 1?으로; 2?로;} 이동 중입니다.</Text>
    </Row>
    <Row Tag="TXT_KEY_EO_SPY_UNASSIGNED_TT">
      <Text>{1_RankName} {2_SpyName}{2: plural 1?이; 2?가;} 은신처에서 시간만 보내고 있습니다.[NEWLINE][NEWLINE]도시로 이동시켜 일을 시키십시오.</Text>
    </Row>
    <Row Tag="TXT_KEY_EO_UNASSIGNED_SPIES_TT">
      <Text>임무가 없는 스파이가 {1_Num}명 있습니다.[NEWLINE][NEWLINE]스파이는 다른 문명에서 기술을 훔치거나 다른 문명의 음모를 파헤치거나 도시 국가의 선거를 조작해 영향력을 올릴 수 있습니다. 첩보 개요 화면에서 스파이에게 임무를 주십시오!</Text>
    </Row>
    <Row Tag="TXT_KEY_EO_UNKNOWN_POTENTIAL">
      <Text>?</Text>
    </Row>
    <Row Tag="TXT_KEY_EO_UNKNOWN_POTENTIAL_TT">
      <Text>이 도시의 잠재력은 알 수 없습니다. 이 도시의 잠재력을 보려면 스파이를 보내 첩보망을 구축하십시오.</Text>
    </Row>
    <Row Tag="TXT_KEY_ESPIONAGE_NOT_STARTED_YET">
      <Text>누군가 르네상스 시대를 시작하면 첩보 활동을 시작할 수 있습니다.</Text>
    </Row>
    <Row Tag="TXT_KEY_INTRIGUE_BUILDING_AMPHIBIOUS_ARMY">
      <Text>{1_PlayerName}{1: plural 1?이; 2?가;} 다른 문명을 기습 공격하려고 군대와 호위선을 만들고 있습니다.</Text>
    </Row>
    <Row Tag="TXT_KEY_INTRIGUE_BUILDING_ARMY">
      <Text>{1_PlayerName}{1: plural 1?이; 2?가;} 다른 문명을 기습 공격하려고 군대를 모으고 있습니다.</Text>
    </Row>
    <Row Tag="TXT_KEY_INTRIGUE_CONSTRUCT_WONDER">
      <Text>{1_PlayerName}{1: plural 1?이; 2?가;} {3_CityName}에서 {2_WonderOrProject}{2: plural 1?을; 2?를;} 건설하고 있습니다.</Text>
    </Row>
    <Row Tag="TXT_KEY_INTRIGUE_CONSTRUCT_WONDER_WO_CITY">
      <Text>{1_PlayerName}{1: plural 1?이; 2?가;} {2_WonderOrProject}{2: plural 1?을; 2?를;} 건설하고 있습니다.</Text>
    </Row>
    <Row Tag="TXT_KEY_INTRIGUE_PLOTTING_AGAINST_KNOWN">
      <Text>{1_PlayerName}{1: plural 1?이; 2?가;} {2_PlayerName}{2: plural 1?을; 2?를;} 상대로 음모를 꾸미고 있습니다.</Text>
    </Row>
    <Row Tag="TXT_KEY_INTRIGUE_PLOTTING_AGAINST_UNKNOWN">
      <Text>{1_PlayerName}{1: plural 1?이; 2?가;} 아직 만나지 못한 문명을 상대로 음모를 꾸미고 있습니다.</Text>
    </Row>
    <Row Tag="TXT_KEY_INTRIGUE_PLOTTING_AGAINST_YOU">
      <Text>{1_PlayerName}{1: plural 1?이; 2?가;} 당신을 상대로 음모를 꾸미고 있습니다.</Text>
    </Row>
    <Row Tag="TXT_KEY_INTRIGUE_SNEAK_ATTACK_AMPHIB_AGAINST_KNOWN_CITY_KNOWN">
      <Text>{1_PlayerName}{1: plural 1?이; 2?가;} 바다와 육지에서 {2_CivAdj} 도시 {3_CityName}{3: plural 1?을; 2?를;} 기습 공격했습니다.</Text>
    </Row>
    <Row Tag="TXT_KEY_INTRIGUE_SNEAK_ATTACK_AMPHIB_AGAINST_KNOWN_CITY_UNKNOWN">
      <Text>{1_PlayerName}{1: plural 1?이; 2?가;} 바다와 육지에서 {2_PlayerName}{2: plural 1?을; 2?를;} 기습 공격했습니다.</Text>
    </Row>
    <Row Tag="TXT_KEY_INTRIGUE_SNEAK_ATTACK_AMPHIB_AGAINST_SOMEONE">
      <Text>{1_PlayerName}{1: plural 1?이; 2?가;} 다른 문명을 바다와 육지에서 기습 공격했습니다.</Text>
    </Row>
    <Row Tag="TXT_KEY_INTRIGUE_SNEAK_ATTACK_AMPHIB_AGAINST_UNKNOWN">
      <Text>{1_PlayerName}{1: plural 1?이; 2?가;} 바다와 육지에서 아직 만나지 못한 문명을 기습 공격했습니다.</Text>
    </Row>
    <Row Tag="TXT_KEY_INTRIGUE_SNEAK_ATTACK_AMPHIB_AGAINST_YOU_CITY_KNOWN">
      <Text>{1_PlayerName}{1: plural 1?이; 2?가;} 바다와 육지에서 당신의 도시 {2_CityName}{2: plural 1?을; 2?를;} 기습 공격했습니다.</Text>
    </Row>
    <Row Tag="TXT_KEY_INTRIGUE_SNEAK_ATTACK_AMPHIB_AGAINST_YOU_CITY_UNKNOWN">
      <Text>{1_PlayerName}{1: plural 1?이; 2?가;} 바다와 육지를 통해 당신을 기습 공격했습니다.</Text>
    </Row>
    <Row Tag="TXT_KEY_INTRIGUE_SNEAK_ATTACK_ARMY_AGAINST_KNOWN_CITY_KNOWN">
      <Text>{1_PlayerName}{1: plural 1?이; 2?가;} {2_CivAdj} 도시 {3_CityName}{3: plural 1?을; 2?를;} 기습 공격했습니다.</Text>
    </Row>
    <Row Tag="TXT_KEY_INTRIGUE_SNEAK_ATTACK_ARMY_AGAINST_KNOWN_CITY_UNKNOWN">
      <Text>{1_PlayerName}{1: plural 1?이; 2?가;} {2_PlayerName}{2: plural 1?을; 2?를;} 기습 공격했습니다.</Text>
    </Row>
    <Row Tag="TXT_KEY_INTRIGUE_SNEAK_ATTACK_ARMY_AGAINST_SOMEONE">
      <Text>{1_PlayerName}{1: plural 1?이; 2?가;} 다른 문명을 기습 공격했습니다.</Text>
    </Row>
    <Row Tag="TXT_KEY_INTRIGUE_SNEAK_ATTACK_ARMY_AGAINST_UNKNOWN">
      <Text>{1_PlayerName}{1: plural 1?이; 2?가;} 아직 만나지 못한 문명을 기습 공격했습니다.</Text>
    </Row>
    <Row Tag="TXT_KEY_INTRIGUE_SNEAK_ATTACK_ARMY_AGAINST_YOU_CITY_KNOWN">
      <Text>{1_PlayerName}{1: plural 1?이; 2?가;} 당신의 도시 {2_CityName}{2: plural 1?을; 2?를;} 기습 공격했습니다.</Text>
    </Row>
    <Row Tag="TXT_KEY_INTRIGUE_SNEAK_ATTACK_ARMY_AGAINST_YOU_CITY_UNKNOWN">
      <Text>{1_PlayerName}{1: plural 1?이; 2?가;} 당신을 기습 공격했습니다.</Text>
    </Row>
    <Row Tag="TXT_KEY_MOVE_SPY_CANCEL">
      <Text>취소</Text>
    </Row>
    <Row Tag="TXT_KEY_MOVE_SPY_CANCEL_TT">
      <Text>스파이의 행동을 취소하고 현재 위치에서 대기하도록 합니다.</Text>
    </Row>
    <Row Tag="TXT_KEY_MOVE_SPY_HIDEOUT_BUTTON">
      <Text>은신처로 이동</Text>
    </Row>
    <Row Tag="TXT_KEY_MOVE_SPY_HIDEOUT_BUTTON_TT">
      <Text>해당 스파이가 은신처에서 뾰족한 고기칼로 다트 놀이를 하며 다음 지시를 기다립니다.</Text>
    </Row>
    <Row Tag="TXT_KEY_NO_MORE_SPIES">
      <Text>당신의 스파이가 모두 죽었습니다.[NEWLINE]새 스파이를 모집하고 있습니다.</Text>
    </Row>
    <Row Tag="TXT_KEY_NOTIFICATION_INTRIGUE_BUILDING_AMPHIBIOUS_ARMY">
      <Text>{1_SpyRank} {2_SpyName}{2: plural 1?이; 2?가;} {3_PlayerName}{3: plural 1?이; 2?가;} 다른 문명을 기습 공격하려고 군대와 호위선을 모으고 있다는 사실을 알아냈습니다.</Text>
    </Row>
    <Row Tag="TXT_KEY_NOTIFICATION_INTRIGUE_BUILDING_AMPHIBIOUS_ARMY_S">
      <Text>{1_PlayerName}{1: plural 1?이; 2?가;} 해상에서 기습 공격하려고 군대를 모으고 있습니다!</Text>
    </Row>
    <Row Tag="TXT_KEY_NOTIFICATION_INTRIGUE_BUILDING_ARMY">
      <Text>{1_SpyRank} {2_SpyName}{2: plural 1?이; 2?가;} {3_PlayerName}{3: plural 1?이; 2?가;} 다른 문명을 기습 공격하려고 군대를 모으고 있다는 사실을 알아냈습니다.</Text>
    </Row>
    <Row Tag="TXT_KEY_NOTIFICATION_INTRIGUE_BUILDING_ARMY_S">
      <Text>{1_PlayerName}{1: plural 1?이; 2?가;} 기습 공격을 준비하고 있습니다!</Text>
    </Row>
    <Row Tag="TXT_KEY_NOTIFICATION_INTRIGUE_CONSTRUCT_WONDER">
      <Text>{3_PlayerName}{3: plural 1?이; 2?가;} {5_CityName}에서 {4_WonderOrProject}{4: plural 1?을; 2?를;} 건설하고 있다고 {1_SpyRank} {2_SpyName}{2: plural 1?이; 2?가;} 보고했습니다.</Text>
    </Row>
    <Row Tag="TXT_KEY_NOTIFICATION_INTRIGUE_CONSTRUCT_WONDER_S">
      <Text>{1_PlayerName}{1: plural 1?이; 2?가;} {2_WonderOrProject}{2: plural 1?을; 2?를;} 건설하고 있습니다.</Text>
    </Row>
    <Row Tag="TXT_KEY_NOTIFICATION_INTRIGUE_PLOTTING_AGAINST_KNOWN">
      <Text>{1_SpyRank} {2_SpyName}{2: plural 1?이; 2?가;} {3_CityName}에서 {4_PlayerName}{4: plural 1?이; 2?가;} {5_PlayerName}{5: plural 1?을; 2?를;} 상대로 꾸미는 음모를 알아냈습니다!</Text>
    </Row>
    <Row Tag="TXT_KEY_NOTIFICATION_INTRIGUE_PLOTTING_AGAINST_KNOWN_S">
      <Text>{1_PlayerName}{1: plural 1?이; 2?가;} {2_PlayerName}{2: plural 1?을; 2?를;} 상대로 음모를 꾸미고 있습니다.</Text>
    </Row>
    <Row Tag="TXT_KEY_NOTIFICATION_INTRIGUE_PLOTTING_AGAINST_UNKNOWN">
      <Text>{1_SpyRank} {2_SpyName}{2: plural 1?이; 2?가;} {3_CityName}에서 {4_PlayerName}{4: plural 1?이; 2?가;} 아직 만나지 못한 문명을 상대로 꾸미는 음모를 알아냈습니다.</Text>
    </Row>
    <Row Tag="TXT_KEY_NOTIFICATION_INTRIGUE_PLOTTING_AGAINST_UNKNOWN_S">
      <Text>{1_PlayerName}{1: plural 1?이; 2?가;} 누군가를 상대로 음모를 꾸미고 있습니다.</Text>
    </Row>
    <Row Tag="TXT_KEY_NOTIFICATION_INTRIGUE_PLOTTING_AGAINST_YOU">
      <Text>{1_SpyRank} {2_SpyName}{2: plural 1?이; 2?가;} {3_CityName}에서 {4_PlayerName}{4: plural 1?이; 2?가;} 당신의 문명을 상대로 꾸미는 음모를 알아냈습니다!</Text>
    </Row>
    <Row Tag="TXT_KEY_NOTIFICATION_INTRIGUE_PLOTTING_AGAINST_YOU_S">
      <Text>{1_PlayerName}{1: plural 1?이; 2?가;} 당신을 상대로 음모를 꾸미고 있습니다!</Text>
    </Row>
    <Row Tag="TXT_KEY_NOTIFICATION_INTRIGUE_SNEAK_ATTACK_AMPHIB_AGAINST_KNOWN_CITY_KNOWN">
      <Text>{1_SpyRank} {2_SpyName}{2: plural 1?이; 2?가;} {4_CivAdj} 도시 {5_CityName}{5: plural 1?을; 2?를;} 기습 공격하려고 바다에서 접근하는 {3_CivAdj} 군대와 호위선을 발견했습니다!</Text>
    </Row>
    <Row Tag="TXT_KEY_NOTIFICATION_INTRIGUE_SNEAK_ATTACK_AMPHIB_AGAINST_KNOWN_CITY_KNOWN_S">
      <Text>{1_PlayerName}의 군대가 {2_CityName}{2: plural 1?을; 2?를;} 기습 공격하려고 승선했습니다.</Text>
    </Row>
    <Row Tag="TXT_KEY_NOTIFICATION_INTRIGUE_SNEAK_ATTACK_AMPHIB_AGAINST_KNOWN_CITY_UNKNOWN">
      <Text>{1_SpyRank} {2_SpyName}{2: plural 1?이; 2?가;} {4_CivDesc}{4: plural 1?을; 2?를;} 기습 공격하려고 바다에서 접근하는 {3_CivAdj} 군대와 호위선을 발견했습니다!</Text>
    </Row>
    <Row Tag="TXT_KEY_NOTIFICATION_INTRIGUE_SNEAK_ATTACK_AMPHIB_AGAINST_KNOWN_CITY_UNKNOWN_S">
      <Text>{1_PlayerName}의 군대가 {2_PlayerName}{2: plural 1?을; 2?를;} 기습 공격하려고 승선했습니다.</Text>
    </Row>
    <Row Tag="TXT_KEY_NOTIFICATION_INTRIGUE_SNEAK_ATTACK_AMPHIB_AGAINST_SOMEONE">
      <Text>기습 공격을 위해 호위선과 함께 승선한 {3_CivAdj} 군대를 발견했다고 {1_SpyRank} {2_SpyName}{2: plural 1?이; 2?가;} 보고했습니다. 이 군대의 목적지는 알 수 없습니다.</Text>
    </Row>
    <Row Tag="TXT_KEY_NOTIFICATION_INTRIGUE_SNEAK_ATTACK_AMPHIB_AGAINST_SOMEONE_S">
      <Text>다른 문명을 기습 공격하려는 {1_PlayerName}의 군대가 승선했습니다.</Text>
    </Row>
    <Row Tag="TXT_KEY_NOTIFICATION_INTRIGUE_SNEAK_ATTACK_AMPHIB_AGAINST_UNKNOWN">
      <Text>{1_SpyRank} {2_SpyName}{2: plural 1?이; 2?가;} 아직 만나지 못한 문명을 기습 공격하려고 항해 중인 {3_CivAdj} 군대와 호위선을 발견했습니다!</Text>
    </Row>
    <Row Tag="TXT_KEY_NOTIFICATION_INTRIGUE_SNEAK_ATTACK_AMPHIB_AGAINST_UNKNOWN_S">
      <Text>{1_PlayerName}의 군대가 아직 만나지 못한 문명을 기습 공격하려고 승선했습니다.</Text>
    </Row>
    <Row Tag="TXT_KEY_NOTIFICATION_INTRIGUE_SNEAK_ATTACK_AMPHIB_AGAINST_YOU_CITY_KNOWN">
      <Text>{1_SpyRank} {2_SpyName}{2: plural 1?이; 2?가;} 당신의 도시 {4_CityName}{4: plural 1?을; 2?를;} 기습 공격하려고 바다에서 접근하는 {3_CivAdj} 군대와 호위선을 발견했습니다!</Text>
    </Row>
    <Row Tag="TXT_KEY_NOTIFICATION_INTRIGUE_SNEAK_ATTACK_AMPHIB_AGAINST_YOU_CITY_KNOWN_S">
      <Text>{1_PlayerName}의 군대가 당신의 도시 {2_CityName}{2: plural 1?을; 2?를;} 기습 공격하려고 승선했습니다!</Text>
    </Row>
    <Row Tag="TXT_KEY_NOTIFICATION_INTRIGUE_SNEAK_ATTACK_AMPHIB_AGAINST_YOU_CITY_UNKNOWN">
      <Text>{1_SpyRank} {2_SpyName}{2: plural 1?이; 2?가;} 당신을 기습 공격하려고 바다에서 접근하는 {3_CivAdj} 군대와 호위선을 발견했습니다!</Text>
    </Row>
    <Row Tag="TXT_KEY_NOTIFICATION_INTRIGUE_SNEAK_ATTACK_AMPHIB_AGAINST_YOU_CITY_UNKNOWN_S">
      <Text>{1_PlayerName}의 군대가 당신을 기습 공격하려고 승선했습니다!</Text>
    </Row>
    <Row Tag="TXT_KEY_NOTIFICATION_INTRIGUE_SNEAK_ATTACK_ARMY_AGAINST_KNOWN_CITY_KNOWN">
      <Text>{1_SpyRank} {2_SpyName}{2: plural 1?이; 2?가;} {4_CivDesc} 도시 {5_CityName}{5: plural 1?을; 2?를;} 기습 공격하려고 이동 중인 {3_CivAdj} 군대를 발견했습니다.</Text>
    </Row>
    <Row Tag="TXT_KEY_NOTIFICATION_INTRIGUE_SNEAK_ATTACK_ARMY_AGAINST_KNOWN_CITY_KNOWN_S">
      <Text>{1_PlayerName}{1: plural 1?이; 2?가;} {2_CityName}{2: plural 1?을; 2?를;} 기습 공격하려고 합니다.</Text>
    </Row>
    <Row Tag="TXT_KEY_NOTIFICATION_INTRIGUE_SNEAK_ATTACK_ARMY_AGAINST_KNOWN_CITY_UNKNOWN">
      <Text>{1_SpyRank} {2_SpyName}{2: plural 1?이; 2?가;} {4_CivDesc}{4: plural 1?을; 2?를;} 기습 공격하려고 이동 중인 {3_CivAdj} 군대를 발견했습니다.</Text>
    </Row>
    <Row Tag="TXT_KEY_NOTIFICATION_INTRIGUE_SNEAK_ATTACK_ARMY_AGAINST_KNOWN_CITY_UNKNOWN_S">
      <Text>{1_PlayerName}{1: plural 1?이; 2?가;} {2_PlayerName}{2: plural 1?을; 2?를;} 기습 공격하려고 합니다.</Text>
    </Row>
    <Row Tag="TXT_KEY_NOTIFICATION_INTRIGUE_SNEAK_ATTACK_ARMY_AGAINST_SOMEONE">
      <Text>{3_CivAdj} 군대가 다른 문명을 기습 공격하기 위해 행군하고 있다고 {1_SpyRank} {2_SpyName}{2: plural 1?이; 2?가;} 보고했습니다. 이 군대의 목적지는 알 수 없습니다.</Text>
    </Row>
    <Row Tag="TXT_KEY_NOTIFICATION_INTRIGUE_SNEAK_ATTACK_ARMY_AGAINST_SOMEONE_S">
      <Text>{1_PlayerName}{1: plural 1?이; 2?가;} 다른 문명을 기습 공격하려고 합니다.</Text>
    </Row>
    <Row Tag="TXT_KEY_NOTIFICATION_INTRIGUE_SNEAK_ATTACK_ARMY_AGAINST_UNKNOWN">
      <Text>{1_SpyRank} {2_SpyName}{2: plural 1?이; 2?가;} 아직 만나지 못한 문명을 기습 공격하려고 이동 중인 {3_CivAdj} 군대를 발견했습니다.</Text>
    </Row>
    <Row Tag="TXT_KEY_NOTIFICATION_INTRIGUE_SNEAK_ATTACK_ARMY_AGAINST_UNKNOWN_S">
      <Text>{1_PlayerName}{1: plural 1?이; 2?가;} 아직 만나지 못한 문명을 기습 공격하려고 합니다.</Text>
    </Row>
    <Row Tag="TXT_KEY_NOTIFICATION_INTRIGUE_SNEAK_ATTACK_ARMY_AGAINST_YOU_CITY_KNOWN">
      <Text>{1_SpyRank} {2_SpyName}{2: plural 1?이; 2?가;} 당신의 도시 {4_CityName}{4: plural 1?을; 2?를;} 기습하려고 이동 중인 {3_CivAdj} 군대를 발견했습니다!</Text>
    </Row>
    <Row Tag="TXT_KEY_NOTIFICATION_INTRIGUE_SNEAK_ATTACK_ARMY_AGAINST_YOU_CITY_KNOWN_S">
      <Text>{1_PlayerName}{1: plural 1?이; 2?가;} 당신의 도시 {2_CityName}{2: plural 1?을; 2?를;} 기습 공격하려고 합니다!</Text>
    </Row>
    <Row Tag="TXT_KEY_NOTIFICATION_INTRIGUE_SNEAK_ATTACK_ARMY_AGAINST_YOU_CITY_UNKNOWN">
      <Text>{1_SpyRank} {2_SpyName}{2: plural 1?이; 2?가;} 당신을 기습하려고 이동 중인 {3_CivAdj} 군대를 발견했습니다!</Text>
    </Row>
    <Row Tag="TXT_KEY_NOTIFICATION_INTRIGUE_SNEAK_ATTACK_ARMY_AGAINST_YOU_CITY_UNKNOWN_S">
      <Text>{1_PlayerName}이 기습 공격하려고 합니다!</Text>
    </Row>
    <Row Tag="TXT_KEY_NOTIFICATION_KILLED_A_SPY">
      <Text>당신의 스파이 {1_SpyRank} {2_SpyName}{2: plural 1?이; 2?가;} {4_CityName}에서 기술을 훔치려다 적발된 {3_CivAdj} 스파이를 제거했습니다!</Text>
    </Row>
    <Row Tag="TXT_KEY_NOTIFICATION_KILLED_A_SPY_S">
      <Text>{1_CivAdj} 스파이를 제거했습니다!</Text>
    </Row>
    <Row Tag="TXT_KEY_NOTIFICATION_SPY_CANT_STEAL_TECH">
      <Text>{1_SpyRank} {2_SpyName}{2: plural 1?이; 2?가;} {@3_CivShortName}에서 훔칠 기술이 없습니다. 당신의 기술 수준이 해당 문명의 기술 수준을 능가합니다.</Text>
    </Row>
    <Row Tag="TXT_KEY_NOTIFICATION_SPY_CANT_STEAL_TECH_S">
      <Text>{@1_CivShortName}에서 훔칠 기술이 없습니다.</Text>
    </Row>
    <Row Tag="TXT_KEY_NOTIFICATION_SPY_CREATED">
      <Text>스파이 {1_SpyName}{1: plural 1?을; 2?를;} 모집했습니다.</Text>
    </Row>
    <Row Tag="TXT_KEY_NOTIFICATION_SPY_EVICTED_CONQUEST">
      <Text>{@4_CivShortName}{@4: plural 1?이; 2?가;} {3_CityName}{3: plural 1?을; 2?를;} 점령할 때 {1_SpyRank} {2_SpyName}{2: plural 1?이; 2?가;} 도시에서 도망쳤습니다. 스파이를 다시 배치할 수 있습니다. </Text>
    </Row>
    <Row Tag="TXT_KEY_NOTIFICATION_SPY_EVICTED_CONQUEST_S">
      <Text>도시 점령 시 스파이 탈출</Text>
    </Row>
    <Row Tag="TXT_KEY_NOTIFICATION_SPY_EVICTED_CONQUEST_YOU">
      <Text>당신이 {3_CityName}{3: plural 1?을; 2?를;} 점령할 때 {1_SpyRank} {2_SpyName}{2: plural 1?이; 2?가;} 도시에서 도망쳤습니다. 스파이를 다시 배치할 수 있습니다. </Text>
    </Row>
    <Row Tag="TXT_KEY_NOTIFICATION_SPY_EVICTED_TRADE">
      <Text>{3_CityName}{3: plural 1?을; 2?를;} {@4_CivShortName}에게 양도하여 도시에 배치되었던 {1_SpyRank} {2_SpyName}{2: plural 1?이; 2?가;} 돌아왔습니다. 스파이를 다시 배치할 수 있습니다.</Text>
    </Row>
    <Row Tag="TXT_KEY_NOTIFICATION_SPY_EVICTED_TRADE_S">
      <Text>스파이가 도시를 떠남</Text>
    </Row>
    <Row Tag="TXT_KEY_NOTIFICATION_SPY_EVICTED_TRADE_YOU">
      <Text>{3_CityName}{3: plural 1?이; 2?가;} 당신의 도시가 되어 배치되었던 {1_SpyRank} {2_SpyName}{2: plural 1?이; 2?가;} 돌아왔습니다. 스파이를 다시 배치할 수 있습니다.</Text>
    </Row>
    <Row Tag="TXT_KEY_NOTIFICATION_SPY_PROMOTED">
      <Text>{1_SpyName}{1: plural 1?이; 2?가;} {@2_RankName}에서 {@3_RankName}{@3: plural 1?으로; 2?로;} 승급했습니다.[NEWLINE]승급한 스파이는 기술을 더 빨리 훔칠 수 있으며 적 스파이를 더 잘 탐지할 수 있습니다.</Text>
    </Row>
    <Row Tag="TXT_KEY_NOTIFICATION_SPY_REVIVED">
      <Text>작전 중 사망한 스파이를 대신해서 {1_SpyRank} {2_SpyName}{2: plural 1?을; 2?를;} 모집했습니다.</Text>
    </Row>
    <Row Tag="TXT_KEY_NOTIFICATION_SPY_REVIVED_S">
      <Text>대체 스파이 모집</Text>
    </Row>
    <Row Tag="TXT_KEY_NOTIFICATION_SPY_RIG_ELECTION_ALERT">
      <Text>{1_CityName}의 선거 결과 해당 도시 국가와의 영향력이 뚝 떨어졌습니다. 적 스파이가 선거 결과를 조작했을 수 있습니다.</Text>
    </Row>
    <Row Tag="TXT_KEY_NOTIFICATION_SPY_RIG_ELECTION_ALERT_S">
      <Text>{1_CityName} 선거 조작극!</Text>
    </Row>
    <Row Tag="TXT_KEY_NOTIFICATION_SPY_RIG_ELECTION_FAILURE">
      <Text>{1_SpyRank}{2_SpyName}{2: plural 1?이; 2?가;} {3_CityName}에서 선거 결과 조작에 실패했습니다. {4_CivShortDesc}{4: plural 1?이; 2?가;} 선거 결과를 조작해 해당 도시 국가와의 영향력이 증가했습니다.</Text>
    </Row>
    <Row Tag="TXT_KEY_NOTIFICATION_SPY_RIG_ELECTION_FAILURE_S">
      <Text>{1_CityName} 선거 조작 실패!</Text>
    </Row>
    <Row Tag="TXT_KEY_NOTIFICATION_SPY_RIG_ELECTION_SUCCESS">
      <Text>{1_SpyRank} {2_SpyName}{2: plural 1?이; 2?가;} {3_CityName}에서 선거 결과를 조작해 당신의 영향력을 높이고 다른 문명의 영향력을 낮추었습니다.</Text>
    </Row>
    <Row Tag="TXT_KEY_NOTIFICATION_SPY_RIG_ELECTION_SUCCESS_S">
      <Text>{1_CityName} 선거 조작!</Text>
    </Row>
    <Row Tag="TXT_KEY_NOTIFICATION_SPY_STAGE_COUP_FAILURE">
      <Text>{1_CivShortDesc}{1: plural 1?이; 2?가;} {2_CityName}에서 쿠데타를 일으켰으나 해당 도시와 동맹을 맺은 {3_CivAdj} 지지자들을 몰아내지 못했습니다.</Text>
    </Row>
    <Row Tag="TXT_KEY_NOTIFICATION_SPY_STAGE_COUP_FAILURE_S">
      <Text>{2_CityName}에서 {1_CivAdj} 쿠데타가 발생했으나 실패</Text>
    </Row>
    <Row Tag="TXT_KEY_NOTIFICATION_SPY_STAGE_COUP_SUCCESS">
      <Text>{1_CivShortDesc}{1: plural 1?이; 2?가;} {2_CityName}에서 {3_CivAdj} 지지자들을 몰아내기 위한 쿠데타에 성공해 자신들의 지지자를 정부 각층에 심었습니다. 이제 해당 도시 국가는 해당 문명의 동맹입니다.</Text>
    </Row>
    <Row Tag="TXT_KEY_NOTIFICATION_SPY_STAGE_COUP_SUCCESS_S">
      <Text>{2_CityName}에서 {1_CivShortDesc} 쿠데타가 발생</Text>
    </Row>
    <Row Tag="TXT_KEY_NOTIFICATION_SPY_STEAL_BLOCKING">
      <Text>기술 훔치기</Text>
    </Row>
    <Row Tag="TXT_KEY_NOTIFICATION_SPY_STEAL_BLOCKING_TT">
      <Text>스파이가 상대 문명의 기술을 훔치기에 충분한 정보를 모았습니다. 훔칠 기술을 선택하십시오.</Text>
    </Row>
    <Row Tag="TXT_KEY_NOTIFICATION_SPY_STEAL_TECH">
      <Text>{3_CityName}에 잠입한 {1_SpyRank} {2_SpyName}{2: plural 1?이; 2?가;} {@4_CivShortName}에서 기술을 훔치기에 충분한 정보를 모았습니다!</Text>
    </Row>
    <Row Tag="TXT_KEY_NOTIFICATION_SPY_STEAL_TECH_S">
      <Text>기술 훔치기</Text>
    </Row>
    <Row Tag="TXT_KEY_NOTIFICATION_SPY_WAS_KILLED">
      <Text>{4_CityName}에 잠입한 {1_SpyRank} {2_SpyName}{2: plural 1?이; 2?가;} 기술을 훔치다 {3_CivAdj} 대항 스파이에게 잡혀 죽었습니다!</Text>
    </Row>
    <Row Tag="TXT_KEY_NOTIFICATION_SPY_WAS_KILLED_S">
      <Text>{1_SpyName}{1: plural 1?이; 2?가;} 죽었습니다!</Text>
    </Row>
    <Row Tag="TXT_KEY_NOTIFICATION_SPY_YOU_STAGE_COUP_FAILURE">
      <Text>{3_CityName}에 잠입한 {1_SpyRank} {2_SpyName}이 {4_CivShortDesc} 지지자들을 몰아내고자 쿠데타를 시도했지만 실패했습니다. {1_SpyRank} {2_SpyName}은 작전 중 사망했습니다.</Text>
    </Row>
    <Row Tag="TXT_KEY_NOTIFICATION_SPY_YOU_STAGE_COUP_FAILURE_S">
      <Text>{1_CityName} 쿠데타 실패!</Text>
    </Row>
    <Row Tag="TXT_KEY_NOTIFICATION_SPY_YOU_STAGE_COUP_SUCCESS">
      <Text>{3_CityName}에 잠입한 {1_SpyRank} {2_SpyName}이 쿠데타를 성공시켜 {4_CivShortDesc} 지지자들이 물러나고 당신과 동맹을 맺은 사람들이 지도자가 되었습니다.</Text>
    </Row>
    <Row Tag="TXT_KEY_NOTIFICATION_SPY_YOU_STAGE_COUP_SUCCESS_S">
      <Text>{1_CityName} 쿠데타 성공!</Text>
    </Row>
    <Row Tag="TXT_KEY_NOTIFICATION_SUMMARY_SPY_CREATED">
      <Text>스파이를 모집했습니다!</Text>
    </Row>
    <Row Tag="TXT_KEY_NOTIFICATION_SUMMARY_SPY_PROMOTED">
      <Text>{1_SpyName}{1: plural 1?이; 2?가;} 승급했습니다!</Text>
    </Row>
    <Row Tag="TXT_KEY_NOTIFICATION_TECH_STOLEN_SPY_DETECTED">
      <Text>정체불명의 스파이가 {2_CityName}에서 {1_Tech}{1: plural 1?을; 2?를;} 훔쳐갔습니다!</Text>
    </Row>
    <Row Tag="TXT_KEY_NOTIFICATION_TECH_STOLEN_SPY_DETECTED_S">
      <Text>누군가 {1_Tech}{1: plural 1?을; 2?를;} 훔쳐갔습니다!</Text>
    </Row>
    <Row Tag="TXT_KEY_NOTIFICATION_TECH_STOLEN_SPY_DETECTED_W_TIP">
      <Text>정체불명의 스파이가 {2_CityName}에서 {1_Tech}{1: plural 1?을; 2?를;} 훔쳐갔습니다![NEWLINE]해당 도시에 스파이를 배치해 다른 문명이 더이상 기술을 훔쳐가지 못하도록 하십시오.</Text>
    </Row>
    <Row Tag="TXT_KEY_NOTIFICATION_TECH_STOLEN_SPY_DETECTED_WO_TECH">
      <Text>정체불명의 스파이가 {1_CityName}에서 기술을 훔쳐갔습니다!</Text>
    </Row>
    <Row Tag="TXT_KEY_NOTIFICATION_TECH_STOLEN_SPY_DETECTED_WO_TECH_S">
      <Text>누군가 기술을 훔쳐갔습니다!</Text>
    </Row>
    <Row Tag="TXT_KEY_NOTIFICATION_TECH_STOLEN_SPY_DETECTED_WO_TECH_W_TIP">
      <Text>정체불명의 스파이가 {1_CityName}에서 기술을 훔쳐갔습니다![NEWLINE]해당 도시에 스파이를 배치해 다른 문명이 더이상 기술을 훔쳐가지 못하도록 하십시오.</Text>
    </Row>
    <Row Tag="TXT_KEY_NOTIFICATION_TECH_STOLEN_SPY_IDENTIFIED">
      <Text>{1_CivAdj} 스파이가 {3_CityName}에서 {2_Tech}{2: plural 1?을; 2?를;} 훔쳐갔습니다!</Text>
    </Row>
    <Row Tag="TXT_KEY_NOTIFICATION_TECH_STOLEN_SPY_IDENTIFIED_S">
      <Text>{1_CivShortDesc}{1: plural 1?이; 2?가;} {2_Tech}{2: plural 1?을; 2?를;} 훔쳐갔습니다!</Text>
    </Row>
    <Row Tag="TXT_KEY_NOTIFICATION_TECH_STOLEN_SPY_IDENTIFIED_W_TIP">
      <Text>{1_CivAdj} 스파이가 {3_CityName}에서 {2_Tech}{2: plural 1?을; 2?를;} 훔쳐갔습니다![NEWLINE]해당 도시에 스파이를 배치해 다른 문명이 더이상 기술을 훔쳐가지 못하도록 하십시오.</Text>
    </Row>
    <Row Tag="TXT_KEY_NOTIFICATION_TECH_STOLEN_SPY_IDENTIFIED_WO_TECH">
      <Text>{1_CivAdj} 스파이가 {2_CityName}에서 기술을 훔쳐갔습니다!</Text>
    </Row>
    <Row Tag="TXT_KEY_NOTIFICATION_TECH_STOLEN_SPY_IDENTIFIED_WO_TECH_S">
      <Text>{1_CivShortDesc}{1: plural 1?이; 2?가;} 기술을 훔쳐갔습니다!</Text>
    </Row>
    <Row Tag="TXT_KEY_NOTIFICATION_TECH_STOLEN_SPY_IDENTIFIED_WO_TECH_W_TIP">
      <Text>{1_CivAdj} 스파이가 {2_CityName}에서 기술을 훔쳐갔습니다![NEWLINE]해당 도시에 스파이를 배치해 다른 문명이 더이상 기술을 훔쳐가지 못하도록 하십시오.</Text>
    </Row>
    <Row Tag="TXT_KEY_SPY_FULL_NAME">
      <Text>{1_RankName} {2_AgentName}</Text>
    </Row>
    <Row Tag="TXT_KEY_SPY_LOCATION_UNASSIGNED">
      <Text>배치 필요</Text>
    </Row>
    <Row Tag="TXT_KEY_SPY_OCCUPYING_CITY">
      <Text>{1_AgentName}{1: plural 1?이; 2?가;} 이 도시에 있습니다.</Text>
    </Row>
    <Row Tag="TXT_KEY_SPY_RANK_0">
      <Text>신병</Text>
    </Row>
    <Row Tag="TXT_KEY_SPY_RANK_1">
      <Text>요원</Text>
    </Row>
    <Row Tag="TXT_KEY_SPY_RANK_2">
      <Text>특수 요원</Text>
    </Row>
    <Row Tag="TXT_KEY_SPY_STATE_COUNTER_INTEL">
      <Text>대 스파이 정보망</Text>
    </Row>
    <Row Tag="TXT_KEY_SPY_STATE_DEAD">
      <Text>작전 중 사망</Text>
    </Row>
    <Row Tag="TXT_KEY_SPY_STATE_ESTABLISHED_SURVEILLANCE">
      <Text>활동 감시 중</Text>
    </Row>
    <Row Tag="TXT_KEY_SPY_STATE_ESTABLISHED_SURVEILLANCE_PROGRESS_BAR">
      <Text>훔칠 기술 없음</Text>
    </Row>
    <Row Tag="TXT_KEY_SPY_STATE_GATHERING_INTEL">
      <Text>정보 수집 중</Text>
    </Row>
    <Row Tag="TXT_KEY_SPY_STATE_RIGGING_ELECTION">
      <Text>선거 조작</Text>
    </Row>
    <Row Tag="TXT_KEY_SPY_STATE_SURVEILLANCE">
      <Text>첩보망 구축 중</Text>
    </Row>
    <Row Tag="TXT_KEY_SPY_STATE_TRAVELLING">
      <Text>이동 중</Text>
    </Row>
    <Row Tag="TXT_KEY_SPY_STATE_UNASSIGNED">
      <Text>배치되지 않음</Text>
    </Row>
  </Language_KO_KR>
</GameData>