﻿<?xml version="1.0" encoding="utf-8"?>
<!--Generated with LocalizationBuddy. Modified by N-->
<!--Copyright Firaxis Games 2010-->
<!--All Rights Reserved-->
<GameData>
  <Language_KO_KR>
    <Row Tag="TXT_KEY_TECH_BRONZE_WORKING_HELP">
      <Text>지도에 [ICON_RES_IRON][COLOR_POSITIVE_TEXT]철[COLOR_XX] 자원을 표시하고 정글 타일에 다른 시설을 건설할 수 있도록 노동자에게 [COLOR_POSITIVE_TEXT]정글 개간[COLOR_XX] 명령을 내릴 수 있습니다. 또한 기마 유닛에 강한 [COLOR_POSITIVE_TEXT]창병[COLOR_XX]을 생산할 수 있습니다.</Text>
    </Row>
    <Row Tag="TXT_KEY_TECH_INTERNET_TITLE">
      <Text>인터넷</Text>
    </Row>
    <Row Tag="TXT_KEY_TECH_IRON_WORKING_HELP">
      <Text>매우 강력한 접근전 유닛인 [COLOR_POSITIVE_TEXT]검사[COLOR_XX]를 생산할 수 있습니다.</Text>
    </Row>
  </Language_KO_KR>
</GameData>