﻿<?xml version="1.0" encoding="utf-8"?>
<!--Generated with LocalizationBuddy. Modified by N-->
<!--Copyright Firaxis Games 2010-->
<!--All Rights Reserved-->
<GameData>
  <Language_KO_KR>
    <Row Tag="TXT_KEY_SPY_NAME_AMERICA_0">
      <Text>커즌</Text>
    </Row>
    <Row Tag="TXT_KEY_SPY_NAME_AMERICA_1">
      <Text>펠릭스</Text>
	  <Plurality>2</Plurality>
    </Row>
    <Row Tag="TXT_KEY_SPY_NAME_AMERICA_2">
      <Text>데니스</Text>
	  <Plurality>2</Plurality>
    </Row>
    <Row Tag="TXT_KEY_SPY_NAME_AMERICA_3">
      <Text>에드워드</Text>
	  <Plurality>2</Plurality>
    </Row>
    <Row Tag="TXT_KEY_SPY_NAME_AMERICA_4">
      <Text>렉스박사</Text>
	  <Plurality>2</Plurality>
    </Row>
    <Row Tag="TXT_KEY_SPY_NAME_AMERICA_5">
      <Text>엘리자</Text>
	  <Plurality>2</Plurality>
    </Row>
    <Row Tag="TXT_KEY_SPY_NAME_AMERICA_6">
      <Text>메리</Text>
	  <Plurality>2</Plurality>
    </Row>
    <Row Tag="TXT_KEY_SPY_NAME_AMERICA_7">
      <Text>버지니아</Text>
	  <Plurality>2</Plurality>
    </Row>
    <Row Tag="TXT_KEY_SPY_NAME_AMERICA_8">
      <Text>스칼렛</Text>
    </Row>
    <Row Tag="TXT_KEY_SPY_NAME_AMERICA_9">
      <Text>바바라</Text>
	  <Plurality>2</Plurality>
    </Row>
    <Row Tag="TXT_KEY_SPY_NAME_ARABIA_0">
      <Text>솔호파트</Text>
	  <Plurality>2</Plurality>
    </Row>
    <Row Tag="TXT_KEY_SPY_NAME_ARABIA_1">
      <Text>켄지어</Text>
	  <Plurality>2</Plurality>
    </Row>
    <Row Tag="TXT_KEY_SPY_NAME_ARABIA_2">
      <Text>자라파</Text>
	  <Plurality>2</Plurality>
    </Row>
    <Row Tag="TXT_KEY_SPY_NAME_ARABIA_3">
      <Text>템사</Text>
	  <Plurality>2</Plurality>
    </Row>
    <Row Tag="TXT_KEY_SPY_NAME_ARABIA_4">
      <Text>아비야드</Text>
	  <Plurality>2</Plurality>
    </Row>
    <Row Tag="TXT_KEY_SPY_NAME_ARABIA_5">
      <Text>모스타파</Text>
	  <Plurality>2</Plurality>
    </Row>
    <Row Tag="TXT_KEY_SPY_NAME_ARABIA_6">
      <Text>유수프</Text>
	  <Plurality>2</Plurality>
    </Row>
    <Row Tag="TXT_KEY_SPY_NAME_ARABIA_7">
      <Text>와다</Text>
	  <Plurality>2</Plurality>
    </Row>
    <Row Tag="TXT_KEY_SPY_NAME_ARABIA_8">
      <Text>삼미라</Text>
	  <Plurality>2</Plurality>
    </Row>
    <Row Tag="TXT_KEY_SPY_NAME_ARABIA_9">
      <Text>가말</Text>
    </Row>
    <Row Tag="TXT_KEY_SPY_NAME_AZTEC_0">
      <Text>메츠틸</Text>
    </Row>
    <Row Tag="TXT_KEY_SPY_NAME_AZTEC_1">
      <Text>지틀라이</Text>
	  <Plurality>2</Plurality>
    </Row>
    <Row Tag="TXT_KEY_SPY_NAME_AZTEC_2">
      <Text>침말리</Text>
	  <Plurality>2</Plurality>
    </Row>
    <Row Tag="TXT_KEY_SPY_NAME_AZTEC_3">
      <Text>쿠아우틸</Text>
    </Row>
    <Row Tag="TXT_KEY_SPY_NAME_AZTEC_4">
      <Text>테야카판</Text>
    </Row>
    <Row Tag="TXT_KEY_SPY_NAME_AZTEC_5">
      <Text>야오틀</Text>
    </Row>
    <Row Tag="TXT_KEY_SPY_NAME_AZTEC_6">
      <Text>코아틀</Text>
    </Row>
    <Row Tag="TXT_KEY_SPY_NAME_AZTEC_7">
      <Text>후이치린</Text>
    </Row>
    <Row Tag="TXT_KEY_SPY_NAME_AZTEC_8">
      <Text>이즐리</Text>
	  <Plurality>2</Plurality>
    </Row>
    <Row Tag="TXT_KEY_SPY_NAME_AZTEC_9">
      <Text>테핀</Text>
    </Row>
    <Row Tag="TXT_KEY_SPY_NAME_BABYLON_0">
      <Text>림신 2세</Text>
    </Row>
    <Row Tag="TXT_KEY_SPY_NAME_BABYLON_1">
      <Text>스메디스</Text>
	  <Plurality>2</Plurality>
    </Row>
    <Row Tag="TXT_KEY_SPY_NAME_BABYLON_2">
      <Text>일럼마일리</Text>
	  <Plurality>2</Plurality>
    </Row>
    <Row Tag="TXT_KEY_SPY_NAME_BABYLON_3">
      <Text>페시갈다라메시</Text>
	  <Plurality>2</Plurality>
    </Row>
    <Row Tag="TXT_KEY_SPY_NAME_BABYLON_4">
      <Text>우르지구루마스</Text>
	  <Plurality>2</Plurality>
    </Row>
    <Row Tag="TXT_KEY_SPY_NAME_BABYLON_5">
      <Text>세미라미스</Text>
	  <Plurality>2</Plurality>
    </Row>
    <Row Tag="TXT_KEY_SPY_NAME_BABYLON_6">
      <Text>엠</Text>
    </Row>
    <Row Tag="TXT_KEY_SPY_NAME_BABYLON_7">
      <Text>이샤타</Text>
	  <Plurality>2</Plurality>
    </Row>
    <Row Tag="TXT_KEY_SPY_NAME_BABYLON_8">
      <Text>빌리트 타우스</Text>
	  <Plurality>2</Plurality>
    </Row>
    <Row Tag="TXT_KEY_SPY_NAME_BABYLON_9">
      <Text>아루루</Text>
	  <Plurality>2</Plurality>
    </Row>
    <Row Tag="TXT_KEY_SPY_NAME_CHINA_0">
      <Text>리</Text>
	  <Plurality>2</Plurality>
    </Row>
    <Row Tag="TXT_KEY_SPY_NAME_CHINA_1">
      <Text>첸</Text>
    </Row>
    <Row Tag="TXT_KEY_SPY_NAME_CHINA_2">
      <Text>장</Text>
    </Row>
    <Row Tag="TXT_KEY_SPY_NAME_CHINA_3">
      <Text>리우</Text>
	  <Plurality>2</Plurality>
    </Row>
    <Row Tag="TXT_KEY_SPY_NAME_CHINA_4">
      <Text>양</Text>
    </Row>
    <Row Tag="TXT_KEY_SPY_NAME_CHINA_5">
      <Text>후앙</Text>
    </Row>
    <Row Tag="TXT_KEY_SPY_NAME_CHINA_6">
      <Text>자오</Text>
	  <Plurality>2</Plurality>
    </Row>
    <Row Tag="TXT_KEY_SPY_NAME_CHINA_7">
      <Text>우</Text>
	  <Plurality>2</Plurality>
    </Row>
    <Row Tag="TXT_KEY_SPY_NAME_CHINA_8">
      <Text>조우</Text>
	  <Plurality>2</Plurality>
    </Row>
    <Row Tag="TXT_KEY_SPY_NAME_CHINA_9">
      <Text>선</Text>
    </Row>
    <Row Tag="TXT_KEY_SPY_NAME_DENMARK_0">
      <Text>요겐</Text>
    </Row>
    <Row Tag="TXT_KEY_SPY_NAME_DENMARK_1">
      <Text>메테</Text>
	  <Plurality>2</Plurality>
    </Row>
    <Row Tag="TXT_KEY_SPY_NAME_DENMARK_2">
      <Text>헨리크</Text>
	  <Plurality>2</Plurality>
    </Row>
    <Row Tag="TXT_KEY_SPY_NAME_DENMARK_3">
      <Text>닐스</Text>
	  <Plurality>2</Plurality>
    </Row>
    <Row Tag="TXT_KEY_SPY_NAME_DENMARK_4">
      <Text>헬레</Text>
	  <Plurality>2</Plurality>
    </Row>
    <Row Tag="TXT_KEY_SPY_NAME_DENMARK_5">
      <Text>프레데릭</Text>
    </Row>
    <Row Tag="TXT_KEY_SPY_NAME_DENMARK_6">
      <Text>이다</Text>
	  <Plurality>2</Plurality>
    </Row>
    <Row Tag="TXT_KEY_SPY_NAME_DENMARK_7">
      <Text>테아</Text>
	  <Plurality>2</Plurality>
    </Row>
    <Row Tag="TXT_KEY_SPY_NAME_DENMARK_8">
      <Text>프레야</Text>
	  <Plurality>2</Plurality>
    </Row>
    <Row Tag="TXT_KEY_SPY_NAME_DENMARK_9">
      <Text>모르텐</Text>
    </Row>
    <Row Tag="TXT_KEY_SPY_NAME_EGYPT_0">
      <Text>리파트</Text>
	  <Plurality>2</Plurality>
    </Row>
    <Row Tag="TXT_KEY_SPY_NAME_EGYPT_1">
      <Text>헤바</Text>
	  <Plurality>2</Plurality>
    </Row>
    <Row Tag="TXT_KEY_SPY_NAME_EGYPT_2">
      <Text>살라</Text>
	  <Plurality>2</Plurality>
    </Row>
    <Row Tag="TXT_KEY_SPY_NAME_EGYPT_3">
      <Text>아메드</Text>
	  <Plurality>2</Plurality>
    </Row>
    <Row Tag="TXT_KEY_SPY_NAME_EGYPT_4">
      <Text>자카리아</Text>
	  <Plurality>2</Plurality>
    </Row>
    <Row Tag="TXT_KEY_SPY_NAME_EGYPT_5">
      <Text>바스테트</Text>
	  <Plurality>2</Plurality>
    </Row>
    <Row Tag="TXT_KEY_SPY_NAME_EGYPT_6">
      <Text>마아트</Text>
	  <Plurality>2</Plurality>
    </Row>
    <Row Tag="TXT_KEY_SPY_NAME_EGYPT_7">
      <Text>네브헤트</Text>
	  <Plurality>2</Plurality>
    </Row>
    <Row Tag="TXT_KEY_SPY_NAME_EGYPT_8">
      <Text>테페네트</Text>
	  <Plurality>2</Plurality>
    </Row>
    <Row Tag="TXT_KEY_SPY_NAME_EGYPT_9">
      <Text>네우스</Text>
	  <Plurality>2</Plurality>
    </Row>
    <Row Tag="TXT_KEY_SPY_NAME_ENGLAND_0">
      <Text>제임스</Text>
	  <Plurality>2</Plurality>
    </Row>
    <Row Tag="TXT_KEY_SPY_NAME_ENGLAND_1">
      <Text>스칼렛</Text>
    </Row>
    <Row Tag="TXT_KEY_SPY_NAME_ENGLAND_2">
      <Text>마이크로프트</Text>
	  <Plurality>2</Plurality>
    </Row>
    <Row Tag="TXT_KEY_SPY_NAME_ENGLAND_3">
      <Text>샬로트</Text>
	  <Plurality>2</Plurality>
    </Row>
    <Row Tag="TXT_KEY_SPY_NAME_ENGLAND_4">
      <Text>그웬들린</Text>
    </Row>
    <Row Tag="TXT_KEY_SPY_NAME_ENGLAND_5">
      <Text>미스터엑스</Text>
	  <Plurality>2</Plurality>
    </Row>
    <Row Tag="TXT_KEY_SPY_NAME_ENGLAND_6">
      <Text>그레이 박사</Text>
	  <Plurality>2</Plurality>
    </Row>
    <Row Tag="TXT_KEY_SPY_NAME_ENGLAND_7">
      <Text>앤드류</Text>
	  <Plurality>2</Plurality>
    </Row>
    <Row Tag="TXT_KEY_SPY_NAME_ENGLAND_8">
      <Text>스콧</Text>
    </Row>
    <Row Tag="TXT_KEY_SPY_NAME_ENGLAND_9">
      <Text>앤</Text>
    </Row>
    <Row Tag="TXT_KEY_SPY_NAME_ETHIOPIA_0">
      <Text>물루켄</Text>
    </Row>
    <Row Tag="TXT_KEY_SPY_NAME_ETHIOPIA_1">
      <Text>웬디무</Text>
	  <Plurality>2</Plurality>
    </Row>
    <Row Tag="TXT_KEY_SPY_NAME_ETHIOPIA_2">
      <Text>리올</Text>
    </Row>
    <Row Tag="TXT_KEY_SPY_NAME_ETHIOPIA_3">
      <Text>데메케</Text>
	  <Plurality>2</Plurality>
    </Row>
    <Row Tag="TXT_KEY_SPY_NAME_ETHIOPIA_4">
      <Text>물루알렘</Text>
    </Row>
    <Row Tag="TXT_KEY_SPY_NAME_ETHIOPIA_5">
      <Text>아베베크</Text>
	  <Plurality>2</Plurality>
    </Row>
    <Row Tag="TXT_KEY_SPY_NAME_ETHIOPIA_6">
      <Text>제마</Text>
	  <Plurality>2</Plurality>
    </Row>
    <Row Tag="TXT_KEY_SPY_NAME_ETHIOPIA_7">
      <Text>미흐렛</Text>
    </Row>
    <Row Tag="TXT_KEY_SPY_NAME_ETHIOPIA_8">
      <Text>케베데크</Text>
	  <Plurality>2</Plurality>
    </Row>
    <Row Tag="TXT_KEY_SPY_NAME_ETHIOPIA_9">
      <Text>알렘네쉬</Text>
	  <Plurality>2</Plurality>
    </Row>
    <Row Tag="TXT_KEY_SPY_NAME_FRANCE_0">
      <Text>장폴</Text>
    </Row>
    <Row Tag="TXT_KEY_SPY_NAME_FRANCE_1">
      <Text>마틴</Text>
    </Row>
    <Row Tag="TXT_KEY_SPY_NAME_FRANCE_2">
      <Text>루시엔</Text>
    </Row>
    <Row Tag="TXT_KEY_SPY_NAME_FRANCE_3">
      <Text>프랑코이즈</Text>
	  <Plurality>2</Plurality>
    </Row>
    <Row Tag="TXT_KEY_SPY_NAME_FRANCE_4">
      <Text>어거스틴</Text>
    </Row>
    <Row Tag="TXT_KEY_SPY_NAME_FRANCE_5">
      <Text>미스터엑스</Text>
	  <Plurality>2</Plurality>
    </Row>
    <Row Tag="TXT_KEY_SPY_NAME_FRANCE_6">
      <Text>듀폰트 박사</Text>
	  <Plurality>2</Plurality>
    </Row>
    <Row Tag="TXT_KEY_SPY_NAME_FRANCE_7">
      <Text>비페흐</Text>
	  <Plurality>2</Plurality>
    </Row>
    <Row Tag="TXT_KEY_SPY_NAME_FRANCE_8">
      <Text>이베트</Text>
	  <Plurality>2</Plurality>
    </Row>
    <Row Tag="TXT_KEY_SPY_NAME_FRANCE_9">
      <Text>레나드</Text>
	  <Plurality>2</Plurality>
    </Row>
    <Row Tag="TXT_KEY_SPY_NAME_GERMANY_0">
      <Text>요한</Text>
    </Row>
    <Row Tag="TXT_KEY_SPY_NAME_GERMANY_1">
      <Text>말레네</Text>
	  <Plurality>2</Plurality>
    </Row>
    <Row Tag="TXT_KEY_SPY_NAME_GERMANY_2">
      <Text>빌헬름</Text>
    </Row>
    <Row Tag="TXT_KEY_SPY_NAME_GERMANY_3">
      <Text>에바</Text>
	  <Plurality>2</Plurality>
    </Row>
    <Row Tag="TXT_KEY_SPY_NAME_GERMANY_4">
      <Text>하인즈</Text>
	  <Plurality>2</Plurality>
    </Row>
    <Row Tag="TXT_KEY_SPY_NAME_GERMANY_5">
      <Text>호르스트</Text>
	  <Plurality>2</Plurality>
    </Row>
    <Row Tag="TXT_KEY_SPY_NAME_GERMANY_6">
      <Text>카를</Text>
    </Row>
    <Row Tag="TXT_KEY_SPY_NAME_GERMANY_7">
      <Text>비페</Text>
	  <Plurality>2</Plurality>
    </Row>
    <Row Tag="TXT_KEY_SPY_NAME_GERMANY_8">
      <Text>알브레히트</Text>
	  <Plurality>2</Plurality>
    </Row>
    <Row Tag="TXT_KEY_SPY_NAME_GERMANY_9">
      <Text>안톤</Text>
    </Row>
    <Row Tag="TXT_KEY_SPY_NAME_GREECE_0">
      <Text>자손</Text>
    </Row>
    <Row Tag="TXT_KEY_SPY_NAME_GREECE_1">
      <Text>헬레나</Text>
	  <Plurality>2</Plurality>
    </Row>
    <Row Tag="TXT_KEY_SPY_NAME_GREECE_2">
      <Text>알렉사</Text>
	  <Plurality>2</Plurality>
    </Row>
    <Row Tag="TXT_KEY_SPY_NAME_GREECE_3">
      <Text>클레투스</Text>
	  <Plurality>2</Plurality>
    </Row>
    <Row Tag="TXT_KEY_SPY_NAME_GREECE_4">
      <Text>카산드라</Text>
	  <Plurality>2</Plurality>
    </Row>
    <Row Tag="TXT_KEY_SPY_NAME_GREECE_5">
      <Text>안드레스</Text>
	  <Plurality>2</Plurality>
    </Row>
    <Row Tag="TXT_KEY_SPY_NAME_GREECE_6">
      <Text>데스데모나</Text>
	  <Plurality>2</Plurality>
    </Row>
    <Row Tag="TXT_KEY_SPY_NAME_GREECE_7">
      <Text>안테아</Text>
	  <Plurality>2</Plurality>
    </Row>
    <Row Tag="TXT_KEY_SPY_NAME_GREECE_8">
      <Text>아이네아스</Text>
	  <Plurality>2</Plurality>
    </Row>
    <Row Tag="TXT_KEY_SPY_NAME_GREECE_9">
      <Text>린더</Text>
	  <Plurality>2</Plurality>
    </Row>
    <Row Tag="TXT_KEY_SPY_NAME_INCA_0">
      <Text>아마루</Text>
	  <Plurality>2</Plurality>
    </Row>
    <Row Tag="TXT_KEY_SPY_NAME_INCA_1">
      <Text>아피츄</Text>
	  <Plurality>2</Plurality>
    </Row>
    <Row Tag="TXT_KEY_SPY_NAME_INCA_2">
      <Text>파리아피츄</Text>
	  <Plurality>2</Plurality>
    </Row>
    <Row Tag="TXT_KEY_SPY_NAME_INCA_3">
      <Text>퓨마</Text>
	  <Plurality>2</Plurality>
    </Row>
    <Row Tag="TXT_KEY_SPY_NAME_INCA_4">
      <Text>퀜티</Text>
	  <Plurality>2</Plurality>
    </Row>
    <Row Tag="TXT_KEY_SPY_NAME_INCA_5">
      <Text>수윤투</Text>
	  <Plurality>2</Plurality>
    </Row>
    <Row Tag="TXT_KEY_SPY_NAME_INCA_6">
      <Text>우투룬쿠</Text>
	  <Plurality>2</Plurality>
    </Row>
    <Row Tag="TXT_KEY_SPY_NAME_INCA_7">
      <Text>우투룬쿠</Text>
	  <Plurality>2</Plurality>
    </Row>
    <Row Tag="TXT_KEY_SPY_NAME_INCA_8">
      <Text>푸룬투</Text>
	  <Plurality>2</Plurality>
    </Row>
    <Row Tag="TXT_KEY_SPY_NAME_INCA_9">
      <Text>오즈콜로</Text>
	  <Plurality>2</Plurality>
    </Row>
    <Row Tag="TXT_KEY_SPY_NAME_INDIA_0">
      <Text>아쇼크</Text>
	  <Plurality>2</Plurality>
    </Row>
    <Row Tag="TXT_KEY_SPY_NAME_INDIA_1">
      <Text>샨크</Text>
	  <Plurality>2</Plurality>
    </Row>
    <Row Tag="TXT_KEY_SPY_NAME_INDIA_2">
      <Text>호르미스</Text>
	  <Plurality>2</Plurality>
    </Row>
    <Row Tag="TXT_KEY_SPY_NAME_INDIA_3">
      <Text>산지브</Text>
	  <Plurality>2</Plurality>
    </Row>
    <Row Tag="TXT_KEY_SPY_NAME_INDIA_4">
      <Text>아난다</Text>
	  <Plurality>2</Plurality>
    </Row>
    <Row Tag="TXT_KEY_SPY_NAME_INDIA_5">
      <Text>라니</Text>
	  <Plurality>2</Plurality>
    </Row>
    <Row Tag="TXT_KEY_SPY_NAME_INDIA_6">
      <Text>파르바티</Text>
	  <Plurality>2</Plurality>
    </Row>
    <Row Tag="TXT_KEY_SPY_NAME_INDIA_7">
      <Text>묵타</Text>
	  <Plurality>2</Plurality>
    </Row>
    <Row Tag="TXT_KEY_SPY_NAME_INDIA_8">
      <Text>카리시마</Text>
	  <Plurality>2</Plurality>
    </Row>
    <Row Tag="TXT_KEY_SPY_NAME_INDIA_9">
      <Text>요스나</Text>
	  <Plurality>2</Plurality>
    </Row>
    <Row Tag="TXT_KEY_SPY_NAME_IROQUOIS_0">
      <Text>오나타</Text>
	  <Plurality>2</Plurality>
    </Row>
    <Row Tag="TXT_KEY_SPY_NAME_IROQUOIS_1">
      <Text>오네이다</Text>
	  <Plurality>2</Plurality>
    </Row>
    <Row Tag="TXT_KEY_SPY_NAME_IROQUOIS_2">
      <Text>오샤다기아</Text>
	  <Plurality>2</Plurality>
    </Row>
    <Row Tag="TXT_KEY_SPY_NAME_IROQUOIS_3">
      <Text>오테티아니</Text>
	  <Plurality>2</Plurality>
    </Row>
    <Row Tag="TXT_KEY_SPY_NAME_IROQUOIS_4">
      <Text>제네시</Text>
	  <Plurality>2</Plurality>
    </Row>
    <Row Tag="TXT_KEY_SPY_NAME_IROQUOIS_5">
      <Text>다게야도</Text>
	  <Plurality>2</Plurality>
    </Row>
    <Row Tag="TXT_KEY_SPY_NAME_IROQUOIS_6">
      <Text>오트위티아니</Text>
	  <Plurality>2</Plurality>
    </Row>
    <Row Tag="TXT_KEY_SPY_NAME_IROQUOIS_7">
      <Text>카테리</Text>
	  <Plurality>2</Plurality>
    </Row>
    <Row Tag="TXT_KEY_SPY_NAME_IROQUOIS_8">
      <Text>오논다카이</Text>
	  <Plurality>2</Plurality>
    </Row>
    <Row Tag="TXT_KEY_SPY_NAME_IROQUOIS_9">
      <Text>호난야우스</Text>
	  <Plurality>2</Plurality>
    </Row>
    <Row Tag="TXT_KEY_SPY_NAME_JAPAN_0">
      <Text>아카이시</Text>
	  <Plurality>2</Plurality>
    </Row>
    <Row Tag="TXT_KEY_SPY_NAME_JAPAN_1">
      <Text>오키</Text>
	  <Plurality>2</Plurality>
    </Row>
    <Row Tag="TXT_KEY_SPY_NAME_JAPAN_2">
      <Text>하토리</Text>
	  <Plurality>2</Plurality>
    </Row>
    <Row Tag="TXT_KEY_SPY_NAME_JAPAN_3">
      <Text>모로주미</Text>
	  <Plurality>2</Plurality>
    </Row>
    <Row Tag="TXT_KEY_SPY_NAME_JAPAN_4">
      <Text>모모치</Text>
	  <Plurality>2</Plurality>
    </Row>
    <Row Tag="TXT_KEY_SPY_NAME_JAPAN_5">
      <Text>카와시마</Text>
	  <Plurality>2</Plurality>
    </Row>
    <Row Tag="TXT_KEY_SPY_NAME_JAPAN_6">
      <Text>오린</Text>
    </Row>
    <Row Tag="TXT_KEY_SPY_NAME_JAPAN_7">
      <Text>사카니시</Text>
	  <Plurality>2</Plurality>
    </Row>
    <Row Tag="TXT_KEY_SPY_NAME_JAPAN_8">
      <Text>카에데</Text>
	  <Plurality>2</Plurality>
    </Row>
    <Row Tag="TXT_KEY_SPY_NAME_JAPAN_9">
      <Text>모치주키</Text>
	  <Plurality>2</Plurality>
    </Row>
    <Row Tag="TXT_KEY_SPY_NAME_KOREA_0">
      <Text>대성</Text>
    </Row>
    <Row Tag="TXT_KEY_SPY_NAME_KOREA_1">
      <Text>현주</Text>
	  <Plurality>2</Plurality>
    </Row>
    <Row Tag="TXT_KEY_SPY_NAME_KOREA_2">
      <Text>병수</Text>
	  <Plurality>2</Plurality>
    </Row>
    <Row Tag="TXT_KEY_SPY_NAME_KOREA_3">
      <Text>대철</Text>
    </Row>
    <Row Tag="TXT_KEY_SPY_NAME_KOREA_4">
      <Text>종훈</Text>
    </Row>
    <Row Tag="TXT_KEY_SPY_NAME_KOREA_5">
      <Text>인하</Text>
	  <Plurality>2</Plurality>
    </Row>
    <Row Tag="TXT_KEY_SPY_NAME_KOREA_6">
      <Text>철수</Text>
	  <Plurality>2</Plurality>
    </Row>
    <Row Tag="TXT_KEY_SPY_NAME_KOREA_7">
      <Text>희재</Text>
	  <Plurality>2</Plurality>
    </Row>
    <Row Tag="TXT_KEY_SPY_NAME_KOREA_8">
      <Text>다솜</Text>
    </Row>
    <Row Tag="TXT_KEY_SPY_NAME_KOREA_9">
      <Text>은정</Text>
    </Row>
    <Row Tag="TXT_KEY_SPY_NAME_MONGOL_0">
      <Text>아사호류</Text>
	  <Plurality>2</Plurality>
    </Row>
    <Row Tag="TXT_KEY_SPY_NAME_MONGOL_1">
      <Text>토모린</Text>
    </Row>
    <Row Tag="TXT_KEY_SPY_NAME_MONGOL_2">
      <Text>제베진</Text>
	  <Plurality>2</Plurality>
    </Row>
    <Row Tag="TXT_KEY_SPY_NAME_MONGOL_3">
      <Text>징지딘</Text>
    </Row>
    <Row Tag="TXT_KEY_SPY_NAME_MONGOL_4">
      <Text>엔크바트</Text>
	  <Plurality>2</Plurality>
    </Row>
    <Row Tag="TXT_KEY_SPY_NAME_MONGOL_5">
      <Text>묘크바야르</Text>
	  <Plurality>2</Plurality>
    </Row>
    <Row Tag="TXT_KEY_SPY_NAME_MONGOL_6">
      <Text>굔데그마</Text>
	  <Plurality>2</Plurality>
    </Row>
    <Row Tag="TXT_KEY_SPY_NAME_MONGOL_7">
      <Text>시마</Text>
	  <Plurality>2</Plurality>
    </Row>
    <Row Tag="TXT_KEY_SPY_NAME_MONGOL_8">
      <Text>바타치칸</Text>
    </Row>
    <Row Tag="TXT_KEY_SPY_NAME_MONGOL_9">
      <Text>출루니</Text>
	  <Plurality>2</Plurality>
    </Row>
    <Row Tag="TXT_KEY_SPY_NAME_OTTOMAN_0">
      <Text>이브라힘</Text>
    </Row>
    <Row Tag="TXT_KEY_SPY_NAME_OTTOMAN_1">
      <Text>바에지드</Text>
	  <Plurality>2</Plurality>
    </Row>
    <Row Tag="TXT_KEY_SPY_NAME_OTTOMAN_2">
      <Text>소콜루</Text>
	  <Plurality>2</Plurality>
    </Row>
    <Row Tag="TXT_KEY_SPY_NAME_OTTOMAN_3">
      <Text>마흐무트</Text>
	  <Plurality>2</Plurality>
    </Row>
    <Row Tag="TXT_KEY_SPY_NAME_OTTOMAN_4">
      <Text>우베이스</Text>
	  <Plurality>2</Plurality>
    </Row>
    <Row Tag="TXT_KEY_SPY_NAME_OTTOMAN_5">
      <Text>록세라나</Text>
	  <Plurality>2</Plurality>
    </Row>
    <Row Tag="TXT_KEY_SPY_NAME_OTTOMAN_6">
      <Text>사피예</Text>
	  <Plurality>2</Plurality>
    </Row>
    <Row Tag="TXT_KEY_SPY_NAME_OTTOMAN_7">
      <Text>하프사</Text>
	  <Plurality>2</Plurality>
    </Row>
    <Row Tag="TXT_KEY_SPY_NAME_OTTOMAN_8">
      <Text>코셈</Text>
    </Row>
    <Row Tag="TXT_KEY_SPY_NAME_OTTOMAN_9">
      <Text>누르바누</Text>
	  <Plurality>2</Plurality>
    </Row>
    <Row Tag="TXT_KEY_SPY_NAME_PERSIA_0">
      <Text>아지</Text>
	  <Plurality>2</Plurality>
    </Row>
    <Row Tag="TXT_KEY_SPY_NAME_PERSIA_1">
      <Text>다비르</Text>
	  <Plurality>2</Plurality>
    </Row>
    <Row Tag="TXT_KEY_SPY_NAME_PERSIA_2">
      <Text>피루즈</Text>
	  <Plurality>2</Plurality>
    </Row>
    <Row Tag="TXT_KEY_SPY_NAME_PERSIA_3">
      <Text>가스파</Text>
	  <Plurality>2</Plurality>
    </Row>
    <Row Tag="TXT_KEY_SPY_NAME_PERSIA_4">
      <Text>샤자드</Text>
	  <Plurality>2</Plurality>
    </Row>
    <Row Tag="TXT_KEY_SPY_NAME_PERSIA_5">
      <Text>아가</Text>
	  <Plurality>2</Plurality>
    </Row>
    <Row Tag="TXT_KEY_SPY_NAME_PERSIA_6">
      <Text>마르자네</Text>
	  <Plurality>2</Plurality>
    </Row>
    <Row Tag="TXT_KEY_SPY_NAME_PERSIA_7">
      <Text>페리</Text>
	  <Plurality>2</Plurality>
    </Row>
    <Row Tag="TXT_KEY_SPY_NAME_PERSIA_8">
      <Text>사르타즈</Text>
	  <Plurality>2</Plurality>
    </Row>
    <Row Tag="TXT_KEY_SPY_NAME_PERSIA_9">
      <Text>야스민</Text>
    </Row>
    <Row Tag="TXT_KEY_SPY_NAME_POLYNESIA_0">
      <Text>티키</Text>
	  <Plurality>2</Plurality>
    </Row>
    <Row Tag="TXT_KEY_SPY_NAME_POLYNESIA_1">
      <Text>호투 마투아</Text>
	  <Plurality>2</Plurality>
    </Row>
    <Row Tag="TXT_KEY_SPY_NAME_POLYNESIA_2">
      <Text>롱고마테네</Text>
	  <Plurality>2</Plurality>
    </Row>
    <Row Tag="TXT_KEY_SPY_NAME_POLYNESIA_3">
      <Text>쿠페</Text>
	  <Plurality>2</Plurality>
    </Row>
    <Row Tag="TXT_KEY_SPY_NAME_POLYNESIA_4">
      <Text>할로티</Text>
	  <Plurality>2</Plurality>
    </Row>
    <Row Tag="TXT_KEY_SPY_NAME_POLYNESIA_5">
      <Text>델게이</Text>
	  <Plurality>2</Plurality>
    </Row>
    <Row Tag="TXT_KEY_SPY_NAME_POLYNESIA_6">
      <Text>바바믹</Text>
    </Row>
    <Row Tag="TXT_KEY_SPY_NAME_POLYNESIA_7">
      <Text>쿨루 라오</Text>
	  <Plurality>2</Plurality>
    </Row>
    <Row Tag="TXT_KEY_SPY_NAME_POLYNESIA_8">
      <Text>난가난가</Text>
	  <Plurality>2</Plurality>
    </Row>
    <Row Tag="TXT_KEY_SPY_NAME_POLYNESIA_9">
      <Text>투루아</Text>
	  <Plurality>2</Plurality>
    </Row>
    <Row Tag="TXT_KEY_SPY_NAME_ROME_0">
      <Text>플라비우스</Text>
	  <Plurality>2</Plurality>
    </Row>
    <Row Tag="TXT_KEY_SPY_NAME_ROME_1">
      <Text>레굴라</Text>
	  <Plurality>2</Plurality>
    </Row>
    <Row Tag="TXT_KEY_SPY_NAME_ROME_2">
      <Text>세르비우스</Text>
	  <Plurality>2</Plurality>
    </Row>
    <Row Tag="TXT_KEY_SPY_NAME_ROME_3">
      <Text>루시아</Text>
	  <Plurality>2</Plurality>
    </Row>
    <Row Tag="TXT_KEY_SPY_NAME_ROME_4">
      <Text>코넬리우스</Text>
	  <Plurality>2</Plurality>
    </Row>
    <Row Tag="TXT_KEY_SPY_NAME_ROME_5">
      <Text>리시나</Text>
	  <Plurality>2</Plurality>
    </Row>
    <Row Tag="TXT_KEY_SPY_NAME_ROME_6">
      <Text>카누스</Text>
	  <Plurality>2</Plurality>
    </Row>
    <Row Tag="TXT_KEY_SPY_NAME_ROME_7">
      <Text>세르펜스</Text>
	  <Plurality>2</Plurality>
    </Row>
    <Row Tag="TXT_KEY_SPY_NAME_ROME_8">
      <Text>아그리파</Text>
	  <Plurality>2</Plurality>
    </Row>
    <Row Tag="TXT_KEY_SPY_NAME_ROME_9">
      <Text>브루투스</Text>
	  <Plurality>2</Plurality>
    </Row>
    <Row Tag="TXT_KEY_SPY_NAME_RUSSIA_0">
      <Text>알렉세이</Text>
	  <Plurality>2</Plurality>
    </Row>
    <Row Tag="TXT_KEY_SPY_NAME_RUSSIA_1">
      <Text>레나</Text>
	  <Plurality>2</Plurality>
    </Row>
    <Row Tag="TXT_KEY_SPY_NAME_RUSSIA_2">
      <Text>드미트리</Text>
	  <Plurality>2</Plurality>
    </Row>
    <Row Tag="TXT_KEY_SPY_NAME_RUSSIA_3">
      <Text>아나스타시아</Text>
	  <Plurality>2</Plurality>
    </Row>
    <Row Tag="TXT_KEY_SPY_NAME_RUSSIA_4">
      <Text>타티아나</Text>
	  <Plurality>2</Plurality>
    </Row>
    <Row Tag="TXT_KEY_SPY_NAME_RUSSIA_5">
      <Text>보리스</Text>
	  <Plurality>2</Plurality>
    </Row>
    <Row Tag="TXT_KEY_SPY_NAME_RUSSIA_6">
      <Text>세리 박사</Text>
	  <Plurality>2</Plurality>
    </Row>
    <Row Tag="TXT_KEY_SPY_NAME_RUSSIA_7">
      <Text>미하일</Text>
    </Row>
    <Row Tag="TXT_KEY_SPY_NAME_RUSSIA_8">
      <Text>나타샤</Text>
	  <Plurality>2</Plurality>
    </Row>
    <Row Tag="TXT_KEY_SPY_NAME_RUSSIA_9">
      <Text>즈메야</Text>
	  <Plurality>2</Plurality>
    </Row>
    <Row Tag="TXT_KEY_SPY_NAME_SIAM_0">
      <Text>아란</Text>
    </Row>
    <Row Tag="TXT_KEY_SPY_NAME_SIAM_1">
      <Text>차나롱</Text>
    </Row>
    <Row Tag="TXT_KEY_SPY_NAME_SIAM_2">
      <Text>키에트</Text>
	  <Plurality>2</Plurality>
    </Row>
    <Row Tag="TXT_KEY_SPY_NAME_SIAM_3">
      <Text>니란</Text>
    </Row>
    <Row Tag="TXT_KEY_SPY_NAME_SIAM_4">
      <Text>비로테</Text>
	  <Plurality>2</Plurality>
    </Row>
    <Row Tag="TXT_KEY_SPY_NAME_SIAM_5">
      <Text>쿨랍</Text>
    </Row>
    <Row Tag="TXT_KEY_SPY_NAME_SIAM_6">
      <Text>마유리</Text>
	  <Plurality>2</Plurality>
    </Row>
    <Row Tag="TXT_KEY_SPY_NAME_SIAM_7">
      <Text>푸엥</Text>
    </Row>
    <Row Tag="TXT_KEY_SPY_NAME_SIAM_8">
      <Text>라나타</Text>
	  <Plurality>2</Plurality>
    </Row>
    <Row Tag="TXT_KEY_SPY_NAME_SIAM_9">
      <Text>톨라</Text>
	  <Plurality>2</Plurality>
    </Row>
    <Row Tag="TXT_KEY_SPY_NAME_SONGHAI_0">
      <Text>아마도우</Text>
	  <Plurality>2</Plurality>
    </Row>
    <Row Tag="TXT_KEY_SPY_NAME_SONGHAI_1">
      <Text>아유브</Text>
	  <Plurality>2</Plurality>
    </Row>
    <Row Tag="TXT_KEY_SPY_NAME_SONGHAI_2">
      <Text>바드루</Text>
	  <Plurality>2</Plurality>
    </Row>
    <Row Tag="TXT_KEY_SPY_NAME_SONGHAI_3">
      <Text>보카리</Text>
	  <Plurality>2</Plurality>
    </Row>
    <Row Tag="TXT_KEY_SPY_NAME_SONGHAI_4">
      <Text>구에다도</Text>
	  <Plurality>2</Plurality>
    </Row>
    <Row Tag="TXT_KEY_SPY_NAME_SONGHAI_5">
      <Text>아디암보</Text>
	  <Plurality>2</Plurality>
    </Row>
    <Row Tag="TXT_KEY_SPY_NAME_SONGHAI_6">
      <Text>치나카</Text>
	  <Plurality>2</Plurality>
    </Row>
    <Row Tag="TXT_KEY_SPY_NAME_SONGHAI_7">
      <Text>라일라</Text>
	  <Plurality>2</Plurality>
    </Row>
    <Row Tag="TXT_KEY_SPY_NAME_SONGHAI_8">
      <Text>마리아마</Text>
	  <Plurality>2</Plurality>
    </Row>
    <Row Tag="TXT_KEY_SPY_NAME_SONGHAI_9">
      <Text>오니</Text>
	  <Plurality>2</Plurality>
    </Row>
    <Row Tag="TXT_KEY_SPY_NAME_SPAIN_0">
      <Text>로드리고</Text>
	  <Plurality>2</Plurality>
    </Row>
    <Row Tag="TXT_KEY_SPY_NAME_SPAIN_1">
      <Text>에스메랄다</Text>
	  <Plurality>2</Plurality>
    </Row>
    <Row Tag="TXT_KEY_SPY_NAME_SPAIN_2">
      <Text>리온</Text>
    </Row>
    <Row Tag="TXT_KEY_SPY_NAME_SPAIN_3">
      <Text>마틸다</Text>
	  <Plurality>2</Plurality>
    </Row>
    <Row Tag="TXT_KEY_SPY_NAME_SPAIN_4">
      <Text>라모나</Text>
	  <Plurality>2</Plurality>
    </Row>
    <Row Tag="TXT_KEY_SPY_NAME_SPAIN_5">
      <Text>미스터 X</Text>
	  <Plurality>2</Plurality>
    </Row>
    <Row Tag="TXT_KEY_SPY_NAME_SPAIN_6">
      <Text>토폴리노</Text>
	  <Plurality>2</Plurality>
    </Row>
    <Row Tag="TXT_KEY_SPY_NAME_SPAIN_7">
      <Text>세르피엔테</Text>
	  <Plurality>2</Plurality>
    </Row>
    <Row Tag="TXT_KEY_SPY_NAME_SPAIN_8">
      <Text>가르시아</Text>
	  <Plurality>2</Plurality>
    </Row>
    <Row Tag="TXT_KEY_SPY_NAME_SPAIN_9">
      <Text>엘로보</Text>
	  <Plurality>2</Plurality>
    </Row>
  </Language_KO_KR>
</GameData>