﻿<?xml version="1.0" encoding="utf-8"?>
<!--Generated with LocalizationBuddy. Modified by N-->
<!--Copyright Firaxis Games 2010-->
<!--All Rights Reserved-->
<GameData>
  <Language_KO_KR>
    <Row Tag="TXT_KEY_CITYSTATE_ANTANANARIVO">
      <Text>안타나나리보</Text>
	  <Plurality>2</Plurality>
    </Row>
    <Row Tag="TXT_KEY_CITYSTATE_ANTANANARIVO_ADJ">
      <Text>안타나나리보의</Text>
    </Row>
    <Row Tag="TXT_KEY_CITYSTATE_BOGOTA">
      <Text>보고타</Text>
	  <Plurality>2</Plurality>
    </Row>
    <Row Tag="TXT_KEY_CITYSTATE_BOGOTA_ADJ">
      <Text>보고타의</Text>
    </Row>
    <Row Tag="TXT_KEY_CITYSTATE_BRATISLAVA">
      <Text>브라타슬라바</Text>
	  <Plurality>2</Plurality>
    </Row>
    <Row Tag="TXT_KEY_CITYSTATE_BRATISLAVA_ADJ">
      <Text>브라타슬라바의</Text>
    </Row>
    <Row Tag="TXT_KEY_CITYSTATE_BUENOS_AIRES">
      <Text>부에노스 아이레스</Text>
	  <Plurality>2</Plurality>
    </Row>
    <Row Tag="TXT_KEY_CITYSTATE_BUENOS_AIRES_ADJ">
      <Text>부에노스 아이레스의</Text>
    </Row>
    <Row Tag="TXT_KEY_CITYSTATE_BYBLOS">
      <Text>비블로스</Text>
	  <Plurality>2</Plurality>
    </Row>
    <Row Tag="TXT_KEY_CITYSTATE_BYBLOS_ADJ">
      <Text>비블로스의</Text>
    </Row>
    <Row Tag="TXT_KEY_CITYSTATE_IFE">
      <Text>이페</Text>
	  <Plurality>2</Plurality>
    </Row>
    <Row Tag="TXT_KEY_CITYSTATE_IFE_ADJ">
      <Text>이페의</Text>
    </Row>
    <Row Tag="TXT_KEY_CITYSTATE_KABUL">
      <Text>카불</Text>
    </Row>
    <Row Tag="TXT_KEY_CITYSTATE_KABUL_ADJ">
      <Text>카불의</Text>
    </Row>
    <Row Tag="TXT_KEY_CITYSTATE_KATHMANDU">
      <Text>카트만두</Text>
	  <Plurality>2</Plurality>
    </Row>
    <Row Tag="TXT_KEY_CITYSTATE_KATHMANDU_ADJ">
      <Text>카트만두의</Text>
    </Row>
    <Row Tag="TXT_KEY_CITYSTATE_KIEV">
      <Text>키예프</Text>
	  <Plurality>2</Plurality>
    </Row>
    <Row Tag="TXT_KEY_CITYSTATE_KIEV_ADJ">
      <Text>키예프의</Text>
    </Row>
    <Row Tag="TXT_KEY_CITYSTATE_KYZYL">
      <Text>키질</Text>
    </Row>
    <Row Tag="TXT_KEY_CITYSTATE_KYZYL_ADJ">
      <Text>키질의</Text>
    </Row>
    <Row Tag="TXT_KEY_CITYSTATE_MALACCA">
      <Text>말라카</Text>
	  <Plurality>2</Plurality>
    </Row>
    <Row Tag="TXT_KEY_CITYSTATE_MALACCA_ADJ">
      <Text>말라카의</Text>
    </Row>
    <Row Tag="TXT_KEY_CITYSTATE_MBANZA_KONGO">
      <Text>음반자콩고</Text>
	  <Plurality>2</Plurality>
    </Row>
    <Row Tag="TXT_KEY_CITYSTATE_MBANZA_KONGO_ADJ">
      <Text>음반자콩고의</Text>
    </Row>
    <Row Tag="TXT_KEY_CITYSTATE_MELBOURNE">
      <Text>멜버른</Text>
    </Row>
    <Row Tag="TXT_KEY_CITYSTATE_MELBOURNE_ADJ">
      <Text>멜버른의</Text>
    </Row>
    <Row Tag="TXT_KEY_CITYSTATE_MOGADISHU">
      <Text>모가디슈</Text>
	  <Plurality>2</Plurality>
    </Row>
    <Row Tag="TXT_KEY_CITYSTATE_MOGADISHU_ADJ">
      <Text>모가디슈의</Text>
    </Row>
    <Row Tag="TXT_KEY_CITYSTATE_ORMUS">
      <Text>오르무스</Text>
	  <Plurality>2</Plurality>
    </Row>
    <Row Tag="TXT_KEY_CITYSTATE_ORMUS_ADJ">
      <Text>오르무스의</Text>
    </Row>
    <Row Tag="TXT_KEY_CITYSTATE_PANAMA_CITY">
      <Text>파나마시티</Text>
	  <Plurality>2</Plurality>
    </Row>
    <Row Tag="TXT_KEY_CITYSTATE_PANAMA_CITY_ADJ">
      <Text>파나마시티의</Text>
    </Row>
    <Row Tag="TXT_KEY_CITYSTATE_QUEBEC_CITY">
      <Text>퀘벡</Text>
    </Row>
    <Row Tag="TXT_KEY_CITYSTATE_QUEBEC_CITY_ADJ">
      <Text>퀘벡의</Text>
    </Row>
    <Row Tag="TXT_KEY_CITYSTATE_RIGA">
      <Text>리가</Text>
	  <Plurality>2</Plurality>
    </Row>
    <Row Tag="TXT_KEY_CITYSTATE_RIGA_ADJ">
      <Text>리가의</Text>
    </Row>
    <Row Tag="TXT_KEY_CITYSTATE_SAMARKAND">
      <Text>사마르칸트</Text>
	  <Plurality>2</Plurality>
    </Row>
    <Row Tag="TXT_KEY_CITYSTATE_SAMARKAND_ADJ">
      <Text>사마르칸트의</Text>
    </Row>
    <Row Tag="TXT_KEY_CITYSTATE_SOFIA">
      <Text>소피아</Text>
	  <Plurality>2</Plurality>
    </Row>
    <Row Tag="TXT_KEY_CITYSTATE_SOFIA_ADJ">
      <Text>소피아의</Text>
    </Row>
    <Row Tag="TXT_KEY_CITYSTATE_SYDNEY">
      <Text>시드니</Text>
	  <Plurality>2</Plurality>
    </Row>
    <Row Tag="TXT_KEY_CITYSTATE_SYDNEY_ADJ">
      <Text>시드니의</Text>
    </Row>
    <Row Tag="TXT_KEY_CITYSTATE_UR">
      <Text>우르</Text>
	  <Plurality>2</Plurality>
    </Row>
    <Row Tag="TXT_KEY_CITYSTATE_UR_ADJ">
      <Text>우르의</Text>
    </Row>
    <Row Tag="TXT_KEY_CITYSTATE_VANCOUVER">
      <Text>밴쿠버</Text>
	  <Plurality>2</Plurality>
    </Row>
    <Row Tag="TXT_KEY_CITYSTATE_VANCOUVER_ADJ">
      <Text>밴쿠버의</Text>
    </Row>
    <Row Tag="TXT_KEY_CITYSTATE_VILNIUS">
      <Text>빌뉴스</Text>
	  <Plurality>2</Plurality>
    </Row>
    <Row Tag="TXT_KEY_CITYSTATE_VILNIUS_ADJ">
      <Text>빌뉴스의</Text>
    </Row>
    <Row Tag="TXT_KEY_CITYSTATE_WELLINGTON">
      <Text>웰링턴</Text>
    </Row>
    <Row Tag="TXT_KEY_CITYSTATE_WELLINGTON_ADJ">
      <Text>웰링턴의</Text>
    </Row>
  </Language_KO_KR>
</GameData>