<?xml version="1.0" encoding="utf-8"?>
<GameData>
	<Language_KO_KR>
		<Row Tag="TXT_KEY_LEADER_GANDHI_AGREE_SHORT_1">
			<Text>아주 좋습니다.</Text>
		</Row>
		<Row Tag="TXT_KEY_LEADER_GANDHI_AGREE_SHORT_2">
			<Text>알겠습니다.</Text>
		</Row>
		<Row Tag="TXT_KEY_LEADER_GANDHI_AGREE_SHORT_3">
			<Text>물론입니다.</Text>
		</Row>
		<Row Tag="TXT_KEY_LEADER_GANDHI_AGREE_SHORT_4">
			<Text>동의합니다.</Text>
		</Row>
		<Row Tag="TXT_KEY_LEADER_GANDHI_AGREE_SHORT_5">
			<Text>오, 아주 좋습니다.</Text>
		</Row>
		<Row Tag="TXT_KEY_LEADER_GANDHI_AGREE_SHORT_6">
			<Text>묘안이군요.</Text>
		</Row>
		<Row Tag="TXT_KEY_LEADER_GANDHI_AGREE_SHORT_7">
			<Text>훌륭합니다.</Text>
		</Row>
		<Row Tag="TXT_KEY_LEADER_GANDHI_ATTACKED_1">
			<Text>그렇게 하시지요. 어쩌면 인도는 그대의 모든 폭력에 저항하지 않을지도 모릅니다.</Text>
		</Row>
		<Row Tag="TXT_KEY_LEADER_GANDHI_ATTACKED_2">
			<Text>불행히도, 우리나라의 국민은 비폭력을 실천하고 있지 않습니다. 그대의 국가가 철저히 파괴될 것에 대해서는 미리 사과를 드리지요.</Text>
		</Row>
		<Row Tag="TXT_KEY_LEADER_GANDHI_DECLAREWAR_1">
			<Text>저는 방금 다수의 우리 병력이 그대의 영토에 진입한 것을 통보받았습니다. 그대에게는 수동적인 저항 운동을 하는 것을 강력히 권고합니다.</Text>
		</Row>
		<Row Tag="TXT_KEY_LEADER_GANDHI_DECLAREWAR_2">
			<Text>저는 그대의 주요 도시마다 우리 군인들을 휴가 보내고 있습니다. 저는 그들이 무기 없이 환영을 받으리라고 믿고 있습니다.</Text>
		</Row>
		<Row Tag="TXT_KEY_LEADER_GANDHI_DECLAREWAR_3">
			<Text>그대의 국가에 다수의 우리 군대를 파견하는 게 확실시되었군요.</Text>
		</Row>
		<Row Tag="TXT_KEY_LEADER_GANDHI_DEFEATED_1">
			<Text>우리 군을 정복할 수도 있었지만, 다행히 인도를 짓밟지 않았군요. 감사드립니다.</Text>
		</Row>
		<Row Tag="TXT_KEY_LEADER_GANDHI_DEFEATED_2">
			<Text>무기력하고 죄 없는 사람들을 정복하셨습니다. 축하드리지요.</Text>
		</Row>
		<Row Tag="TXT_KEY_LEADER_GANDHI_DEFEATED_3">
			<Text>우리가 졌습니다. 축하드립니다. 그대가 그 업보를 완화하기 위해 다음 생에 쇠똥구리가 되길 원한 것이라면, 그것 또한 축하드리죠.</Text>
		</Row>
		<Row Tag="TXT_KEY_LEADER_GANDHI_DEMANDTRIBUTE_ANGRY">
			<Text>인도는 그대가 세계 평화와 이익에 기부하는 것에 대해 감사를 표할 것입니다.</Text>
		</Row>
		<Row Tag="TXT_KEY_LEADER_GANDHI_DEMANDTRIBUTE_HAPPY">
			<Text>친구여, 이것들을 주실 수 있습니까?</Text>
		</Row>
		<Row Tag="TXT_KEY_LEADER_GANDHI_DEMANDTRIBUTE_NEUTRAL">
			<Text>인도는 가난하지만, 당신은 부유합니다. 어쩌면 당신의 업보는 우리에게 무언가를 제공함으로써 완화될 수 있을 것입니다.</Text>
		</Row>
		<Row Tag="TXT_KEY_LEADER_GANDHI_DISAGREE_SHORT_1">
			<Text>안됩니다.</Text>
		</Row>
		<Row Tag="TXT_KEY_LEADER_GANDHI_DISAGREE_SHORT_2">
			<Text>당연히 안됩니다.</Text>
		</Row>
		<Row Tag="TXT_KEY_LEADER_GANDHI_DISAGREE_SHORT_3">
			<Text>거부합니다.</Text>
		</Row>
		<Row Tag="TXT_KEY_LEADER_GANDHI_DISAGREE_SHORT_4">
			<Text>같잖습니다.</Text>
		</Row>
		<Row Tag="TXT_KEY_LEADER_GANDHI_DISAGREE_SHORT_5">
			<Text>말이 안됩니다.</Text>
		</Row>
		<Row Tag="TXT_KEY_LEADER_GANDHI_DISAGREE_SHORT_6">
			<Text>하아! 뭐라고 하셨습니까?</Text>
		</Row>
		<Row Tag="TXT_KEY_LEADER_GANDHI_DISAGREE_SHORT_7">
			<Text>다시 한 번 말해보시겠습니까?</Text>
		</Row>
		<Row Tag="TXT_KEY_LEADER_GANDHI_FIRSTGREETING_1">
			<Text>평화로운 인도를 대신하여 당신을 환영합니다.</Text>
		</Row>
		<Row Tag="TXT_KEY_LEADER_GANDHI_FIRSTGREETING_2">
			<Text>환영합니다! 저는 우리가 세계 평화를 위해 공헌할 수 있다고 생각합니다!</Text>
		</Row>
		<Row Tag="TXT_KEY_LEADER_GANDHI_FIRSTGREETING_3">
			<Text>인도를 대표하여 친밀한 관계를 기대하고 있습니다!</Text>
		</Row>
		<Row Tag="TXT_KEY_LEADER_GANDHI_GOODBYE_1">
			<Text>좋은 날 되시길.</Text>
		</Row>
		<Row Tag="TXT_KEY_LEADER_GANDHI_GOODBYE_2">
			<Text>안녕히 가십시오.</Text>
		</Row>
		<Row Tag="TXT_KEY_LEADER_GANDHI_GOODBYE_3">
			<Text>잘 가시게.</Text>
		</Row>
		<Row Tag="TXT_KEY_LEADER_GANDHI_GOODBYE_4">
			<Text>다시 만나길 기도하겠습니다.</Text>
		</Row>
		<Row Tag="TXT_KEY_LEADER_GANDHI_GOODBYE_5">
			<Text>사라져 버리세요.</Text>
		</Row>
		<Row Tag="TXT_KEY_LEADER_GANDHI_GOODBYE_6">
			<Text>끝입니다.</Text>
		</Row>
		<Row Tag="TXT_KEY_LEADER_GANDHI_GOODBYE_7">
			<Text>용무는 끝났습니까?</Text>
		</Row>
		<Row Tag="TXT_KEY_LEADER_GANDHI_GREETING_1">
			<Text>환영합니다.</Text>
		</Row>
		<Row Tag="TXT_KEY_LEADER_GANDHI_GREETING_2">
			<Text>안녕하십니까.</Text>
		</Row>
		<Row Tag="TXT_KEY_LEADER_GANDHI_GREETING_3">
			<Text>평화가 있기를.</Text>
		</Row>
		<Row Tag="TXT_KEY_LEADER_GANDHI_GREETING_4">
			<Text>당신에게 평화만이 있기를.</Text>
		</Row>
		<Row Tag="TXT_KEY_LEADER_GANDHI_GREETING_5">
			<Text>오, 당신이로군요.</Text>
		</Row>
		<Row Tag="TXT_KEY_LEADER_GANDHI_GREETING_6">
			<Text>잘 지냈습니까?</Text>
		</Row>
		<Row Tag="TXT_KEY_LEADER_GANDHI_GREETING_7">
			<Text>뭘 원하십니까?</Text>
		</Row>
		<Row Tag="TXT_KEY_LEADER_GANDHI_LETSHEARIT_1">
			<Text>말씀하십시오.</Text>
		</Row>
		<Row Tag="TXT_KEY_LEADER_GANDHI_LETSHEARIT_2">
			<Text>계속하십시오.</Text>
		</Row>
		<Row Tag="TXT_KEY_LEADER_GANDHI_LETSHEARIT_3">
			<Text>듣고 있습니다.</Text>
		</Row>
		<Row Tag="TXT_KEY_LEADER_GANDHI_LETSHEARIT_4">
			<Text>그리고요?</Text>
		</Row>
		<Row Tag="TXT_KEY_LEADER_GANDHI_LETSHEARIT_5">
			<Text>용건이 무엇인니까?</Text>
		</Row>
		<Row Tag="TXT_KEY_LEADER_GANDHI_LETSHEARIT_6">
			<Text>그리고요?</Text>
		</Row>
		<Row Tag="TXT_KEY_LEADER_GANDHI_LETSHEARIT_7">
			<Text>계속 하십시오.</Text>
		</Row>
		<Row Tag="TXT_KEY_LEADER_GANDHI_LOSEWAR_1">
			<Text>다시 한번 평화를 되찾은 것에 대해 기쁩니다.</Text>
		</Row>
		<Row Tag="TXT_KEY_LEADER_GANDHI_QUOTE_1">
			<Text>그것은 잘못되었습니다.</Text>
		</Row>
		<Row Tag="TXT_KEY_LEADER_GANDHI_QUOTE_2">
			<Text>나는 언제나 평화의 군대를 가지고 있습니다.</Text>
		</Row>
		<Row Tag="TXT_KEY_LEADER_GANDHI_QUOTE_3">
			<Text>비폭력 주의로 이루어진 것이 가장 이상적인 정부입니다. 이것은 어떠한 규율보다 더 확실합니다.</Text>
		</Row>
		<Row Tag="TXT_KEY_LEADER_GANDHI_TRADE_NEEDMORE_ANGRY_1">
			<Text>저는 평화주의자이지 바보가 아니에요. 그대는 이것보다 나은 조건을 내셔야 합니다.</Text>
		</Row>
		<Row Tag="TXT_KEY_LEADER_GANDHI_TRADE_NEEDMORE_ANGRY_2">
			<Text>좋지 않습니다.</Text>
		</Row>
		<Row Tag="TXT_KEY_LEADER_GANDHI_TRADE_NEEDMORE_ANGRY_3">
			<Text>더 나은 걸 보여주시길.</Text>
		</Row>
		<Row Tag="TXT_KEY_LEADER_GANDHI_TRADE_NEEDMORE_HAPPY_1">
			<Text>이건 저에게 불리하군요. 어느 부분에 동의해야 하는지 모르겠습니다. 좀 더 나은 것은 없습니까?</Text>
		</Row>
		<Row Tag="TXT_KEY_LEADER_GANDHI_TRADE_NEEDMORE_HAPPY_2">
			<Text>이게 전부입니까?</Text>
		</Row>
		<Row Tag="TXT_KEY_LEADER_GANDHI_TRADE_NEEDMORE_HAPPY_3">
			<Text>조금 더... 주시지요.</Text>
		</Row>
		<Row Tag="TXT_KEY_LEADER_GANDHI_TRADE_NEEDMORE_NEUTRAL_1">
			<Text>이것은 인도에 불리합니다. 좀 더 나은 제안을 하십시오.</Text>
		</Row>
		<Row Tag="TXT_KEY_LEADER_GANDHI_TRADE_NEEDMORE_NEUTRAL_2">
			<Text>조금 더 나은 것은 없습니까?</Text>
		</Row>
		<Row Tag="TXT_KEY_LEADER_GANDHI_TRADE_NEEDMORE_NEUTRAL_3">
			<Text>그 정도로는 턱도 없습니다.</Text>
		</Row>
		<Row Tag="TXT_KEY_LEADER_GANDHI_TRADE_NEEDMORE_NEUTRAL_4">
			<Text>흠...</Text>
		</Row>
		<Row Tag="TXT_KEY_LEADER_GANDHI_TRADE_NO_ANGRY">
			<Text>이런 조건에 동의하는 것은 매우 어리석은 짓 같습니다. 사양하지요.</Text>
		</Row>
		<Row Tag="TXT_KEY_LEADER_GANDHI_TRADE_NO_HAPPY">
			<Text>아쉽지만, 현재로서는 당신의 조건에 동의할 수 없군요.</Text>
		</Row>
		<Row Tag="TXT_KEY_LEADER_GANDHI_TRADE_NO_NEUTRAL">
			<Text>이런 협정은 아무도 관심이 없을 겁니다.</Text>
		</Row>
		<Row Tag="TXT_KEY_LEADER_GANDHI_TRADE_YES_ANGRY">
			<Text>당신이 저보다 현명한 것 같군요. 조약에 동의합니다.</Text>
		</Row>
		<Row Tag="TXT_KEY_LEADER_GANDHI_TRADE_YES_HAPPY">
			<Text>알겠습니다. 이 거래는 우리 모두에게 동등한 이익이 되겠지요.</Text>
		</Row>
		<Row Tag="TXT_KEY_LEADER_GANDHI_TRADE_YES_NEUTRAL">
			<Text>공평하군요. 좋습니다.</Text>
		</Row>
		<Row Tag="TXT_KEY_LEADER_GANDHI_TRADEREQUEST_ANGRY">
			<Text>당신의 불행한 시민은 이 무역에서 이익을 받을 수 있겠습니까?</Text>
		</Row>
		<Row Tag="TXT_KEY_LEADER_GANDHI_TRADEREQUEST_HAPPY">
			<Text>친구여, 당신은 이 거래에 관심이 있는 겁니까?</Text>
		</Row>
		<Row Tag="TXT_KEY_LEADER_GANDHI_TRADEREQUEST_NEUTRAL">
			<Text>공정한 거래의 혜택은 모두가 누릴 수 있습니다. 안 그렇습니까?</Text>
		</Row>
		<Row Tag="TXT_KEY_LEADER_GANDHI_TRIBUTE_NO_ANGRY">
			<Text>장군들이 내게 와서 당신에게 전하라는군요. 음.. "덤벼, 멍청이야." 라고 하는데, 저는 그게 무슨 뜻인지 잘 모르겠군요.</Text>
		</Row>
		<Row Tag="TXT_KEY_LEADER_GANDHI_TRIBUTE_NO_HAPPY">
			<Text>그건 옳지 않은 것 같습니다. 우리는 당신의 노예가 아니라 친구입니다.</Text>
		</Row>
		<Row Tag="TXT_KEY_LEADER_GANDHI_TRIBUTE_NO_NEUTRAL">
			<Text>저는 비폭력을 확실히 실천하고 있지만, 우리 국민은 아직 미개한 나머지 당신의 요구에는 배꼽을 잡으며 웃는군요.</Text>
		</Row>
		<Row Tag="TXT_KEY_LEADER_GANDHI_TRIBUTE_YES_ANGRY">
			<Text>그따위 욕심은 지도자에게 별로 좋은 것이 아니지요. 그러나 우리는 평화를 위해 당신의 요구를 들어줘야 해야 하겠군요.</Text>
		</Row>
		<Row Tag="TXT_KEY_LEADER_GANDHI_TRIBUTE_YES_HAPPY">
			<Text>물론입니다! 저는 아무것도 거부할 수가 없습니다.</Text>
		</Row>
		<Row Tag="TXT_KEY_LEADER_GANDHI_TRIBUTE_YES_NEUTRAL">
			<Text>알겠습니다. 이것이 평화를 유지하는 길이지요.</Text>
		</Row>
		<Row Tag="TXT_KEY_LEADER_GANDHI_WARBLUFF_1">
			<Text>유감입니다.</Text>
		</Row>
		<Row Tag="TXT_KEY_LEADER_GANDHI_WARBLUFF_2">
			<Text>결국엔 이렇게 되는군요.</Text>
		</Row>
		<Row Tag="TXT_KEY_LEADER_GANDHI_WARBLUFF_3">
			<Text>이해가 가지 않는군요.</Text>
		</Row>
		<Row Tag="TXT_KEY_LEADER_GANDHI_WARBLUFF_4">
			<Text>흥미롭군요.</Text>
		</Row>
		<Row Tag="TXT_KEY_LEADER_GANDHI_WINWAR_1">
			<Text>폭력도 어쩔 수 없이 사용한다고 했습니다! 만약 수동적 저항운동을 했었더라면 이길 수도 있었을 텐데요! 많은 교훈이 되셨습니까?</Text>
		</Row>
		<Row Tag="TXT_KEY_LEADER_GANDHI_WINWAR_2">
			<Text>비폭력 주의 운동 만세! 그대는 수동적 저항운동에 대해 진정으로 느낀 바가 있었을 겁니다!</Text>
		</Row>
	</Language_KO_KR>
</GameData>