<?xml version="1.0" encoding="utf-8"?>
<GameData>
	<Language_KO_KR>
		<Row Tag="TXT_KEY_LEADER_BISMARCK_AGREE_SHORT_1">
			<Text>아주 좋소.</Text>
		</Row>
		<Row Tag="TXT_KEY_LEADER_BISMARCK_AGREE_SHORT_2">
			<Text>알겠소.</Text>
		</Row>
		<Row Tag="TXT_KEY_LEADER_BISMARCK_AGREE_SHORT_3">
			<Text>물론이오.</Text>
		</Row>
		<Row Tag="TXT_KEY_LEADER_BISMARCK_AGREE_SHORT_4">
			<Text>동의하오.</Text>
		</Row>
		<Row Tag="TXT_KEY_LEADER_BISMARCK_AGREE_SHORT_5">
			<Text>오, 매우 좋군.</Text>
		</Row>
		<Row Tag="TXT_KEY_LEADER_BISMARCK_AGREE_SHORT_6">
			<Text>할 수 밖에 없군.</Text>
		</Row>
		<Row Tag="TXT_KEY_LEADER_BISMARCK_AGREE_SHORT_7">
			<Text>훌륭하오.</Text>
		</Row>
		<Row Tag="TXT_KEY_LEADER_BISMARCK_ATTACKED_1">
			<Text>훌륭하군! 결국엔 내 함정에 빠지고 말았군!</Text>
		</Row>
		<Row Tag="TXT_KEY_LEADER_BISMARCK_ATTACKED_2">
			<Text>세상에 이 얼마나 바보 같은 결정인가. 이 어리석음의 대가를 내야 할 것이오.</Text>
		</Row>
		<Row Tag="TXT_KEY_LEADER_BISMARCK_ATTACKED_3">
			<Text>타락해버렸군! 당신을 묻어버릴 거요!</Text>
		</Row>
		<Row Tag="TXT_KEY_LEADER_BISMARCK_DECLAREWAR_1">
			<Text>당신의 나라가 독일의 국익에 방해되는 것으로 판단하였소. 당신을 철저히 파괴할 것을 맹세하오.</Text>
		</Row>
		<Row Tag="TXT_KEY_LEADER_BISMARCK_DECLAREWAR_2">
			<Text>내 생각엔 우리 두 나라는 반드시 주먹다짐이 필요한 것 같군. 난 당신이 전쟁 준비를 마칠 때까지 기다리지 않을 것이오!</Text>
		</Row>
		<Row Tag="TXT_KEY_LEADER_BISMARCK_DECLAREWAR_3">
			<Text>당신의 존재는 독일에 위협을 가할 것이오. 전쟁에 대비하시오.</Text>
		</Row>
		<Row Tag="TXT_KEY_LEADER_BISMARCK_DEFEATED_1">
			<Text>독일이 망했군. 다음 세대를 위해 눈물을 흘려야 하겠구나.</Text>
		</Row>
		<Row Tag="TXT_KEY_LEADER_BISMARCK_DEFEATED_2">
			<Text>당신의 승리를 축하하오. 역사를 쓰는 손이 당신의 것이 되었군.</Text>
		</Row>
		<Row Tag="TXT_KEY_LEADER_BISMARCK_DEFEATED_3">
			<Text>있을 수 없군! 로렌버그의 공작이자, 프로이센의 총리이고 독일의 첫 장관인 나, 오토 폰 비스마르크가 당신 따위에게 지다니!</Text>
		</Row>
		<Row Tag="TXT_KEY_LEADER_BISMARCK_DEFEATED_4">
			<Text>승리를 축하하오. 그대의 제국이 천년만년 번창하기를!</Text>
		</Row>
		<Row Tag="TXT_KEY_LEADER_BISMARCK_DEMANDTRIBUTE_ANGRY">
			<Text>만약 당신이 이 불쌍한 나라의 생존을 원한다면 이것들 좀 주시오.</Text>
		</Row>
		<Row Tag="TXT_KEY_LEADER_BISMARCK_DEMANDTRIBUTE_HAPPY">
			<Text>친구여, 독일은 그대의 도움이 필요하오. 아마도 귀국에 우호적인 생각을 하게 되겠지요.</Text>
		</Row>
		<Row Tag="TXT_KEY_LEADER_BISMARCK_DEMANDTRIBUTE_NEUTRAL">
			<Text>독일은 이것들을 요구하오. 우리 군은 회군 소식을 기다리고 있지.</Text>
		</Row>
		<Row Tag="TXT_KEY_LEADER_BISMARCK_DISAGREE_SHORT_1">
			<Text>아니 되오.</Text>
		</Row>
		<Row Tag="TXT_KEY_LEADER_BISMARCK_DISAGREE_SHORT_2">
			<Text>절대 안되오.</Text>
		</Row>
		<Row Tag="TXT_KEY_LEADER_BISMARCK_DISAGREE_SHORT_3">
			<Text>거부하오.</Text>
		</Row>
		<Row Tag="TXT_KEY_LEADER_BISMARCK_DISAGREE_SHORT_4">
			<Text>물론 안되오.</Text>
		</Row>
		<Row Tag="TXT_KEY_LEADER_BISMARCK_DISAGREE_SHORT_5">
			<Text>그런 일은 있을 수 없소.</Text>
		</Row>
		<Row Tag="TXT_KEY_LEADER_BISMARCK_DISAGREE_SHORT_6">
			<Text>장난치는군!</Text>
		</Row>
		<Row Tag="TXT_KEY_LEADER_BISMARCK_DISAGREE_SHORT_7">
			<Text>뭐라고 하셨소?</Text>
		</Row>
		<Row Tag="TXT_KEY_LEADER_BISMARCK_FIRSTGREETING_1">
			<Text>이방인이여, 우리 독일인은 그대를 환영하오.</Text>
		</Row>
		<Row Tag="TXT_KEY_LEADER_BISMARCK_FIRSTGREETING_2">
			<Text>독일은 그대를 환영하오. 우리 두 나라간에 평화만이 있기를 기도하겠소.</Text>
		</Row>
		<Row Tag="TXT_KEY_LEADER_BISMARCK_FIRSTGREETING_3">
			<Text>자랑스런 독일인들을 대신하여 그대를 환영하오!</Text>
		</Row>
		<Row Tag="TXT_KEY_LEADER_BISMARCK_GOODBYE_1">
			<Text>좋은 하루 되기를.</Text>
		</Row>
		<Row Tag="TXT_KEY_LEADER_BISMARCK_GOODBYE_2">
			<Text>안녕히 가시오.</Text>
		</Row>
		<Row Tag="TXT_KEY_LEADER_BISMARCK_GOODBYE_3">
			<Text>잘 가시오.</Text>
		</Row>
		<Row Tag="TXT_KEY_LEADER_BISMARCK_GOODBYE_4">
			<Text>다시 만나길.</Text>
		</Row>
		<Row Tag="TXT_KEY_LEADER_BISMARCK_GOODBYE_5">
			<Text>당장 사라지시오.</Text>
		</Row>
		<Row Tag="TXT_KEY_LEADER_BISMARCK_GOODBYE_6">
			<Text>끝인 것 같군.</Text>
		</Row>
		<Row Tag="TXT_KEY_LEADER_BISMARCK_GOODBYE_7">
			<Text>볼 일은 끝난 것 같군.</Text>
		</Row>
		<Row Tag="TXT_KEY_LEADER_BISMARCK_GREETING_1">
			<Text>흠?</Text>
		</Row>
		<Row Tag="TXT_KEY_LEADER_BISMARCK_GREETING_2">
			<Text>안녕하시오!</Text>
		</Row>
		<Row Tag="TXT_KEY_LEADER_BISMARCK_GREETING_3">
			<Text>잘 지냈소?</Text>
		</Row>
		<Row Tag="TXT_KEY_LEADER_BISMARCK_GREETING_4">
			<Text>무엇을 원하시오?</Text>
		</Row>
		<Row Tag="TXT_KEY_LEADER_BISMARCK_GREETING_5">
			<Text>뭐라고? 이것과 함께 나가시오!</Text>
		</Row>
		<Row Tag="TXT_KEY_LEADER_BISMARCK_GREETING_6">
			<Text>아직도 여기 계시오?</Text>
		</Row>
		<Row Tag="TXT_KEY_LEADER_BISMARCK_LETSHEARIT_1">
			<Text>들어보겠소.</Text>
		</Row>
		<Row Tag="TXT_KEY_LEADER_BISMARCK_LETSHEARIT_2">
			<Text>계속 진행하시오.</Text>
		</Row>
		<Row Tag="TXT_KEY_LEADER_BISMARCK_LETSHEARIT_3">
			<Text>진행하시오.</Text>
		</Row>
		<Row Tag="TXT_KEY_LEADER_BISMARCK_LETSHEARIT_4">
			<Text>듣고 있소.</Text>
		</Row>
		<Row Tag="TXT_KEY_LEADER_BISMARCK_LETSHEARIT_5">
			<Text>뭐라고요?</Text>
		</Row>
		<Row Tag="TXT_KEY_LEADER_BISMARCK_LETSHEARIT_6">
			<Text>말하는 중이었소?</Text>
		</Row>
		<Row Tag="TXT_KEY_LEADER_BISMARCK_LETSHEARIT_7">
			<Text>그리고?</Text>
		</Row>
		<Row Tag="TXT_KEY_LEADER_BISMARCK_LETSHEARIT_8">
			<Text>계속하시오.</Text>
		</Row>
		<Row Tag="TXT_KEY_LEADER_BISMARCK_LOSEWAR_1">
			<Text>무승부라고 보는데 어떻소?</Text>
		</Row>
		<Row Tag="TXT_KEY_LEADER_BISMARCK_LOSEWAR_2">
			<Text>나는 이 공평하고 명예로운 평화가 기쁘다오.</Text>
		</Row>
		<Row Tag="TXT_KEY_LEADER_BISMARCK_LOSEWAR_3">
			<Text>독일은 당신의 승리를 인정하오. 축하하오.</Text>
		</Row>
		<Row Tag="TXT_KEY_LEADER_BISMARCK_QUOTE_1">
			<Text>그 시대의 위대한 문제는 연설에 의해서도 다수결에 의해서도 결정되지 않을 것이다. - 이는 1848년과 1849년의 실수였지만 - 다만 철과 피에 의해 결정될 것이다.</Text>
		</Row>
		<Row Tag="TXT_KEY_LEADER_BISMARCK_QUOTE_2">
			<Text>국경에 선 정복군은 웅변으로 막을 수 없을 것이다.</Text>
		</Row>
		<Row Tag="TXT_KEY_LEADER_BISMARCK_QUOTE_3">
			<Text>신은 바보와 주정뱅이와 미국에 천우를 내리신다.</Text>
		</Row>
		<Row Tag="TXT_KEY_LEADER_BISMARCK_QUOTE_4">
			<Text>위대한 나라 사이의 모든 조약은 그들이 생존경쟁으로 충돌할 때에 법적 구속력을 잃는다.</Text>
		</Row>
		<Row Tag="TXT_KEY_LEADER_BISMARCK_TRADE_NEEDMORE_ANGRY_1">
			<Text>안 돼, 안 돼, 안 돼! 더 좋은 조건이 아니면 사라지시오!</Text>
		</Row>
		<Row Tag="TXT_KEY_LEADER_BISMARCK_TRADE_NEEDMORE_ANGRY_2">
			<Text>불충분하군.</Text>
		</Row>
		<Row Tag="TXT_KEY_LEADER_BISMARCK_TRADE_NEEDMORE_ANGRY_3">
			<Text>그것보단 더 줘야할 것이오.</Text>
		</Row>
		<Row Tag="TXT_KEY_LEADER_BISMARCK_TRADE_NEEDMORE_ANGRY_4">
			<Text>안타깝게도...</Text>
		</Row>
		<Row Tag="TXT_KEY_LEADER_BISMARCK_TRADE_NEEDMORE_HAPPY_1">
			<Text>친구여, 독일은 그대의 제안을 받아들일 수 없소. 더 나은 제안은 없소?</Text>
		</Row>
		<Row Tag="TXT_KEY_LEADER_BISMARCK_TRADE_NEEDMORE_HAPPY_2">
			<Text>그대가 할 수 있는 최선이오?</Text>
		</Row>
		<Row Tag="TXT_KEY_LEADER_BISMARCK_TRADE_NEEDMORE_HAPPY_3">
			<Text>뭔가 조금 더 있었으면 좋겠소...</Text>
		</Row>
		<Row Tag="TXT_KEY_LEADER_BISMARCK_TRADE_NEEDMORE_HAPPY_4">
			<Text>조금 만 더...</Text>
		</Row>
		<Row Tag="TXT_KEY_LEADER_BISMARCK_TRADE_NEEDMORE_NEUTRAL_1">
			<Text>물론 안되오. 조금 더 추가하시오.</Text>
		</Row>
		<Row Tag="TXT_KEY_LEADER_BISMARCK_TRADE_NEEDMORE_NEUTRAL_2">
			<Text>좀 더 나은 것은 없소?</Text>
		</Row>
		<Row Tag="TXT_KEY_LEADER_BISMARCK_TRADE_NEEDMORE_NEUTRAL_3">
			<Text>썩 좋지는 않소.</Text>
		</Row>
		<Row Tag="TXT_KEY_LEADER_BISMARCK_TRADE_NEEDMORE_NEUTRAL_4">
			<Text>흠...</Text>
		</Row>
		<Row Tag="TXT_KEY_LEADER_BISMARCK_TRADE_NO_ANGRY">
			<Text>안되오! 그건 말도 안되오!</Text>
		</Row>
		<Row Tag="TXT_KEY_LEADER_BISMARCK_TRADE_NO_HAPPY">
			<Text>친애하는 우리의 형제여, 나는 그것을 거절해야 하겠소.</Text>
		</Row>
		<Row Tag="TXT_KEY_LEADER_BISMARCK_TRADE_NO_NEUTRAL">
			<Text>독일은 당신의 이번 제안에 관심이 없소.</Text>
		</Row>
		<Row Tag="TXT_KEY_LEADER_BISMARCK_TRADE_YES_ANGRY">
			<Text>으윽... 좋소.</Text>
		</Row>
		<Row Tag="TXT_KEY_LEADER_BISMARCK_TRADE_YES_HAPPY">
			<Text>훌륭하오! 그대는 대단한 통찰력을 가졌소.</Text>
		</Row>
		<Row Tag="TXT_KEY_LEADER_BISMARCK_TRADE_YES_NEUTRAL">
			<Text>그것에 동의하는 바요.</Text>
		</Row>
		<Row Tag="TXT_KEY_LEADER_BISMARCK_TRADEREQUEST_ANGRY">
			<Text>좀 더 주의해서 제안을 하시오.</Text>
		</Row>
		<Row Tag="TXT_KEY_LEADER_BISMARCK_TRADEREQUEST_HAPPY">
			<Text>이 협정은 우리 국민에게 이익을 가져다줄 것 같지 않소이다. 친구여. 어떻게 생각하시오?</Text>
		</Row>
		<Row Tag="TXT_KEY_LEADER_BISMARCK_TRADEREQUEST_NEUTRAL">
			<Text>우리 관대한 독일인은 공평한 제안을 원하는 바요.</Text>
		</Row>
		<Row Tag="TXT_KEY_LEADER_BISMARCK_TRIBUTE_NO_ANGRY">
			<Text>와서 가져봐. 이 오만한 멍청이 같으니.</Text>
		</Row>
		<Row Tag="TXT_KEY_LEADER_BISMARCK_TRIBUTE_NO_HAPPY">
			<Text>이 것은 하나도 재미가 없군.</Text>
		</Row>
		<Row Tag="TXT_KEY_LEADER_BISMARCK_TRIBUTE_NO_NEUTRAL">
			<Text>독일은 열등한 나라의 위협에 끄떡없소.</Text>
		</Row>
		<Row Tag="TXT_KEY_LEADER_BISMARCK_TRIBUTE_YES_ANGRY">
			<Text>그대의 오만함의 끝은 어디인가? 이 치욕은 언제까지건 기억할 것이오!</Text>
		</Row>
		<Row Tag="TXT_KEY_LEADER_BISMARCK_TRIBUTE_YES_HAPPY">
			<Text>아주 좋소. 나중에 독일에 똑같이 대해 주리라 믿소.</Text>
		</Row>
		<Row Tag="TXT_KEY_LEADER_BISMARCK_TRIBUTE_YES_NEUTRAL">
			<Text>아주 좋소. 지금은 힘의 균형이 그대에게 기울어져 있군.</Text>
		</Row>
		<Row Tag="TXT_KEY_LEADER_BISMARCK_WARBLUFF_1">
			<Text>당신은 위험한 게임을 하고 있소.</Text>
		</Row>
		<Row Tag="TXT_KEY_LEADER_BISMARCK_WARBLUFF_2">
			<Text>그런 허세는 위험할 수 있지. 특히, 뒷감당할만한 힘을 갖고 있지 않은 이라면.</Text>
		</Row>
		<Row Tag="TXT_KEY_LEADER_BISMARCK_WARBLUFF_3">
			<Text>용케 당신은 나의 허세를 간파했구먼, 안 그래? 축하하지.</Text>
		</Row>
		<Row Tag="TXT_KEY_LEADER_BISMARCK_WARBLUFF_4">
			<Text>얼마나 실망인가.</Text>
		</Row>
		<Row Tag="TXT_KEY_LEADER_BISMARCK_WARBLUFF_5">
			<Text>우리는 이것을 기억할 것이오!</Text>
		</Row>
		<Row Tag="TXT_KEY_LEADER_BISMARCK_WARBLUFF_6">
			<Text>멍청하군.</Text>
		</Row>
		<Row Tag="TXT_KEY_LEADER_BISMARCK_WINWAR_1">
			<Text>나는 당신이 독일의 강함을 배웠으리라 믿겠소.</Text>
		</Row>
		<Row Tag="TXT_KEY_LEADER_BISMARCK_WINWAR_2">
			<Text>아주 좋군. 무언가를 배워갔으리라 믿겠소.</Text>
		</Row>
		<Row Tag="TXT_KEY_LEADER_BISMARCK_WINWAR_3">
			<Text>당신은 독일의 강함과 우월함을 뼛속 깊이 인식했겠지. 다시는 얼씬도 하지 말도록!</Text>
		</Row>
	</Language_KO_KR>
</GameData>