<?xml version="1.0" encoding="utf-8"?>
<GameData>
	<Language_KO_KR>
		<Row Tag="TXT_KEY_LEADER_HIAWATHA_AGREE_SHORT_1">
			<Text>아주 좋군.</Text>
		</Row>
		<Row Tag="TXT_KEY_LEADER_HIAWATHA_AGREE_SHORT_2">
			<Text>알겠소.</Text>
		</Row>
		<Row Tag="TXT_KEY_LEADER_HIAWATHA_AGREE_SHORT_3">
			<Text>물론이오.</Text>
		</Row>
		<Row Tag="TXT_KEY_LEADER_HIAWATHA_AGREE_SHORT_4">
			<Text>당신과 뜻을 같이 하겠소.</Text>
		</Row>
		<Row Tag="TXT_KEY_LEADER_HIAWATHA_AGREE_SHORT_5">
			<Text>음, 아주 좋군.</Text>
		</Row>
		<Row Tag="TXT_KEY_LEADER_HIAWATHA_AGREE_SHORT_6">
			<Text>하늘과 땅에 맹세코 그렇게 하겠소.</Text>
		</Row>
		<Row Tag="TXT_KEY_LEADER_HIAWATHA_AGREE_SHORT_7">
			<Text>훌륭하오.</Text>
		</Row>
		<Row Tag="TXT_KEY_LEADER_HIAWATHA_ATTACKED_1">
			<Text>천 세대 동안 당신에게 저주를 내리겠소! 이에 대한 대가를 치루게 될 것이오!</Text>
		</Row>
		<Row Tag="TXT_KEY_LEADER_HIAWATHA_ATTACKED_2">
			<Text>이런 사악한 놈! 나의 전사들이 당신들을 살육할 것이오!</Text>
		</Row>
		<Row Tag="TXT_KEY_LEADER_HIAWATHA_ATTACKED_3">
			<Text>그래 좋소. 당신의 어리석음으로 수많은 병사들이 대지에 피를 뿌리게 될 것이오.</Text>
		</Row>
		<Row Tag="TXT_KEY_LEADER_HIAWATHA_DECLAREWAR_1">
			<Text>우리 전사들이 외치는 전장의 함성이 저 산으로부터 들려오고 있소. 곧 당신들 앞에 당도할 것이오! 전쟁에 대비하시오.</Text>
		</Row>
		<Row Tag="TXT_KEY_LEADER_HIAWATHA_DECLAREWAR_2">
			<Text>개로 살 바에는 사자로 죽는 게 낫소. 전쟁을 준비해 우리를 용감하게 맞으시오.</Text>
		</Row>
		<Row Tag="TXT_KEY_LEADER_HIAWATHA_DECLAREWAR_3">
			<Text>당신들은 우리 어머니인 이 대지에 전염병 같은 존재들이오. 전사들이 정화를 위해 그곳에 곧 당도할 것이오!</Text>
		</Row>
		<Row Tag="TXT_KEY_LEADER_HIAWATHA_DEFEATED_1">
			<Text>우리는 완전히 파괴되었소. 이것으로 당신의 피에 대한 갈증이 해소되었기를 기도하겠소.</Text>
		</Row>
		<Row Tag="TXT_KEY_LEADER_HIAWATHA_DEFEATED_2">
			<Text>당신이 우리를 정복했소. 그래, 인정하겠소. 그러나, 우리의 영혼은 절대 패배하지 않소! 우리는 반드시 돌아올 것이오!</Text>
		</Row>
		<Row Tag="TXT_KEY_LEADER_HIAWATHA_DEFEATED_3">
			<Text>우리는 완전히 실패했소. 우리의 전사들은 몰살당했소. 우리의 대지는 당신 것이오. 아마도 다음 생에서는 이번에는 찾을 수 없었던 평화를 함께 찾아볼 수 있을 것이오.</Text>
		</Row>
		<Row Tag="TXT_KEY_LEADER_HIAWATHA_DEMANDTRIBUTE_ANGRY">
			<Text>아래의 공물들을 요구하오. 내 전사들이 밖에서 답변을 기다리는 중이오.</Text>
		</Row>
		<Row Tag="TXT_KEY_LEADER_HIAWATHA_DEMANDTRIBUTE_HAPPY">
			<Text>나의 친구여, 우리가 필요로 할 때 도움을 줄 수 있겠소?</Text>
		</Row>
		<Row Tag="TXT_KEY_LEADER_HIAWATHA_DEMANDTRIBUTE_NEUTRAL">
			<Text>아래의 공물들을 요구하오. 거절하지 않기를 바라겠소.</Text>
		</Row>
		<Row Tag="TXT_KEY_LEADER_HIAWATHA_DISAGREE_SHORT_1">
			<Text>싫소.</Text>
		</Row>
		<Row Tag="TXT_KEY_LEADER_HIAWATHA_DISAGREE_SHORT_2">
			<Text>하늘과 땅에 맹세하건대 그것은 이루어질 수 없소.</Text>
		</Row>
		<Row Tag="TXT_KEY_LEADER_HIAWATHA_DISAGREE_SHORT_3">
			<Text>우리는 그것을 거절하오.</Text>
		</Row>
		<Row Tag="TXT_KEY_LEADER_HIAWATHA_DISAGREE_SHORT_4">
			<Text>당연히 불가능하오.</Text>
		</Row>
		<Row Tag="TXT_KEY_LEADER_HIAWATHA_DISAGREE_SHORT_5">
			<Text>받아들이기 어렵소.</Text>
		</Row>
		<Row Tag="TXT_KEY_LEADER_HIAWATHA_DISAGREE_SHORT_6">
			<Text>이런 장난은 원치 않소!</Text>
		</Row>
		<Row Tag="TXT_KEY_LEADER_HIAWATHA_DISAGREE_SHORT_7">
			<Text>뭐라고?</Text>
		</Row>
		<Row Tag="TXT_KEY_LEADER_HIAWATHA_FIRSTGREETING_1">
			<Text>반갑군. 이방인이여. 나는 이로쿼이 족의 히아와타라고 한다오. 우리는 모든 것들과의 평화를 추구하지만, 그렇다고 전쟁을 두려워하지는 않소.</Text>
		</Row>
		<Row Tag="TXT_KEY_LEADER_HIAWATHA_FIRSTGREETING_2">
			<Text>나는 이로쿼이 족의 지도자인 히아와타라고 한다오. 부족을 대표해 당신에게 환영의 인사를 하겠소. 그리고 우리 두 위대한 문명이 친구로 남기를 희망하겠소.</Text>
		</Row>
		<Row Tag="TXT_KEY_LEADER_HIAWATHA_FIRSTGREETING_3">
			<Text>평화가 당신과 함께 하기를... 난 막강한 이로쿼이 족의 지도자 히아와타라고 한다오.</Text>
		</Row>
		<Row Tag="TXT_KEY_LEADER_HIAWATHA_GOODBYE_1">
			<Text>안녕히.</Text>
		</Row>
		<Row Tag="TXT_KEY_LEADER_HIAWATHA_GOODBYE_2">
			<Text>평안히 가기를.</Text>
		</Row>
		<Row Tag="TXT_KEY_LEADER_HIAWATHA_GOODBYE_3">
			<Text>잘 가시오.</Text>
		</Row>
		<Row Tag="TXT_KEY_LEADER_HIAWATHA_GOODBYE_4">
			<Text>다시 보게 되길 바라겠소.</Text>
		</Row>
		<Row Tag="TXT_KEY_LEADER_HIAWATHA_GOODBYE_5">
			<Text>지체 말고 떠나시오.</Text>
		</Row>
		<Row Tag="TXT_KEY_LEADER_HIAWATHA_GOODBYE_6">
			<Text>끝난 것 같소.</Text>
		</Row>
		<Row Tag="TXT_KEY_LEADER_HIAWATHA_GOODBYE_7">
			<Text>여기서 볼 일은 다 끝났소.</Text>
		</Row>
		<Row Tag="TXT_KEY_LEADER_HIAWATHA_GREETING_1">
			<Text>반갑소.</Text>
		</Row>
		<Row Tag="TXT_KEY_LEADER_HIAWATHA_GREETING_2">
			<Text>안녕하시오.</Text>
		</Row>
		<Row Tag="TXT_KEY_LEADER_HIAWATHA_GREETING_3">
			<Text>잘 지냈소?</Text>
		</Row>
		<Row Tag="TXT_KEY_LEADER_HIAWATHA_GREETING_4">
			<Text>좋은 날이오.</Text>
		</Row>
		<Row Tag="TXT_KEY_LEADER_HIAWATHA_GREETING_5">
			<Text>그래, 당신이군.</Text>
		</Row>
		<Row Tag="TXT_KEY_LEADER_HIAWATHA_GREETING_6">
			<Text>그래.</Text>
		</Row>
		<Row Tag="TXT_KEY_LEADER_HIAWATHA_GREETING_7">
			<Text>뭘 원하오?</Text>
		</Row>
		<Row Tag="TXT_KEY_LEADER_HIAWATHA_LETSHEARIT_1">
			<Text>말해보시오.</Text>
		</Row>
		<Row Tag="TXT_KEY_LEADER_HIAWATHA_LETSHEARIT_2">
			<Text>계속해보시오.</Text>
		</Row>
		<Row Tag="TXT_KEY_LEADER_HIAWATHA_LETSHEARIT_3">
			<Text>듣고 있소.</Text>
		</Row>
		<Row Tag="TXT_KEY_LEADER_HIAWATHA_LETSHEARIT_4">
			<Text>응?</Text>
		</Row>
		<Row Tag="TXT_KEY_LEADER_HIAWATHA_LETSHEARIT_5">
			<Text>뭐라고 했소?</Text>
		</Row>
		<Row Tag="TXT_KEY_LEADER_HIAWATHA_LETSHEARIT_6">
			<Text>그리고?</Text>
		</Row>
		<Row Tag="TXT_KEY_LEADER_HIAWATHA_LETSHEARIT_7">
			<Text>할 말 있으면 더 해보시오.</Text>
		</Row>
		<Row Tag="TXT_KEY_LEADER_HIAWATHA_LOSEWAR_1">
			<Text>당신의 자비에 고맙게 생각하고 있소. 이제 우리가 친구가 되기를 기도하겠소.</Text>
		</Row>
		<Row Tag="TXT_KEY_LEADER_HIAWATHA_TRADE_NEEDMORE_ANGRY_1">
			<Text>우리를 속이려는 시도는 어리석은 짓이오. 제안을 개선하던가 가던 길로 떠나시오.</Text>
		</Row>
		<Row Tag="TXT_KEY_LEADER_HIAWATHA_TRADE_NEEDMORE_ANGRY_2">
			<Text>충분하지 못하오.</Text>
		</Row>
		<Row Tag="TXT_KEY_LEADER_HIAWATHA_TRADE_NEEDMORE_ANGRY_3">
			<Text>우리에게 이보단 더 성의를 보여야 할 것이오.</Text>
		</Row>
		<Row Tag="TXT_KEY_LEADER_HIAWATHA_TRADE_NEEDMORE_HAPPY_1">
			<Text>하아! 친구, 잠들어 있는 곰이 숨겨 놓은 것을 훔쳐 가려 하는군. 당신 이보다는 더 할 수 있지 않소!</Text>
		</Row>
		<Row Tag="TXT_KEY_LEADER_HIAWATHA_TRADE_NEEDMORE_HAPPY_2">
			<Text>이게 당신이 할 수 있는 최선이오?</Text>
		</Row>
		<Row Tag="TXT_KEY_LEADER_HIAWATHA_TRADE_NEEDMORE_HAPPY_3">
			<Text>거의 다 됐소...</Text>
		</Row>
		<Row Tag="TXT_KEY_LEADER_HIAWATHA_TRADE_NEEDMORE_NEUTRAL_1">
			<Text>빛나는 구슬이나 값싼 유리 장신구 같은 것들에는 이제 흥미가 없소. 더 성의를 보이시오.</Text>
		</Row>
		<Row Tag="TXT_KEY_LEADER_HIAWATHA_TRADE_NEEDMORE_NEUTRAL_2">
			<Text>조금 더 성의를 보일 수 있소?</Text>
		</Row>
		<Row Tag="TXT_KEY_LEADER_HIAWATHA_TRADE_NEEDMORE_NEUTRAL_3">
			<Text>이것은 충분치 못하오.</Text>
		</Row>
		<Row Tag="TXT_KEY_LEADER_HIAWATHA_TRADE_NEEDMORE_NEUTRAL_4">
			<Text>거의 다 됐소...</Text>
		</Row>
		<Row Tag="TXT_KEY_LEADER_HIAWATHA_TRADE_NO_ANGRY">
			<Text>당신이 우리를 바보로 생각하는 게 틀림없군. 꺼지시오.</Text>
		</Row>
		<Row Tag="TXT_KEY_LEADER_HIAWATHA_TRADE_NO_HAPPY">
			<Text>당신의 달콤한 말은 당신이 우리로부터 크게 사기를 치려 한다는 사실을 완전히 숨기지 못하고 있소.</Text>
		</Row>
		<Row Tag="TXT_KEY_LEADER_HIAWATHA_TRADE_NO_NEUTRAL">
			<Text>우리가 숲 속에서 벌거벗고 굶주리며 살도록 그냥 두지 않겠소? 하늘과 대지에 맹세코 이 거래는 불가능하오.</Text>
		</Row>
		<Row Tag="TXT_KEY_LEADER_HIAWATHA_TRADE_YES_ANGRY">
			<Text>받아들이겠소.</Text>
		</Row>
		<Row Tag="TXT_KEY_LEADER_HIAWATHA_TRADE_YES_HAPPY">
			<Text>당신과 거래를 하게 되어서 영광이오.</Text>
		</Row>
		<Row Tag="TXT_KEY_LEADER_HIAWATHA_TRADE_YES_NEUTRAL">
			<Text>공평한 거래이므로 동의하겠소.</Text>
		</Row>
		<Row Tag="TXT_KEY_LEADER_HIAWATHA_TRADEREQUEST_ANGRY">
			<Text>나의 더 나은 판단에 반하는 당신에게 이 거래를 제안하고 있소.</Text>
		</Row>
		<Row Tag="TXT_KEY_LEADER_HIAWATHA_TRADEREQUEST_HAPPY">
			<Text>친구여, 이 거래가 마음에 드시오?</Text>
		</Row>
		<Row Tag="TXT_KEY_LEADER_HIAWATHA_TRADEREQUEST_NEUTRAL">
			<Text>관심이 가는 거래이시오?</Text>
		</Row>
		<Row Tag="TXT_KEY_LEADER_HIAWATHA_TRIBUTE_NO_ANGRY">
			<Text>어리석은 자여! 우리 부족은 이 따위 협박에 굴복하느니 죽는 것을 선택하겠소!</Text>
		</Row>
		<Row Tag="TXT_KEY_LEADER_HIAWATHA_TRIBUTE_NO_HAPPY">
			<Text>친구여, 우리는 그렇게 관대해질 여유가 없소.</Text>
		</Row>
		<Row Tag="TXT_KEY_LEADER_HIAWATHA_TRIBUTE_NO_NEUTRAL">
			<Text>곰이 뱀 따위와 저녁 식사를 함께 공유 하는 것을 본적이 있소? 당연히 거절하겠소.</Text>
		</Row>
		<Row Tag="TXT_KEY_LEADER_HIAWATHA_TRIBUTE_YES_ANGRY">
			<Text>알겠소. 하지만 반드시 이 모욕에 대한 복수를 할 것임을 맹세하겠소.</Text>
		</Row>
		<Row Tag="TXT_KEY_LEADER_HIAWATHA_TRIBUTE_YES_HAPPY">
			<Text>우리는 당연히 풍요로움을 행복한 마음으로 친구와 공유 할 것이오. 이것을 받으시오.</Text>
		</Row>
		<Row Tag="TXT_KEY_LEADER_HIAWATHA_TRIBUTE_YES_NEUTRAL">
			<Text>당신의 제안을 받아들이겠소. 하지만 언젠가는 당신의 이런 탐욕스러움을 후회하게 될 것이오.</Text>
		</Row>
		<Row Tag="TXT_KEY_LEADER_HIAWATHA_WARBLUFF_1">
			<Text>어리석군, 이 어리석은 자여...</Text>
		</Row>
		<Row Tag="TXT_KEY_LEADER_HIAWATHA_WARBLUFF_2">
			<Text>당신은 돌이키기 힘든 위험한 게임을 하고 있소.</Text>
		</Row>
		<Row Tag="TXT_KEY_LEADER_HIAWATHA_WARBLUFF_3">
			<Text>좋소. 그러나 다음번에는 이런 관대함이 없을 것이오!</Text>
		</Row>
		<Row Tag="TXT_KEY_LEADER_HIAWATHA_WARBLUFF_4">
			<Text>실망스럽소.</Text>
		</Row>
		<Row Tag="TXT_KEY_LEADER_HIAWATHA_WARBLUFF_5">
			<Text>매우 실망스럽소.</Text>
		</Row>
		<Row Tag="TXT_KEY_LEADER_HIAWATHA_WINWAR_1">
			<Text>어떤 개는 복종을 배우기 전에는 반드시 두들겨 맞아야 한다오. 이러한 교훈을 반복하게 하지 마시오!</Text>
		</Row>
	</Language_KO_KR>
</GameData>