<?xml version="1.0" encoding="utf-8"?>
<GameData>
	<Language_KO_KR>
		<Row Tag="TXT_KEY_LEADER_NAPOLEON_AGREE_SHORT_1">
			<Text>아주 좋군.</Text>
		</Row>
		<Row Tag="TXT_KEY_LEADER_NAPOLEON_AGREE_SHORT_2">
			<Text>알겠소.</Text>
		</Row>
		<Row Tag="TXT_KEY_LEADER_NAPOLEON_AGREE_SHORT_3">
			<Text>물론이지.</Text>
		</Row>
		<Row Tag="TXT_KEY_LEADER_NAPOLEON_AGREE_SHORT_4">
			<Text>받아들여졌소.</Text>
		</Row>
		<Row Tag="TXT_KEY_LEADER_NAPOLEON_AGREE_SHORT_5">
			<Text>그래, 아주 좋군.</Text>
		</Row>
		<Row Tag="TXT_KEY_LEADER_NAPOLEON_AGREE_SHORT_6">
			<Text>반드시 해야겠지.</Text>
		</Row>
		<Row Tag="TXT_KEY_LEADER_NAPOLEON_AGREE_SHORT_7">
			<Text>훌륭하군.</Text>
		</Row>
		<Row Tag="TXT_KEY_LEADER_NAPOLEON_ATTACKED_1">
			<Text>그댄 곧 흔적도 없이 사라지게 될 것이오.</Text>
		</Row>
		<Row Tag="TXT_KEY_LEADER_NAPOLEON_ATTACKED_2">
			<Text>그댄 내 계획에 걸려들었소. 이제 그 대가를 치르게 될 것이오.</Text>
		</Row>
		<Row Tag="TXT_KEY_LEADER_NAPOLEON_ATTACKED_3">
			<Text>실수를 하고 있군. 그대 최후의 실수를. 그댄 곧 땅 속에 묻히게 될 것이오.</Text>
		</Row>
		<Row Tag="TXT_KEY_LEADER_NAPOLEON_DECLAREWAR_1">
			<Text>너 따위가 지금 내 앞길을 막고 있다니. 바로 내 무력으로 치워질 것이오.</Text>
		</Row>
		<Row Tag="TXT_KEY_LEADER_NAPOLEON_DECLAREWAR_2">
			<Text>하찮은 네가 거슬리는군. 곧 쓸어버리겠소.</Text>
		</Row>
		<Row Tag="TXT_KEY_LEADER_NAPOLEON_DECLAREWAR_3">
			<Text>그대가 프랑스를 모욕하는 것은 이것이 마지막이오! 내가 곧 그대들 앞에 있을 것이오.</Text>
		</Row>
		<Row Tag="TXT_KEY_LEADER_NAPOLEON_DEFEATED_1">
			<Text>나를 무너뜨렸군. 축하할 만 하군.</Text>
		</Row>
		<Row Tag="TXT_KEY_LEADER_NAPOLEON_DEFEATED_2">
			<Text>당신의 승리를 축하하오.</Text>
		</Row>
		<Row Tag="TXT_KEY_LEADER_NAPOLEON_DEFEATED_3">
			<Text>나는 완전히 실패했고, 지금 가진 것이라고는 명예밖에 없소. 그대가 이루려는 것을 나와 함께 하지 않겠나?</Text>
		</Row>
		<Row Tag="TXT_KEY_LEADER_NAPOLEON_DEMANDTRIBUTE_ANGRY">
			<Text>이것들을 바치지 않으면 박살을 내겠소. 맹세하지.</Text>
		</Row>
		<Row Tag="TXT_KEY_LEADER_NAPOLEON_DEMANDTRIBUTE_HAPPY">
			<Text>친구여, 내 조국 프랑스가 이것들이 필요하다네. 자네가 우리를 실망하게 하지는 않을 것이라 믿겠소.</Text>
		</Row>
		<Row Tag="TXT_KEY_LEADER_NAPOLEON_DEMANDTRIBUTE_NEUTRAL">
			<Text>프랑스는 이것들이 필요하다오. 그대 문명의 생사여부는 이 대답에 달렸지.</Text>
		</Row>
		<Row Tag="TXT_KEY_LEADER_NAPOLEON_DISAGREE_SHORT_1">
			<Text>싫소.</Text>
		</Row>
		<Row Tag="TXT_KEY_LEADER_NAPOLEON_DISAGREE_SHORT_2">
			<Text>그럴 일은 없소.</Text>
		</Row>
		<Row Tag="TXT_KEY_LEADER_NAPOLEON_DISAGREE_SHORT_3">
			<Text>사양하겠소.</Text>
		</Row>
		<Row Tag="TXT_KEY_LEADER_NAPOLEON_DISAGREE_SHORT_4">
			<Text>두말할 것도 없이 안되오.</Text>
		</Row>
		<Row Tag="TXT_KEY_LEADER_NAPOLEON_DISAGREE_SHORT_5">
			<Text>받아들일 수 없소.</Text>
		</Row>
		<Row Tag="TXT_KEY_LEADER_NAPOLEON_DISAGREE_SHORT_6">
			<Text>지금 나랑 놀자는 건가!</Text>
		</Row>
		<Row Tag="TXT_KEY_LEADER_NAPOLEON_DISAGREE_SHORT_7">
			<Text>지금 뭐라고 하는 건가?</Text>
		</Row>
		<Row Tag="TXT_KEY_LEADER_NAPOLEON_FIRSTGREETING_1">
			<Text>반갑군! 나는 세계 역사를 통틀어 가장 강력한 군사력으로 칭송받는 프랑스의 나폴레옹이라고 하지.</Text>
		</Row>
		<Row Tag="TXT_KEY_LEADER_NAPOLEON_FIRSTGREETING_2">
			<Text>반갑군. 이방인이여. 나는 프랑스 제국의 나폴레옹이라고 한다네! 나는 친구에게는 더 없이 잘해주지만, 적에게는 죽음을 선사하는 편이지. 자네는 어느 쪽이 될 텐가?</Text>
		</Row>
		<Row Tag="TXT_KEY_LEADER_NAPOLEON_FIRSTGREETING_3">
			<Text>음, 드디어 만나게 됐군. 나는 프랑스 제국의 나폴레옹이라고 한다오. 이리로 오게. 우리 위대한 문명끼리 이 세계를 서로 어떻게 분할할 지 논의해보도록 하지.</Text>
		</Row>
		<Row Tag="TXT_KEY_LEADER_NAPOLEON_FIRSTGREETING_4">
			<Text>반갑군. 나는 프랑스의 나폴레옹이라고 하지. 겉치레적인 인사에 낭비할 시간이 없군. 무엇 때문에 왔는가?</Text>
		</Row>
		<Row Tag="TXT_KEY_LEADER_NAPOLEON_GOODBYE_1">
			<Text>다음에 보도록 하지.</Text>
		</Row>
		<Row Tag="TXT_KEY_LEADER_NAPOLEON_GOODBYE_2">
			<Text>그럼 이만.</Text>
		</Row>
		<Row Tag="TXT_KEY_LEADER_NAPOLEON_GOODBYE_3">
			<Text>잘 가게.</Text>
		</Row>
		<Row Tag="TXT_KEY_LEADER_NAPOLEON_GOODBYE_4">
			<Text>다시 보지.</Text>
		</Row>
		<Row Tag="TXT_KEY_LEADER_NAPOLEON_GOODBYE_5">
			<Text>바로 떠나라.</Text>
		</Row>
		<Row Tag="TXT_KEY_LEADER_NAPOLEON_GOODBYE_6">
			<Text>다 됐소.</Text>
		</Row>
		<Row Tag="TXT_KEY_LEADER_NAPOLEON_GOODBYE_7">
			<Text>용무가 끝났군.</Text>
		</Row>
		<Row Tag="TXT_KEY_LEADER_NAPOLEON_GREETING_1">
			<Text>반갑소.</Text>
		</Row>
		<Row Tag="TXT_KEY_LEADER_NAPOLEON_GREETING_2">
			<Text>이봐.</Text>
		</Row>
		<Row Tag="TXT_KEY_LEADER_NAPOLEON_GREETING_3">
			<Text>잘 있었나.</Text>
		</Row>
		<Row Tag="TXT_KEY_LEADER_NAPOLEON_GREETING_4">
			<Text>별일 없지?</Text>
		</Row>
		<Row Tag="TXT_KEY_LEADER_NAPOLEON_GREETING_5">
			<Text>음, 그대로군.</Text>
		</Row>
		<Row Tag="TXT_KEY_LEADER_NAPOLEON_GREETING_6">
			<Text>무슨 일로 왔는가?</Text>
		</Row>
		<Row Tag="TXT_KEY_LEADER_NAPOLEON_GREETING_7">
			<Text>원하는 게 뭔가?</Text>
		</Row>
		<Row Tag="TXT_KEY_LEADER_NAPOLEON_LETSHEARIT_1">
			<Text>풀어 놔봐.</Text>
		</Row>
		<Row Tag="TXT_KEY_LEADER_NAPOLEON_LETSHEARIT_2">
			<Text>계속해보시오.</Text>
		</Row>
		<Row Tag="TXT_KEY_LEADER_NAPOLEON_LETSHEARIT_3">
			<Text>듣고 있소.</Text>
		</Row>
		<Row Tag="TXT_KEY_LEADER_NAPOLEON_LETSHEARIT_4">
			<Text>응?</Text>
		</Row>
		<Row Tag="TXT_KEY_LEADER_NAPOLEON_LETSHEARIT_5">
			<Text>뭐라고?</Text>
		</Row>
		<Row Tag="TXT_KEY_LEADER_NAPOLEON_LETSHEARIT_6">
			<Text>그래서?</Text>
		</Row>
		<Row Tag="TXT_KEY_LEADER_NAPOLEON_LETSHEARIT_7">
			<Text>더 해보시오.</Text>
		</Row>
		<Row Tag="TXT_KEY_LEADER_NAPOLEON_LOSEWAR_1">
			<Text>내가 그댈 과소평가했던 것 같군. 다시는 이런 실수를 하지 않겠다고 맹세하지.</Text>
		</Row>
		<Row Tag="TXT_KEY_LEADER_NAPOLEON_QUOTE_1">
			<Text>“내가 프랑스를 필요로 하는 것보다 프랑스가 나를 더 필요로 한다.”</Text>
		</Row>
		<Row Tag="TXT_KEY_LEADER_NAPOLEON_QUOTE_2">
			<Text>사람은 정의보다는 이익을 위해 더 열심히 싸울 것이다.</Text>
		</Row>
		<Row Tag="TXT_KEY_LEADER_NAPOLEON_QUOTE_3">
			<Text>당신의 적이 실수하고 있을 때에는 절대 방해하지 말라.</Text>
		</Row>
		<Row Tag="TXT_KEY_LEADER_NAPOLEON_QUOTE_4">
			<Text>“역사적 사실은 종종 듣기 좋은 꾸며낸 이야기일 뿐이다.”</Text>
		</Row>
		<Row Tag="TXT_KEY_LEADER_NAPOLEON_TRADE_NEEDMORE_ANGRY_1">
			<Text>지구에서 가장 부유하고 강력한 국가인 프랑스와의 좋은 협력 관계를 유지하는 것의 중요성을 인지하지 못하고 있나? 이보단 더 성의를 보여야 할 것이오!</Text>
		</Row>
		<Row Tag="TXT_KEY_LEADER_NAPOLEON_TRADE_NEEDMORE_ANGRY_2">
			<Text>부족하군.</Text>
		</Row>
		<Row Tag="TXT_KEY_LEADER_NAPOLEON_TRADE_NEEDMORE_HAPPY_1">
			<Text>친애하는 친구여, 황제로서, 개인적인 감정들은 집어치우고 프랑스를 위한 최선을 해야겠네! 좀 더 개선된 자네의 제안을 요청하게 되어 유감스럽군.</Text>
		</Row>
		<Row Tag="TXT_KEY_LEADER_NAPOLEON_TRADE_NEEDMORE_HAPPY_2">
			<Text>친구여, 이게 자네가 할 수 있는 최선인가?</Text>
		</Row>
		<Row Tag="TXT_KEY_LEADER_NAPOLEON_TRADE_NEEDMORE_HAPPY_3">
			<Text>거의 다 됐는데...</Text>
		</Row>
		<Row Tag="TXT_KEY_LEADER_NAPOLEON_TRADE_NEEDMORE_NEUTRAL_1">
			<Text>나를 속일 셈인가, 황제인 나를? 이보다는 성의를 보여야 할 것이오!</Text>
		</Row>
		<Row Tag="TXT_KEY_LEADER_NAPOLEON_TRADE_NEEDMORE_NEUTRAL_2">
			<Text>조금 더 할 순 없나?</Text>
		</Row>
		<Row Tag="TXT_KEY_LEADER_NAPOLEON_TRADE_NEEDMORE_NEUTRAL_3">
			<Text>아직 부족하군.</Text>
		</Row>
		<Row Tag="TXT_KEY_LEADER_NAPOLEON_TRADE_NEEDMORE_NEUTRAL_4">
			<Text>거의...</Text>
		</Row>
		<Row Tag="TXT_KEY_LEADER_NAPOLEON_TRADE_NO_ANGRY">
			<Text>내 시간은 무엇보다 귀하다오. 이따위 장난으로 내 시간을 낭비하지 마라.</Text>
		</Row>
		<Row Tag="TXT_KEY_LEADER_NAPOLEON_TRADE_NO_HAPPY">
			<Text>뭔가 착오가 있을 것이오. 나는 그대가 의도적으로 그런 웃기지도 않는 제안으로 위대한 프랑스 국민을 모욕하지는 않겠다고 확신하오.</Text>
		</Row>
		<Row Tag="TXT_KEY_LEADER_NAPOLEON_TRADE_NO_NEUTRAL">
			<Text>그대 제안은 황제를 모욕하는 것이오. 즉, 날 말이오. 내가 할 수 있는 가장 거만한 방법으로 거절하겠소.</Text>
		</Row>
		<Row Tag="TXT_KEY_LEADER_NAPOLEON_TRADE_YES_ANGRY">
			<Text>알겠소.</Text>
		</Row>
		<Row Tag="TXT_KEY_LEADER_NAPOLEON_TRADE_YES_HAPPY">
			<Text>프랑스를 향한 그대의 이런 친절을 고맙게 여기고 있소!</Text>
		</Row>
		<Row Tag="TXT_KEY_LEADER_NAPOLEON_TRADE_YES_NEUTRAL">
			<Text>그대가 가치 있음이 증명되었소. 고맙소.</Text>
		</Row>
		<Row Tag="TXT_KEY_LEADER_NAPOLEON_TRADEREQUEST_ANGRY">
			<Text>이게 내 제안이오. 받을 건지 사라질 건지 결정하시오.</Text>
		</Row>
		<Row Tag="TXT_KEY_LEADER_NAPOLEON_TRADEREQUEST_HAPPY">
			<Text>존경하는 친구여, 이 거래가 자네가 반길만한 것이라는 것을 알게 되리라 믿어 의심치 않네.</Text>
		</Row>
		<Row Tag="TXT_KEY_LEADER_NAPOLEON_TRADEREQUEST_NEUTRAL">
			<Text>프랑스가 그대에게 이 이례적인 좋은 제안을 하고 있소. 받아들일 것을 충고하는 바요.</Text>
		</Row>
		<Row Tag="TXT_KEY_LEADER_NAPOLEON_TRIBUTE_NO_ANGRY">
			<Text>죽고 싶나? 감히 어떻게 너 따위가 나로부터 공물을 갈취하려 드는가!</Text>
		</Row>
		<Row Tag="TXT_KEY_LEADER_NAPOLEON_TRIBUTE_NO_HAPPY">
			<Text>자네의 말은 프랑스에 모욕적이지. 간청하겠네. 우리의 관계를 어렵게 만들어가지 말게.</Text>
		</Row>
		<Row Tag="TXT_KEY_LEADER_NAPOLEON_TRIBUTE_NO_NEUTRAL">
			<Text>지금 나한테 공물을 달라는 건가? 희극이 따로 없군.</Text>
		</Row>
		<Row Tag="TXT_KEY_LEADER_NAPOLEON_TRIBUTE_YES_ANGRY">
			<Text>일단은 그대 말을 받아들이겠소. 하지만, 곧 이 모욕의 대가를 치르게 될 것이오! 그것을 내가 반드시 지켜보도록 하지.</Text>
		</Row>
		<Row Tag="TXT_KEY_LEADER_NAPOLEON_TRIBUTE_YES_HAPPY">
			<Text>물론이지. 자네도 알다시피 여기 나 황제의 관대함은 전설적인 정도지!</Text>
		</Row>
		<Row Tag="TXT_KEY_LEADER_NAPOLEON_TRIBUTE_YES_NEUTRAL">
			<Text>그래 좋소. 하지만, 이 모욕을 절대 잊지 않겠소. 프랑스는 오늘의 고통을 반드시 돌려줄 것이오!</Text>
		</Row>
		<Row Tag="TXT_KEY_LEADER_NAPOLEON_WARBLUFF_1">
			<Text>그댄 지금 위험한 게임을 하고 있소.</Text>
		</Row>
		<Row Tag="TXT_KEY_LEADER_NAPOLEON_WARBLUFF_2">
			<Text>알겠소. 다음번에는 이렇게 예의를 차리지 않을 것이오!</Text>
		</Row>
		<Row Tag="TXT_KEY_LEADER_NAPOLEON_WARBLUFF_3">
			<Text>실망스럽군.</Text>
		</Row>
		<Row Tag="TXT_KEY_LEADER_NAPOLEON_WARBLUFF_4">
			<Text>매우 실망스럽군.</Text>
		</Row>
		<Row Tag="TXT_KEY_LEADER_NAPOLEON_WARBLUFF_5">
			<Text>정말인가? 그대의 근시안적인 결정을 후회하지 않을 것이라 믿겠소.</Text>
		</Row>
		<Row Tag="TXT_KEY_LEADER_NAPOLEON_WARBLUFF_6">
			<Text>어리석군.</Text>
		</Row>
		<Row Tag="TXT_KEY_LEADER_NAPOLEON_WINWAR_1">
			<Text>이번 교훈으로 네가 뭔가를 배웠길 바란다... 난 천하무적이다!</Text>
		</Row>
	</Language_KO_KR>
</GameData>