<?xml version="1.0" encoding="utf-8"?>
<GameData>
	<Language_KO_KR>
		<Row Tag="TXT_KEY_LEADER_ALEXANDER_AGREE_SHORT_1">
			<Text>아주 좋군.</Text>
		</Row>
		<Row Tag="TXT_KEY_LEADER_ALEXANDER_AGREE_SHORT_2">
			<Text>그러지.</Text>
		</Row>
		<Row Tag="TXT_KEY_LEADER_ALEXANDER_AGREE_SHORT_3">
			<Text>물론이지.</Text>
		</Row>
		<Row Tag="TXT_KEY_LEADER_ALEXANDER_AGREE_SHORT_4">
			<Text>동의하네.</Text>
		</Row>
		<Row Tag="TXT_KEY_LEADER_ALEXANDER_AGREE_SHORT_5">
			<Text>알았소.</Text>
		</Row>
		<Row Tag="TXT_KEY_LEADER_ALEXANDER_AGREE_SHORT_6">
			<Text>그게 좋겠군.</Text>
		</Row>
		<Row Tag="TXT_KEY_LEADER_ALEXANDER_AGREE_SHORT_7">
			<Text>좋소.</Text>
		</Row>
		<Row Tag="TXT_KEY_LEADER_ALEXANDER_ATTACKED_1">
			<Text>좋아. 전장에서 만날 수 있겠군!</Text>
		</Row>
		<Row Tag="TXT_KEY_LEADER_ALEXANDER_ATTACKED_2">
			<Text>네놈의 용기에는 감탄하지만, 난 네놈보다 더 가치 있는 적이 나타나길 원한다고.</Text>
		</Row>
		<Row Tag="TXT_KEY_LEADER_ALEXANDER_ATTACKED_3">
			<Text>진심인가? 난 평화에 지쳤어. 한번 놀아보자구.</Text>
		</Row>
		<Row Tag="TXT_KEY_LEADER_ALEXANDER_ATTACKED_4">
			<Text>멍청한 야만인. 내가 네놈을 무덤에 묻을 것이오!</Text>
		</Row>
		<Row Tag="TXT_KEY_LEADER_ALEXANDER_DECLAREWAR_1">
			<Text>그대의 그 편안함도 이제 마지막이군. 죽을 준비나 해라.</Text>
		</Row>
		<Row Tag="TXT_KEY_LEADER_ALEXANDER_DECLAREWAR_2">
			<Text>내 길 위에 있는 것은 모두 파괴 될 것이오.</Text>
		</Row>
		<Row Tag="TXT_KEY_LEADER_ALEXANDER_DECLAREWAR_3">
			<Text>신이 나에게 세계 정복의 사명을 내리셨소. 그러니 그대는 죽어야겠소.</Text>
		</Row>
		<Row Tag="TXT_KEY_LEADER_ALEXANDER_DEFEATED_1">
			<Text>내가 정복당하다니? 어떻게 이런 일이! 내가, 나는 신들의 후계자란 말이다!</Text>
		</Row>
		<Row Tag="TXT_KEY_LEADER_ALEXANDER_DEFEATED_2">
			<Text>그대는 우리나라를 정복했군. 신에게 명예를 선사 받은 것이오. 축하하네!</Text>
		</Row>
		<Row Tag="TXT_KEY_LEADER_ALEXANDER_DEFEATED_3">
			<Text>네가 나를 쳤어? 이게 있을 수 있는 일인가? 넌 도대체 무엇이란 말인가?</Text>
		</Row>
		<Row Tag="TXT_KEY_LEADER_ALEXANDER_DEFEATED_4">
			<Text>내가 졌군. 그대의 승리를 축하하지. 우리 백성만은 살려주겠소?</Text>
		</Row>
		<Row Tag="TXT_KEY_LEADER_ALEXANDER_DEMANDTRIBUTE_ANGRY">
			<Text>살고 싶으면, 더 내놔야 할 것이오.</Text>
		</Row>
		<Row Tag="TXT_KEY_LEADER_ALEXANDER_DEMANDTRIBUTE_HAPPY">
			<Text>형제여, 그리스는 그대의 도움이 필요하오. 우리를 실망 시키지 말았으면 하오!</Text>
		</Row>
		<Row Tag="TXT_KEY_LEADER_ALEXANDER_DEMANDTRIBUTE_NEUTRAL">
			<Text>우리가 원하는 것을 즉시 내놓는 게 좋을 것이오.</Text>
		</Row>
		<Row Tag="TXT_KEY_LEADER_ALEXANDER_DISAGREE_SHORT_1">
			<Text>거절하오.</Text>
		</Row>
		<Row Tag="TXT_KEY_LEADER_ALEXANDER_DISAGREE_SHORT_2">
			<Text>싫군.</Text>
		</Row>
		<Row Tag="TXT_KEY_LEADER_ALEXANDER_DISAGREE_SHORT_3">
			<Text>절대 안되오.</Text>
		</Row>
		<Row Tag="TXT_KEY_LEADER_ALEXANDER_DISAGREE_SHORT_4">
			<Text>거부하오.</Text>
		</Row>
		<Row Tag="TXT_KEY_LEADER_ALEXANDER_DISAGREE_SHORT_5">
			<Text>당연히 안되지.</Text>
		</Row>
		<Row Tag="TXT_KEY_LEADER_ALEXANDER_DISAGREE_SHORT_6">
			<Text>동의할 수 없소.</Text>
		</Row>
		<Row Tag="TXT_KEY_LEADER_ALEXANDER_DISAGREE_SHORT_7">
			<Text>진심인가!</Text>
		</Row>
		<Row Tag="TXT_KEY_LEADER_ALEXANDER_DISAGREE_SHORT_8">
			<Text>내가 잘못 들은 것 같군?</Text>
		</Row>
		<Row Tag="TXT_KEY_LEADER_ALEXANDER_FIRSTGREETING_1">
			<Text>헤라클레스와 제우스의 계승자, 나 알렉산드로스가 그대를 환영하오. 그대는 확고한 동맹이나 가치있는 적이 될 증명을 해야 할 것이오!</Text>
		</Row>
		<Row Tag="TXT_KEY_LEADER_ALEXANDER_FIRSTGREETING_2">
			<Text>잘 만났소! 나는 알렉산드로스, 신의 손자이자 왕의 아들이오! 그대는 내게 이 정도는 말할 수 있겠소?</Text>
		</Row>
		<Row Tag="TXT_KEY_LEADER_ALEXANDER_FIRSTGREETING_3">
			<Text>환영하오, 이방인이여! 나는 알렉산드로스, 이 땅의 지배자지. 나는 강한 아군이나 내 검에 맞설 적을 찾고 있소. 어떻소?</Text>
		</Row>
		<Row Tag="TXT_KEY_LEADER_ALEXANDER_GOODBYE_1">
			<Text>잘가게나.</Text>
		</Row>
		<Row Tag="TXT_KEY_LEADER_ALEXANDER_GOODBYE_2">
			<Text>안녕히.</Text>
		</Row>
		<Row Tag="TXT_KEY_LEADER_ALEXANDER_GOODBYE_3">
			<Text>다시 만나길.</Text>
		</Row>
		<Row Tag="TXT_KEY_LEADER_ALEXANDER_GOODBYE_4">
			<Text>당장 떠나시오.</Text>
		</Row>
		<Row Tag="TXT_KEY_LEADER_ALEXANDER_GOODBYE_5">
			<Text>끝인 것 같군.</Text>
		</Row>
		<Row Tag="TXT_KEY_LEADER_ALEXANDER_GREETING_1">
			<Text>환영이오.</Text>
		</Row>
		<Row Tag="TXT_KEY_LEADER_ALEXANDER_GREETING_2">
			<Text>어서오시오!</Text>
		</Row>
		<Row Tag="TXT_KEY_LEADER_ALEXANDER_GREETING_3">
			<Text>안녕하시오.</Text>
		</Row>
		<Row Tag="TXT_KEY_LEADER_ALEXANDER_GREETING_4">
			<Text>오, 그대구려.</Text>
		</Row>
		<Row Tag="TXT_KEY_LEADER_ALEXANDER_GREETING_5">
			<Text>흠?</Text>
		</Row>
		<Row Tag="TXT_KEY_LEADER_ALEXANDER_GREETING_6">
			<Text>뭘 원하오?</Text>
		</Row>
		<Row Tag="TXT_KEY_LEADER_ALEXANDER_LETSHEARIT_1">
			<Text>듣고 있소.</Text>
		</Row>
		<Row Tag="TXT_KEY_LEADER_ALEXANDER_LETSHEARIT_2">
			<Text>말하시오.</Text>
		</Row>
		<Row Tag="TXT_KEY_LEADER_ALEXANDER_LETSHEARIT_3">
			<Text>계속하시오.</Text>
		</Row>
		<Row Tag="TXT_KEY_LEADER_ALEXANDER_LETSHEARIT_4">
			<Text>듣고 있소.</Text>
		</Row>
		<Row Tag="TXT_KEY_LEADER_ALEXANDER_LETSHEARIT_5">
			<Text>음?</Text>
		</Row>
		<Row Tag="TXT_KEY_LEADER_ALEXANDER_LETSHEARIT_6">
			<Text>뭐라고?</Text>
		</Row>
		<Row Tag="TXT_KEY_LEADER_ALEXANDER_LETSHEARIT_7">
			<Text>그리고?</Text>
		</Row>
		<Row Tag="TXT_KEY_LEADER_ALEXANDER_LETSHEARIT_8">
			<Text>어서 말하게.</Text>
		</Row>
		<Row Tag="TXT_KEY_LEADER_ALEXANDER_LOSEWAR_1">
			<Text>잠시 동안 승리를 맛보라구.</Text>
		</Row>
		<Row Tag="TXT_KEY_LEADER_ALEXANDER_LOSEWAR_2">
			<Text>승리를 축하하오. 그대는 우리 그리스인에게 용기를 가르쳐 주었소!</Text>
		</Row>
		<Row Tag="TXT_KEY_LEADER_ALEXANDER_QUOTE_1">
			<Text>세상이 무한할 때, 우리는 아직 한 개의 주인도 되지 못한 것이 슬프지 않은가?</Text>
		</Row>
		<Row Tag="TXT_KEY_LEADER_ALEXANDER_QUOTE_2">
			<Text>두 개의 태양이 떠오르지 않듯, 이 땅에도 두 명의 왕은 있을 수 없다.</Text>
		</Row>
		<Row Tag="TXT_KEY_LEADER_ALEXANDER_TRADE_NEEDMORE_ANGRY_1">
			<Text>내가 얼간이로 보이나? 난 아리스토텔레스에게 수학을 배웠소! 이런 나보다 똑똑한가?</Text>
		</Row>
		<Row Tag="TXT_KEY_LEADER_ALEXANDER_TRADE_NEEDMORE_ANGRY_2">
			<Text>좋지 않군.</Text>
		</Row>
		<Row Tag="TXT_KEY_LEADER_ALEXANDER_TRADE_NEEDMORE_ANGRY_3">
			<Text>조금 더 내놓아야 할 것이오.</Text>
		</Row>
		<Row Tag="TXT_KEY_LEADER_ALEXANDER_TRADE_NEEDMORE_ANGRY_4">
			<Text>흠...</Text>
		</Row>
		<Row Tag="TXT_KEY_LEADER_ALEXANDER_TRADE_NEEDMORE_HAPPY_1">
			<Text>형제여, 나는 젊지만, 바보는 아니라오. 더 나은 제안은 없소?</Text>
		</Row>
		<Row Tag="TXT_KEY_LEADER_ALEXANDER_TRADE_NEEDMORE_HAPPY_2">
			<Text>이게 전부인가?</Text>
		</Row>
		<Row Tag="TXT_KEY_LEADER_ALEXANDER_TRADE_NEEDMORE_HAPPY_3">
			<Text>아쉽군...</Text>
		</Row>
		<Row Tag="TXT_KEY_LEADER_ALEXANDER_TRADE_NEEDMORE_HAPPY_4">
			<Text>흠...</Text>
		</Row>
		<Row Tag="TXT_KEY_LEADER_ALEXANDER_TRADE_NEEDMORE_NEUTRAL_1">
			<Text>너의 제안은 모욕처럼 들리는군. 제안을 철회하거나 다시 하는 게 좋을 거요.</Text>
		</Row>
		<Row Tag="TXT_KEY_LEADER_ALEXANDER_TRADE_NEEDMORE_NEUTRAL_2">
			<Text>조금 더 나은 것은 없소?</Text>
		</Row>
		<Row Tag="TXT_KEY_LEADER_ALEXANDER_TRADE_NEEDMORE_NEUTRAL_3">
			<Text>만족할 수 없군.</Text>
		</Row>
		<Row Tag="TXT_KEY_LEADER_ALEXANDER_TRADE_NEEDMORE_NEUTRAL_4">
			<Text>흠...</Text>
		</Row>
		<Row Tag="TXT_KEY_LEADER_ALEXANDER_TRADE_NO_ANGRY">
			<Text>어처구니가 없군. 그건 나와 그리스에 대한 모욕이오!</Text>
		</Row>
		<Row Tag="TXT_KEY_LEADER_ALEXANDER_TRADE_NO_HAPPY">
			<Text>고맙지만, 됐소.</Text>
		</Row>
		<Row Tag="TXT_KEY_LEADER_ALEXANDER_TRADE_NO_NEUTRAL">
			<Text>그 말엔 흥미가 없군.</Text>
		</Row>
		<Row Tag="TXT_KEY_LEADER_ALEXANDER_TRADE_YES_ANGRY">
			<Text>알겠소.</Text>
		</Row>
		<Row Tag="TXT_KEY_LEADER_ALEXANDER_TRADE_YES_HAPPY">
			<Text>훌륭하군. 동의하겠소.</Text>
		</Row>
		<Row Tag="TXT_KEY_LEADER_ALEXANDER_TRADE_YES_NEUTRAL">
			<Text>아주 좋군.</Text>
		</Row>
		<Row Tag="TXT_KEY_LEADER_ALEXANDER_TRADEREQUEST_ANGRY">
			<Text>이것이 내 제안이지. 네놈의 목숨을 내놔라.</Text>
		</Row>
		<Row Tag="TXT_KEY_LEADER_ALEXANDER_TRADEREQUEST_HAPPY">
			<Text>형제여, 이것은 합리적이지 않소.</Text>
		</Row>
		<Row Tag="TXT_KEY_LEADER_ALEXANDER_TRADEREQUEST_NEUTRAL">
			<Text>나는 이것이 서로에게 맞지 않는다고 생각하오.</Text>
		</Row>
		<Row Tag="TXT_KEY_LEADER_ALEXANDER_TRIBUTE_NO_ANGRY">
			<Text>구더기 같은 놈! 네놈이 지금 신들의 후손에게 말하는 것을 잊었구나!</Text>
		</Row>
		<Row Tag="TXT_KEY_LEADER_ALEXANDER_TRIBUTE_NO_HAPPY">
			<Text>우리의 관계라도 거절해야 할 것은 있지.</Text>
		</Row>
		<Row Tag="TXT_KEY_LEADER_ALEXANDER_TRIBUTE_NO_NEUTRAL">
			<Text>하! 하! 하! 농담인가!</Text>
		</Row>
		<Row Tag="TXT_KEY_LEADER_ALEXANDER_TRIBUTE_YES_ANGRY">
			<Text>좋아. 선택의 여지가 없군. 하지만, 언젠가 그대는 대가를 치르게 될 것이오.</Text>
		</Row>
		<Row Tag="TXT_KEY_LEADER_ALEXANDER_TRIBUTE_YES_HAPPY">
			<Text>확실히 나는 관대함의 화신이군! 그대가 원하는 건 뭐든지 가져가시오!</Text>
		</Row>
		<Row Tag="TXT_KEY_LEADER_ALEXANDER_TRIBUTE_YES_NEUTRAL">
			<Text>그래 좋군. 즐길 수 있을 때 즐기라구.</Text>
		</Row>
		<Row Tag="TXT_KEY_LEADER_ALEXANDER_WARBLUFF_1">
			<Text>문제없소. 우리는 언제나 준비가 되어 있으니.</Text>
		</Row>
		<Row Tag="TXT_KEY_LEADER_ALEXANDER_WARBLUFF_2">
			<Text>유감이군.</Text>
		</Row>
		<Row Tag="TXT_KEY_LEADER_ALEXANDER_WARBLUFF_3">
			<Text>참으로 유감이군.</Text>
		</Row>
		<Row Tag="TXT_KEY_LEADER_ALEXANDER_WARBLUFF_4">
			<Text>정말인가? 너의 아둔한 용기에 감탄했소.</Text>
		</Row>
		<Row Tag="TXT_KEY_LEADER_ALEXANDER_WARBLUFF_5">
			<Text>멍청하군.</Text>
		</Row>
		<Row Tag="TXT_KEY_LEADER_ALEXANDER_WARBLUFF_6">
			<Text>얼간이! 후회하게 될 것이오!</Text>
		</Row>
		<Row Tag="TXT_KEY_LEADER_ALEXANDER_WINWAR_1">
			<Text>즐거웠소. 기회가 되면 한 번 더하자구!</Text>
		</Row>
		<Row Tag="TXT_KEY_LEADER_ALEXANDER_WINWAR_2">
			<Text>그댄 잘 싸웠소. 글쟁이들은 우리의 이야기를 써야 하겠지!</Text>
		</Row>
	</Language_KO_KR>
</GameData>