<?xml version="1.0" encoding="utf-8"?>
<GameData>
	<Language_KO_KR>
		<Row Tag="TXT_KEY_LEADER_DARIUS_AGREE_SHORT_1">
			<Text>아주 좋군.</Text>
		</Row>
		<Row Tag="TXT_KEY_LEADER_DARIUS_AGREE_SHORT_2">
			<Text>알았소.</Text>
		</Row>
		<Row Tag="TXT_KEY_LEADER_DARIUS_AGREE_SHORT_3">
			<Text>물론이오.</Text>
		</Row>
		<Row Tag="TXT_KEY_LEADER_DARIUS_AGREE_SHORT_4">
			<Text>동의하오.</Text>
		</Row>
		<Row Tag="TXT_KEY_LEADER_DARIUS_AGREE_SHORT_5">
			<Text>오, 알았소.</Text>
		</Row>
		<Row Tag="TXT_KEY_LEADER_DARIUS_AGREE_SHORT_6">
			<Text>알아들었소.</Text>
		</Row>
		<Row Tag="TXT_KEY_LEADER_DARIUS_AGREE_SHORT_7">
			<Text>좋아.</Text>
		</Row>
		<Row Tag="TXT_KEY_LEADER_DARIUS_ATTACKED_1">
			<Text>당신.. 당신이 기여코.. 쓸모없는 쥐똥같은 것!! 당신은 내 손으로 없앨 것이오!</Text>
		</Row>
		<Row Tag="TXT_KEY_LEADER_DARIUS_ATTACKED_2">
			<Text>은혜도 모르는 병아리가! 싸우는 법을 가르쳐 줘야겠군!</Text>
		</Row>
		<Row Tag="TXT_KEY_LEADER_DARIUS_ATTACKED_3">
			<Text>악마의 자식. 몇 년 전에 싹을 없애 버렸어야 했는데.</Text>
		</Row>
		<Row Tag="TXT_KEY_LEADER_DARIUS_DECLAREWAR_1">
			<Text>당신의 탐욕이 나를 재촉했소. 전쟁에 대비해라!</Text>
		</Row>
		<Row Tag="TXT_KEY_LEADER_DARIUS_DECLAREWAR_2">
			<Text>당신의 백성의 원성이 들리지 않는가? 전쟁이군!</Text>
		</Row>
		<Row Tag="TXT_KEY_LEADER_DARIUS_DECLAREWAR_3">
			<Text>당신의 존재 자체가 세계를 혼란의 도가니로 몰아 넣는다. 당신은 사라져야 해.</Text>
		</Row>
		<Row Tag="TXT_KEY_LEADER_DARIUS_DEFEATED_1">
			<Text>하아! 당신이 한 짓을 알기나 하는건가? 세계가 당신의 가증스러운 손에 들어가다니!</Text>
		</Row>
		<Row Tag="TXT_KEY_LEADER_DARIUS_DEFEATED_2">
			<Text>당신에게 저주를! 세계 역사상 가장 위대한 제국을 이렇게 만들다니!</Text>
		</Row>
		<Row Tag="TXT_KEY_LEADER_DARIUS_DEFEATED_3">
			<Text>내가 졌소. 하지만 어떻게 이런 일이 있을 수가 있지? 뭔가가 잘못되었어!</Text>
		</Row>
		<Row Tag="TXT_KEY_LEADER_DARIUS_DEMANDTRIBUTE_ANGRY">
			<Text>원래는 간단하게 나의 군대를 당신 나라에 보내 약탈을 하겠지만, 오늘은 내가 특별히 자비로운 것 같군. 당신이 이것을 나에게 바칠 수 있을까?</Text>
		</Row>
		<Row Tag="TXT_KEY_LEADER_DARIUS_DEMANDTRIBUTE_HAPPY">
			<Text>이것을 나에게 줄 수 있나, 친구여? 페르시아는 그대에게 많은 빚을 만들어 뒀으니!</Text>
		</Row>
		<Row Tag="TXT_KEY_LEADER_DARIUS_DEMANDTRIBUTE_NEUTRAL">
			<Text>선물을 나에게 바치지 않겠나? 친절한 양반! </Text>
		</Row>
		<Row Tag="TXT_KEY_LEADER_DARIUS_DISAGREE_SHORT_1">
			<Text>싫소.</Text>
		</Row>
		<Row Tag="TXT_KEY_LEADER_DARIUS_DISAGREE_SHORT_2">
			<Text>단연코 거부하오.</Text>
		</Row>
		<Row Tag="TXT_KEY_LEADER_DARIUS_DISAGREE_SHORT_3">
			<Text>거절하오.</Text>
		</Row>
		<Row Tag="TXT_KEY_LEADER_DARIUS_DISAGREE_SHORT_4">
			<Text>웃기는군.</Text>
		</Row>
		<Row Tag="TXT_KEY_LEADER_DARIUS_DISAGREE_SHORT_5">
			<Text>말이 안돼.</Text>
		</Row>
		<Row Tag="TXT_KEY_LEADER_DARIUS_DISAGREE_SHORT_6">
			<Text>진심인가?</Text>
		</Row>
		<Row Tag="TXT_KEY_LEADER_DARIUS_DISAGREE_SHORT_7">
			<Text>잘못 들은 것 같군.</Text>
		</Row>
		<Row Tag="TXT_KEY_LEADER_DARIUS_FIRSTGREETING_1">
			<Text>나는 다리우스, 대 페르시아의 통치자지. 진심으로 그대를 환영한다. 서로 간의 좋은 관계만이 있기를.</Text>
		</Row>
		<Row Tag="TXT_KEY_LEADER_DARIUS_FIRSTGREETING_2">
			<Text>나는 페르시아의 다리우스라고 하지. 진심으로 그대를 환영하고 우정의 손길을 아낌없이 주겠소. 아마 나만큼 현명하고 비범한 사람은 없을 것이오.</Text>
		</Row>
		<Row Tag="TXT_KEY_LEADER_DARIUS_FIRSTGREETING_3">
			<Text>환영하네, 이방인이여! 나는 다리우스, 대 페르시아 제국의 현명한 지도자지. 물론 그대도 잘 알고 있을 거라 본다오.</Text>
		</Row>
		<Row Tag="TXT_KEY_LEADER_DARIUS_GOODBYE_1">
			<Text>좋은 날 되시오.</Text>
		</Row>
		<Row Tag="TXT_KEY_LEADER_DARIUS_GOODBYE_2">
			<Text>잘가게.</Text>
		</Row>
		<Row Tag="TXT_KEY_LEADER_DARIUS_GOODBYE_3">
			<Text>안녕히.</Text>
		</Row>
		<Row Tag="TXT_KEY_LEADER_DARIUS_GOODBYE_4">
			<Text>다시 만나길.</Text>
		</Row>
		<Row Tag="TXT_KEY_LEADER_DARIUS_GOODBYE_5">
			<Text>당장 꺼지게.</Text>
		</Row>
		<Row Tag="TXT_KEY_LEADER_DARIUS_GOODBYE_6">
			<Text>끝인 것 같군.</Text>
		</Row>
		<Row Tag="TXT_KEY_LEADER_DARIUS_GOODBYE_7">
			<Text>이번엔 여기서 끝이군.</Text>
		</Row>
		<Row Tag="TXT_KEY_LEADER_DARIUS_GREETING_1">
			<Text>환영이오.</Text>
		</Row>
		<Row Tag="TXT_KEY_LEADER_DARIUS_GREETING_2">
			<Text>안녕한가.</Text>
		</Row>
		<Row Tag="TXT_KEY_LEADER_DARIUS_GREETING_3">
			<Text>반갑군.</Text>
		</Row>
		<Row Tag="TXT_KEY_LEADER_DARIUS_GREETING_4">
			<Text>왔군.</Text>
		</Row>
		<Row Tag="TXT_KEY_LEADER_DARIUS_GREETING_5">
			<Text>오, 왔는가.</Text>
		</Row>
		<Row Tag="TXT_KEY_LEADER_DARIUS_GREETING_6">
			<Text>음?</Text>
		</Row>
		<Row Tag="TXT_KEY_LEADER_DARIUS_GREETING_7">
			<Text>뭘 원하는가?</Text>
		</Row>
		<Row Tag="TXT_KEY_LEADER_DARIUS_LETSHEARIT_1">
			<Text>말하게.</Text>
		</Row>
		<Row Tag="TXT_KEY_LEADER_DARIUS_LETSHEARIT_2">
			<Text>진행하게.</Text>
		</Row>
		<Row Tag="TXT_KEY_LEADER_DARIUS_LETSHEARIT_3">
			<Text>흠?</Text>
		</Row>
		<Row Tag="TXT_KEY_LEADER_DARIUS_LETSHEARIT_4">
			<Text>뭘 말하고 싶은가?</Text>
		</Row>
		<Row Tag="TXT_KEY_LEADER_DARIUS_LETSHEARIT_5">
			<Text>그리고?</Text>
		</Row>
		<Row Tag="TXT_KEY_LEADER_DARIUS_LETSHEARIT_6">
			<Text>또?</Text>
		</Row>
		<Row Tag="TXT_KEY_LEADER_DARIUS_LOSEWAR_1">
			<Text>졌군.</Text>
		</Row>
		<Row Tag="TXT_KEY_LEADER_DARIUS_TRADE_NEEDMORE_ANGRY_1">
			<Text>기분 나쁘기보단, 나에게 모욕을 준 것 같군? 제안을 철회하시오.</Text>
		</Row>
		<Row Tag="TXT_KEY_LEADER_DARIUS_TRADE_NEEDMORE_ANGRY_2">
			<Text>충분하지 않군.</Text>
		</Row>
		<Row Tag="TXT_KEY_LEADER_DARIUS_TRADE_NEEDMORE_ANGRY_3">
			<Text>좀 더 내 놓을 수 있을텐데?</Text>
		</Row>
		<Row Tag="TXT_KEY_LEADER_DARIUS_TRADE_NEEDMORE_HAPPY_1">
			<Text>형제여, 이 제안은 이치에 맞지 않는 것 같군. 좀 더 나은 제안은 없는가?</Text>
		</Row>
		<Row Tag="TXT_KEY_LEADER_DARIUS_TRADE_NEEDMORE_HAPPY_2">
			<Text>더 나은 것은 없는가?</Text>
		</Row>
		<Row Tag="TXT_KEY_LEADER_DARIUS_TRADE_NEEDMORE_HAPPY_3">
			<Text>뭔가 조금 더 있었으면 좋겠군...</Text>
		</Row>
		<Row Tag="TXT_KEY_LEADER_DARIUS_TRADE_NEEDMORE_NEUTRAL_1">
			<Text>내외 무역이 무엇인지 아직 잘 모르는 것 같군. 나에게 그 제안은 턱없이 부족하단 걸 말해주지. 좀 더 개선해보게.</Text>
		</Row>
		<Row Tag="TXT_KEY_LEADER_DARIUS_TRADE_NEEDMORE_NEUTRAL_2">
			<Text>좀 더 나은 제안은 없는가?</Text>
		</Row>
		<Row Tag="TXT_KEY_LEADER_DARIUS_TRADE_NEEDMORE_NEUTRAL_3">
			<Text>별로 맘에 안드는군.</Text>
		</Row>
		<Row Tag="TXT_KEY_LEADER_DARIUS_TRADE_NEEDMORE_NEUTRAL_4">
			<Text>흠...</Text>
		</Row>
		<Row Tag="TXT_KEY_LEADER_DARIUS_TRADE_NO_ANGRY">
			<Text>아쉽지만 당신의 제안은 거절해야 할 수밖에 없겠군. 당신 문명이 비누 정도는 만들 수 있어야 말이 통할 것 같아서 말이지.</Text>
		</Row>
		<Row Tag="TXT_KEY_LEADER_DARIUS_TRADE_NO_HAPPY">
			<Text>유감이지만, 그대의 제안엔 동의할 수 없군. 훌륭한 지도자라면 아마 이해할 수 있겠지.</Text>
		</Row>
		<Row Tag="TXT_KEY_LEADER_DARIUS_TRADE_NO_NEUTRAL">
			<Text>그 제안은 받아들일 수 없소.</Text>
		</Row>
		<Row Tag="TXT_KEY_LEADER_DARIUS_TRADE_YES_ANGRY">
			<Text>이게 당신의 머리 속에서 나온 건가? 놀라운걸?</Text>
		</Row>
		<Row Tag="TXT_KEY_LEADER_DARIUS_TRADE_YES_HAPPY">
			<Text>내 마음을 읽고 있는 것 같군! 현명하네!</Text>
		</Row>
		<Row Tag="TXT_KEY_LEADER_DARIUS_TRADE_YES_NEUTRAL">
			<Text>좋은 생각이군! 나도 그렇게 생각했네!</Text>
		</Row>
		<Row Tag="TXT_KEY_LEADER_DARIUS_TRADEREQUEST_ANGRY">
			<Text>나는 나보다 미천한 것에 대해선 관대한 편이지. 기회를 한 번 더 주지.</Text>
		</Row>
		<Row Tag="TXT_KEY_LEADER_DARIUS_TRADEREQUEST_HAPPY">
			<Text>아무래도 내 지나친 관대함은 우리 나라에게 나쁜 영향을 미칠 것 같군. </Text>
		</Row>
		<Row Tag="TXT_KEY_LEADER_DARIUS_TRADEREQUEST_NEUTRAL">
			<Text>내 관대함은 온 세상이 다 알고 있지. 그대도 물론 알고 있는가?</Text>
		</Row>
		<Row Tag="TXT_KEY_LEADER_DARIUS_TRIBUTE_NO_ANGRY">
			<Text>당신 뭔가 지금 착각하고 있는 것 같군. 나는 위대한 페르시아의 왕 다리우스라고 하지. 쓸모없는 똥개야, 내 발이나 핥아라.</Text>
		</Row>
		<Row Tag="TXT_KEY_LEADER_DARIUS_TRIBUTE_NO_HAPPY">
			<Text>하아! 무슨 짓인가? 농담하는 건가?</Text>
		</Row>
		<Row Tag="TXT_KEY_LEADER_DARIUS_TRIBUTE_NO_NEUTRAL">
			<Text>취했는가?</Text>
		</Row>
		<Row Tag="TXT_KEY_LEADER_DARIUS_TRIBUTE_YES_ANGRY">
			<Text>뭐? 당신이 그걸로 뭐 하는지는 관심이 없군.</Text>
		</Row>
		<Row Tag="TXT_KEY_LEADER_DARIUS_TRIBUTE_YES_HAPPY">
			<Text>뭐든지 가져가시오! 궁전? 보물? 내 심장과 피? 다 가져가시오!</Text>
		</Row>
		<Row Tag="TXT_KEY_LEADER_DARIUS_TRIBUTE_YES_NEUTRAL">
			<Text>페르시아의 자선 활동은 전설이지!</Text>
		</Row>
		<Row Tag="TXT_KEY_LEADER_DARIUS_WARBLUFF_1">
			<Text>죽을 준비 해라.</Text>
		</Row>
		<Row Tag="TXT_KEY_LEADER_DARIUS_WARBLUFF_2">
			<Text>좋아. 다음번에 두고 보자고.</Text>
		</Row>
		<Row Tag="TXT_KEY_LEADER_DARIUS_WARBLUFF_3">
			<Text>실망스럽군.</Text>
		</Row>
		<Row Tag="TXT_KEY_LEADER_DARIUS_WARBLUFF_4">
			<Text>유감이군.</Text>
		</Row>
		<Row Tag="TXT_KEY_LEADER_DARIUS_WARBLUFF_5">
			<Text>정말인가? 다음에 볼 때는 어디 당신 머리가 붙어있나 보지.</Text>
		</Row>
		<Row Tag="TXT_KEY_LEADER_DARIUS_WARBLUFF_6">
			<Text>멍청하군.</Text>
		</Row>
		<Row Tag="TXT_KEY_LEADER_DARIUS_WINWAR_1">
			<Text>이게 바로 성공적인 군사 행동의 표본이지. 메모해두라고.</Text>
		</Row>
	</Language_KO_KR>
</GameData>