<?xml version="1.0" encoding="utf-8"?>
<GameData>
	<Language_KO_KR>
		<Row Tag="TXT_KEY_LEADER_CATHERINE_AGREE_SHORT_1">
			<Text>아주 좋군요.</Text>
		</Row>
		<Row Tag="TXT_KEY_LEADER_CATHERINE_AGREE_SHORT_2">
			<Text>알겠어요.</Text>
		</Row>
		<Row Tag="TXT_KEY_LEADER_CATHERINE_AGREE_SHORT_3">
			<Text>물론이죠.</Text>
		</Row>
		<Row Tag="TXT_KEY_LEADER_CATHERINE_AGREE_SHORT_4">
			<Text>동의해요.</Text>
		</Row>
		<Row Tag="TXT_KEY_LEADER_CATHERINE_AGREE_SHORT_5">
			<Text>오, 알겠어요.</Text>
		</Row>
		<Row Tag="TXT_KEY_LEADER_CATHERINE_AGREE_SHORT_6">
			<Text>찬성이에요.</Text>
		</Row>
		<Row Tag="TXT_KEY_LEADER_CATHERINE_AGREE_SHORT_7">
			<Text>좋아요.</Text>
		</Row>
		<Row Tag="TXT_KEY_LEADER_CATHERINE_ATTACKED_1">
			<Text>당신은 나를 얕보고 있군요. 후회하게 될겁니다.</Text>
		</Row>
		<Row Tag="TXT_KEY_LEADER_CATHERINE_ATTACKED_2">
			<Text>우리를 과소평가 하고 있군요, 신성 러시아는 결코 호락호락하지 않아요!</Text>
		</Row>
		<Row Tag="TXT_KEY_LEADER_CATHERINE_ATTACKED_3">
			<Text>어리석군요. 대가를 지불하시게 될 겁니다.</Text>
		</Row>
		<Row Tag="TXT_KEY_LEADER_CATHERINE_ATTACKED_4">
			<Text>우매하군요. 제 무덤을 파다니!</Text>
		</Row>
		<Row Tag="TXT_KEY_LEADER_CATHERINE_DECLAREWAR_1">
			<Text>내 눈 앞에서 사라지세요. 전쟁이랍니다!</Text>
		</Row>
		<Row Tag="TXT_KEY_LEADER_CATHERINE_DECLAREWAR_2">
			<Text>당신이 악의 축이란걸 이제야 깨달았나요? 대가를 지불해야 할 때입니다.</Text>
		</Row>
		<Row Tag="TXT_KEY_LEADER_CATHERINE_DECLAREWAR_3">
			<Text>당신의 형편없는 나라는 위대한 러시아에 의해 멸망할 것이랍니다!</Text>
		</Row>
		<Row Tag="TXT_KEY_LEADER_CATHERINE_DEFEATED_1">
			<Text>우리가 패배했군요. 축하합니다.</Text>
		</Row>
		<Row Tag="TXT_KEY_LEADER_CATHERINE_DEFEATED_2">
			<Text>당신은 나보다 더 교활하군요. 축하합니다.</Text>
		</Row>
		<Row Tag="TXT_KEY_LEADER_CATHERINE_DEFEATED_3">
			<Text>우리가 졌군요. 어쩔 수 없군요. 운이 나빴네요. 아. 그런 것 같군요.</Text>
		</Row>
		<Row Tag="TXT_KEY_LEADER_CATHERINE_DEMANDTRIBUTE_ANGRY">
			<Text>살고 싶다면, 우리가 원하는 걸 내놓으시죠.</Text>
		</Row>
		<Row Tag="TXT_KEY_LEADER_CATHERINE_DEMANDTRIBUTE_HAPPY">
			<Text>친구여, 이것들을 우리에게 주실 수 있으신지요?</Text>
		</Row>
		<Row Tag="TXT_KEY_LEADER_CATHERINE_DEMANDTRIBUTE_NEUTRAL">
			<Text>우리의 지속적인 평화관계를 위해 작은 선물을 주실 수는 없으신가요?</Text>
		</Row>
		<Row Tag="TXT_KEY_LEADER_CATHERINE_DISAGREE_SHORT_1">
			<Text>아뇨.</Text>
		</Row>
		<Row Tag="TXT_KEY_LEADER_CATHERINE_DISAGREE_SHORT_2">
			<Text>안되요.</Text>
		</Row>
		<Row Tag="TXT_KEY_LEADER_CATHERINE_DISAGREE_SHORT_3">
			<Text>거부합니다.</Text>
		</Row>
		<Row Tag="TXT_KEY_LEADER_CATHERINE_DISAGREE_SHORT_4">
			<Text>단연코 거부합니다.</Text>
		</Row>
		<Row Tag="TXT_KEY_LEADER_CATHERINE_DISAGREE_SHORT_5">
			<Text>있을 수 없어요.</Text>
		</Row>
		<Row Tag="TXT_KEY_LEADER_CATHERINE_DISAGREE_SHORT_6">
			<Text>진심인가요!</Text>
		</Row>
		<Row Tag="TXT_KEY_LEADER_CATHERINE_DISAGREE_SHORT_7">
			<Text>잘못 들은 것 같군요?</Text>
		</Row>
		<Row Tag="TXT_KEY_LEADER_CATHERINE_FIRSTGREETING_1">
			<Text>이 드넓은 세계에서 다른 통치자를 만나는 것은 참으로 기쁜 일이지요. 우리는 귀찮거나 성가신 관계가 되지 않을 것이에요. 동의 하시는지요?</Text>
		</Row>
		<Row Tag="TXT_KEY_LEADER_CATHERINE_FIRSTGREETING_2">
			<Text>환영해요! 저는 초라한 나라와 만나는 것을 항상 즐기고 있어요!</Text>
		</Row>
		<Row Tag="TXT_KEY_LEADER_CATHERINE_FIRSTGREETING_3">
			<Text>안녕하신지요, 이방인이여! 당신이 친구를 찾는다면, 지적이고 현명한 우리가 적임이에요!</Text>
		</Row>
		<Row Tag="TXT_KEY_LEADER_CATHERINE_GOODBYE_1">
			<Text>평안한 하루가 되시길.</Text>
		</Row>
		<Row Tag="TXT_KEY_LEADER_CATHERINE_GOODBYE_2">
			<Text>어서 꺼져버려요! 흐..흥 딱히 다시 오라는건 아니니까. 착각하지 마세요!</Text>
		</Row>
		<Row Tag="TXT_KEY_LEADER_CATHERINE_GOODBYE_3">
			<Text>안녕히 가세요.</Text>
		</Row>
		<Row Tag="TXT_KEY_LEADER_CATHERINE_GOODBYE_4">
			<Text>다시 만나길.</Text>
		</Row>
		<Row Tag="TXT_KEY_LEADER_CATHERINE_GOODBYE_5">
			<Text>안녕히!</Text>
		</Row>
		<Row Tag="TXT_KEY_LEADER_CATHERINE_GOODBYE_6">
			<Text>오, 지금 가는 건가요?</Text>
		</Row>
		<Row Tag="TXT_KEY_LEADER_CATHERINE_GOODBYE_7">
			<Text>끝인 것 같군요.</Text>
		</Row>
		<Row Tag="TXT_KEY_LEADER_CATHERINE_GOODBYE_8">
			<Text>이번 거래는 여기까지이군요.</Text>
		</Row>
		<Row Tag="TXT_KEY_LEADER_CATHERINE_GREETING_1">
			<Text>어서오세요.</Text>
		</Row>
		<Row Tag="TXT_KEY_LEADER_CATHERINE_GREETING_2">
			<Text>안녕하신지요.</Text>
		</Row>
		<Row Tag="TXT_KEY_LEADER_CATHERINE_GREETING_3">
			<Text>반가워요.</Text>
		</Row>
		<Row Tag="TXT_KEY_LEADER_CATHERINE_GREETING_4">
			<Text>좋은 하루 되시길.</Text>
		</Row>
		<Row Tag="TXT_KEY_LEADER_CATHERINE_GREETING_5">
			<Text>당신이군요.</Text>
		</Row>
		<Row Tag="TXT_KEY_LEADER_CATHERINE_GREETING_6">
			<Text>잘 지냈나요?</Text>
		</Row>
		<Row Tag="TXT_KEY_LEADER_CATHERINE_GREETING_7">
			<Text>무엇을 원하나요?</Text>
		</Row>
		<Row Tag="TXT_KEY_LEADER_CATHERINE_LETSHEARIT_1">
			<Text>말씀하세요.</Text>
		</Row>
		<Row Tag="TXT_KEY_LEADER_CATHERINE_LETSHEARIT_2">
			<Text>진행하세요.</Text>
		</Row>
		<Row Tag="TXT_KEY_LEADER_CATHERINE_LETSHEARIT_3">
			<Text>듣고 있어요.</Text>
		</Row>
		<Row Tag="TXT_KEY_LEADER_CATHERINE_LETSHEARIT_4">
			<Text>음?</Text>
		</Row>
		<Row Tag="TXT_KEY_LEADER_CATHERINE_LETSHEARIT_5">
			<Text>뭐라고 하셨는지요?</Text>
		</Row>
		<Row Tag="TXT_KEY_LEADER_CATHERINE_LETSHEARIT_6">
			<Text>그리고?</Text>
		</Row>
		<Row Tag="TXT_KEY_LEADER_CATHERINE_LETSHEARIT_7">
			<Text>어서 말씀하세요.</Text>
		</Row>
		<Row Tag="TXT_KEY_LEADER_CATHERINE_LOSEWAR_1">
			<Text>축하합니다. 저는 완전히 당신의 기량에 압도되었군요.</Text>
		</Row>
		<Row Tag="TXT_KEY_LEADER_CATHERINE_LOSEWAR_2">
			<Text>이제 우리는 평화를 즐길 수 있겠군요.</Text>
		</Row>
		<Row Tag="TXT_KEY_LEADER_CATHERINE_LOSEWAR_3">
			<Text>당신의 호의에 감사를 표합니다. 저는 절대로 배은망덕하지 않아요.</Text>
		</Row>
		<Row Tag="TXT_KEY_LEADER_CATHERINE_QUOTE_1">
			<Text>군주는 절대적이다. 왜냐하면, 그러한 광대한 영토에 비례하는 활력을 갖고 행동할 수 있는 사람, 그 한 명에게 집중하는 권위는 또 없기 때문이다.</Text>
		</Row>
		<Row Tag="TXT_KEY_LEADER_CATHERINE_QUOTE_2">
			<Text>나는 절대군주이며 그게 내 직업이다. 그리고 하느님께서는 나를 용서할 것이다. 그게 그분의 직업이니까.</Text>
		</Row>
		<Row Tag="TXT_KEY_LEADER_CATHERINE_QUOTE_3">
			<Text>나는 칭찬이나 답례는 큰소리로, 책망은 조용히 하는 것을 좋아한다.</Text>
		</Row>
		<Row Tag="TXT_KEY_LEADER_CATHERINE_TRADE_NEEDMORE_ANGRY_1">
			<Text>그 뻔뻔스러운 탐욕에는 신선한 충격을 받았지만, 거절합니다. 다른 조건을 내걸던지, 내 눈앞에서 어서 사라져버려요.</Text>
		</Row>
		<Row Tag="TXT_KEY_LEADER_CATHERINE_TRADE_NEEDMORE_ANGRY_2">
			<Text>그 정도로는 어림도 없지요.</Text>
		</Row>
		<Row Tag="TXT_KEY_LEADER_CATHERINE_TRADE_NEEDMORE_ANGRY_3">
			<Text>좀 더 나은걸 원하네요.</Text>
		</Row>
		<Row Tag="TXT_KEY_LEADER_CATHERINE_TRADE_NEEDMORE_HAPPY_1">
			<Text>좀 더 나은 제안을 주신다면, 대단히 감사드리겠습니다만.</Text>
		</Row>
		<Row Tag="TXT_KEY_LEADER_CATHERINE_TRADE_NEEDMORE_HAPPY_2">
			<Text>이것이 전부인가요?</Text>
		</Row>
		<Row Tag="TXT_KEY_LEADER_CATHERINE_TRADE_NEEDMORE_HAPPY_3">
			<Text>조금만 더 주신다면...</Text>
		</Row>
		<Row Tag="TXT_KEY_LEADER_CATHERINE_TRADE_NEEDMORE_NEUTRAL_1">
			<Text>우리를 가난하게 만들 심산인가요? 가서 좀 더 생각해보시지요.</Text>
		</Row>
		<Row Tag="TXT_KEY_LEADER_CATHERINE_TRADE_NEEDMORE_NEUTRAL_2">
			<Text>좀 더 나은 것은 없나요?</Text>
		</Row>
		<Row Tag="TXT_KEY_LEADER_CATHERINE_TRADE_NEEDMORE_NEUTRAL_3">
			<Text>충분하지 않아요.</Text>
		</Row>
		<Row Tag="TXT_KEY_LEADER_CATHERINE_TRADE_NEEDMORE_NEUTRAL_4">
			<Text>조금만 더...</Text>
		</Row>
		<Row Tag="TXT_KEY_LEADER_CATHERINE_TRADE_NO_ANGRY">
			<Text>내 남편이 죽은 걸 알고 날 놀리고 있군요? 러시아는 바보가 아닙니다. 거부합니다.</Text>
		</Row>
		<Row Tag="TXT_KEY_LEADER_CATHERINE_TRADE_NO_HAPPY">
			<Text>우리와의 친밀함을 이용하고 싶으시다면, 행동으로 보여주셔야죠.</Text>
		</Row>
		<Row Tag="TXT_KEY_LEADER_CATHERINE_TRADE_NO_NEUTRAL">
			<Text>간단히 말하자면, 이 제안에는 관심이 없다고 할 수 있겠네요.</Text>
		</Row>
		<Row Tag="TXT_KEY_LEADER_CATHERINE_TRADE_YES_ANGRY">
			<Text>음, 좋군. 짧지만 지루한 협상이었군.</Text>
		</Row>
		<Row Tag="TXT_KEY_LEADER_CATHERINE_TRADE_YES_HAPPY">
			<Text>좋아요. 동의해요!</Text>
		</Row>
		<Row Tag="TXT_KEY_LEADER_CATHERINE_TRADE_YES_NEUTRAL">
			<Text>러시아는 당신의 제안을 받아들입니다.</Text>
		</Row>
		<Row Tag="TXT_KEY_LEADER_CATHERINE_TRADEREQUEST_ANGRY">
			<Text>우리는 부탁을 받고 있습니다. 생각이 있다면 뭐가 잘못되었는지 알겠죠?</Text>
		</Row>
		<Row Tag="TXT_KEY_LEADER_CATHERINE_TRADEREQUEST_HAPPY">
			<Text>겨우 이 정도로 저를 만족하게 할 수 있을 거라 생각하나요?</Text>
		</Row>
		<Row Tag="TXT_KEY_LEADER_CATHERINE_TRADEREQUEST_NEUTRAL">
			<Text>이 거래에 관심이 있는건가요?</Text>
		</Row>
		<Row Tag="TXT_KEY_LEADER_CATHERINE_TRIBUTE_NO_ANGRY">
			<Text>약자를 괴롭히다니! 어떻게 이럴 수가! 너를 토막 내서 돼지 먹이로 주고 말 테다!</Text>
		</Row>
		<Row Tag="TXT_KEY_LEADER_CATHERINE_TRIBUTE_NO_HAPPY">
			<Text>머리가 나쁘군요. 내가 당신을 좋아하는 것을 다행으로 여기세요.</Text>
		</Row>
		<Row Tag="TXT_KEY_LEADER_CATHERINE_TRIBUTE_NO_NEUTRAL">
			<Text>당신이 우리에게 뭔가를 요구할 만한 처지인가요? 거절합니다!</Text>
		</Row>
		<Row Tag="TXT_KEY_LEADER_CATHERINE_TRIBUTE_YES_ANGRY">
			<Text>장담하건데, 언젠가 꼭 후회할 것이에요.</Text>
		</Row>
		<Row Tag="TXT_KEY_LEADER_CATHERINE_TRIBUTE_YES_HAPPY">
			<Text>당연하죠! 당신의 부탁이라면 거부할 수 없군요!</Text>
		</Row>
		<Row Tag="TXT_KEY_LEADER_CATHERINE_TRIBUTE_YES_NEUTRAL">
			<Text>지금은.. 선택의 여지가 없군요.</Text>
		</Row>
		<Row Tag="TXT_KEY_LEADER_CATHERINE_WARBLUFF_1">
			<Text>당신, 맘에 안들어요.</Text>
		</Row>
		<Row Tag="TXT_KEY_LEADER_CATHERINE_WARBLUFF_2">
			<Text>유감이군요.</Text>
		</Row>
		<Row Tag="TXT_KEY_LEADER_CATHERINE_WARBLUFF_3">
			<Text>그렇습니까? 죽거든 그 멍청한 머리를 탓하세요.</Text>
		</Row>
		<Row Tag="TXT_KEY_LEADER_CATHERINE_WARBLUFF_4">
			<Text>멍청하긴.</Text>
		</Row>
		<Row Tag="TXT_KEY_LEADER_CATHERINE_WARBLUFF_5">
			<Text>좋아요. 두고봅시다.</Text>
		</Row>
		<Row Tag="TXT_KEY_LEADER_CATHERINE_WINWAR_1">
			<Text>끝났어요. 당신의 잘못을 깨달았나요? 부디 그랬으면 좋겠군요.</Text>
		</Row>
	</Language_KO_KR>
</GameData>