<?xml version="1.0" encoding="utf-8"?>
<!-- edited with XMLSPY v2004 rel. 2 U (http://www.xmlspy.com) by Jon Shafer (Firaxis Games) -->
<GameData>
	<Language_KO_KR>
		<Row Tag="TXT_KEY_LEADER_WASHINGTON_AGREE_SHORT_1">
			<Text>아주 좋습니다.</Text>
		</Row>
		<Row Tag="TXT_KEY_LEADER_WASHINGTON_AGREE_SHORT_2">
			<Text>알았습니다.</Text>
		</Row>
		<Row Tag="TXT_KEY_LEADER_WASHINGTON_AGREE_SHORT_3">
			<Text>물론입니다.</Text>
		</Row>
		<Row Tag="TXT_KEY_LEADER_WASHINGTON_AGREE_SHORT_4">
			<Text>동의합니다.</Text>
		</Row>
		<Row Tag="TXT_KEY_LEADER_WASHINGTON_AGREE_SHORT_5">
			<Text>오, 알겠습니다.</Text>
		</Row>
		<Row Tag="TXT_KEY_LEADER_WASHINGTON_AGREE_SHORT_6">
			<Text>그렇게 할 수밖에 없겠습니다.</Text>
		</Row>
		<Row Tag="TXT_KEY_LEADER_WASHINGTON_AGREE_SHORT_7">
			<Text>훌륭합니다.</Text>
		</Row>
		<Row Tag="TXT_KEY_LEADER_WASHINGTON_ATTACKED_1">
			<Text>약소국에 대한 우리의 사랑과 배려를 악용하다니! 대가를 치르게 해 주겠습니다.</Text>
		</Row>
		<Row Tag="TXT_KEY_LEADER_WASHINGTON_ATTACKED_2">
			<Text>그댄 더러운 악당입니다. 후회하게 될 것입니다!</Text>
		</Row>
		<Row Tag="TXT_KEY_LEADER_WASHINGTON_ATTACKED_3">
			<Text>후회하게 될 것입니다. 잔인한 악당!</Text>
		</Row>
		<Row Tag="TXT_KEY_LEADER_WASHINGTON_DECLAREWAR_1">
			<Text>당신은 자유의 적임을 스스로 증명하였습니다. 전쟁을 준비하시오!</Text>
		</Row>
		<Row Tag="TXT_KEY_LEADER_WASHINGTON_DECLAREWAR_2">
			<Text>미국인은 결정하였습니다. 당신의 방자한 공격은 우리에게 선택할 여지를 주지 않았습니다. 전쟁을 준비하시오!</Text>
		</Row>
		<Row Tag="TXT_KEY_LEADER_WASHINGTON_DECLAREWAR_3">
			<Text>당신의 무책임한 행동이 당신의 국민을 파멸시켰습니다. 전쟁을 준비하시오!</Text>
		</Row>
		<Row Tag="TXT_KEY_LEADER_WASHINGTON_DEFEATED_1">
			<Text>모든 것을 잃었으나 명예만은 남아 있습니다. 당신이 승리로 자비로워질 것을 믿습니다.</Text>
		</Row>
		<Row Tag="TXT_KEY_LEADER_WASHINGTON_DEFEATED_2">
			<Text>당신의 날입니다. 당신이 이 승리로 자비로워질 것을 믿습니다.</Text>
		</Row>
		<Row Tag="TXT_KEY_LEADER_WASHINGTON_DEFEATED_3">
			<Text>당신은 지금 우리를 굴복시켰습니다. 하지만, 미국은 다시 돌아올 것입니다!</Text>
		</Row>
		<Row Tag="TXT_KEY_LEADER_WASHINGTON_DEFEATED_4">
			<Text>당신의 승리를 축하드립니다.</Text>
		</Row>
		<Row Tag="TXT_KEY_LEADER_WASHINGTON_DEMANDTRIBUTE_ANGRY">
			<Text>당신은 우리에게 원하는 것을 줘야 할 것입니다.</Text>
		</Row>
		<Row Tag="TXT_KEY_LEADER_WASHINGTON_DEMANDTRIBUTE_HAPPY">
			<Text>당신은 친구이자 동맹인 우리한테 나누어 줄 수 있습니까?</Text>
		</Row>
		<Row Tag="TXT_KEY_LEADER_WASHINGTON_DEMANDTRIBUTE_NEUTRAL">
			<Text>당신이 이 요구에 승락하기를 바랍니다.</Text>
		</Row>
		<Row Tag="TXT_KEY_LEADER_WASHINGTON_DISAGREE_SHORT_1">
			<Text>싫습니다.</Text>
		</Row>
		<Row Tag="TXT_KEY_LEADER_WASHINGTON_DISAGREE_SHORT_2">
			<Text>물론 안 됩니다.</Text>
		</Row>
		<Row Tag="TXT_KEY_LEADER_WASHINGTON_DISAGREE_SHORT_3">
			<Text>거절합니다.</Text>
		</Row>
		<Row Tag="TXT_KEY_LEADER_WASHINGTON_DISAGREE_SHORT_4">
			<Text>당연히 안 됩니다.</Text>
		</Row>
		<Row Tag="TXT_KEY_LEADER_WASHINGTON_DISAGREE_SHORT_5">
			<Text>받아들일 수 없습니다.</Text>
		</Row>
		<Row Tag="TXT_KEY_LEADER_WASHINGTON_DISAGREE_SHORT_6">
			<Text>당신은 전혀 진지하지가 않습니다!</Text>
		</Row>
		<Row Tag="TXT_KEY_LEADER_WASHINGTON_DISAGREE_SHORT_7">
			<Text>다시 말해줄 수 있습니까?</Text>
		</Row>
		<Row Tag="TXT_KEY_LEADER_WASHINGTON_FIRSTGREETING_1">
			<Text>미국의 국민은 언제든지 당신을 환영합니다. 그대가 자유의 친구임을 믿어도 되겠습니까?</Text>
		</Row>
		<Row Tag="TXT_KEY_LEADER_WASHINGTON_FIRSTGREETING_2">
			<Text>미국의 국민을 대표하여 당신을 환영합니다.</Text>
		</Row>
		<Row Tag="TXT_KEY_LEADER_WASHINGTON_FIRSTGREETING_3">
			<Text>만나서 영광입니다. 우리가 함께 평화와 번영을 누리기를 바라겠습니다.</Text>
		</Row>
		<Row Tag="TXT_KEY_LEADER_WASHINGTON_GOODBYE_1">
			<Text>좋은 날 되시길.</Text>
		</Row>
		<Row Tag="TXT_KEY_LEADER_WASHINGTON_GOODBYE_2">
			<Text>안녕히 가십시오.</Text>
		</Row>
		<Row Tag="TXT_KEY_LEADER_WASHINGTON_GOODBYE_3">
			<Text>잘 가십시오.</Text>
		</Row>
		<Row Tag="TXT_KEY_LEADER_WASHINGTON_GOODBYE_4">
			<Text>다시 만나기를 바랍니다.</Text>
		</Row>
		<Row Tag="TXT_KEY_LEADER_WASHINGTON_GOODBYE_5">
			<Text>당장 가시오.</Text>
		</Row>
		<Row Tag="TXT_KEY_LEADER_WASHINGTON_GOODBYE_6">
			<Text>이제 끝났습니다.</Text>
		</Row>
		<Row Tag="TXT_KEY_LEADER_WASHINGTON_GOODBYE_7">
			<Text>우리의 용무는 끝났습니다.</Text>
		</Row>
		<Row Tag="TXT_KEY_LEADER_WASHINGTON_GREETING_1">
			<Text>환영합니다.</Text>
		</Row>
		<Row Tag="TXT_KEY_LEADER_WASHINGTON_GREETING_2">
			<Text>반갑습니다.</Text>
		</Row>
		<Row Tag="TXT_KEY_LEADER_WASHINGTON_GREETING_3">
			<Text>안녕하시오.</Text>
		</Row>
		<Row Tag="TXT_KEY_LEADER_WASHINGTON_GREETING_4">
			<Text>좋은 날입니다.</Text>
		</Row>
		<Row Tag="TXT_KEY_LEADER_WASHINGTON_GREETING_5">
			<Text>오, 당신이군요.</Text>
		</Row>
		<Row Tag="TXT_KEY_LEADER_WASHINGTON_GREETING_6">
			<Text>네?</Text>
		</Row>
		<Row Tag="TXT_KEY_LEADER_WASHINGTON_GREETING_7">
			<Text>뭘 원합니까?</Text>
		</Row>
		<Row Tag="TXT_KEY_LEADER_WASHINGTON_LETSHEARIT_1">
			<Text>들어보겠습니다.</Text>
		</Row>
		<Row Tag="TXT_KEY_LEADER_WASHINGTON_LETSHEARIT_2">
			<Text>말해보십시오.</Text>
		</Row>
		<Row Tag="TXT_KEY_LEADER_WASHINGTON_LETSHEARIT_3">
			<Text>계속하십시오.</Text>
		</Row>
		<Row Tag="TXT_KEY_LEADER_WASHINGTON_LETSHEARIT_4">
			<Text>듣고 있습니다.</Text>
		</Row>
		<Row Tag="TXT_KEY_LEADER_WASHINGTON_LETSHEARIT_5">
			<Text>네?</Text>
		</Row>
		<Row Tag="TXT_KEY_LEADER_WASHINGTON_LETSHEARIT_6">
			<Text>말하고 있었습니까?</Text>
		</Row>
		<Row Tag="TXT_KEY_LEADER_WASHINGTON_LETSHEARIT_7">
			<Text>그리고요?</Text>
		</Row>
		<Row Tag="TXT_KEY_LEADER_WASHINGTON_LETSHEARIT_8">
			<Text>계속하시오.</Text>
		</Row>
		<Row Tag="TXT_KEY_LEADER_WASHINGTON_LOSEWAR_1">
			<Text>위대한 국가와의 평화협정을 환영하는 바입니다. 차후 두 국가 사이에 불미스러운 일이 발생하지 않기를 바라겠습니다.</Text>
		</Row>
		<Row Tag="TXT_KEY_LEADER_WASHINGTON_QUOTE_1">
			<Text>훈련은 군대의 혼입니다. 그것은 소수를 무시무시하게 만듭니다. 약한 것에게 성공을 주고, 모두에게 존경받습니다.</Text>
		</Row>
		<Row Tag="TXT_KEY_LEADER_WASHINGTON_QUOTE_2">
			<Text>통치는 이성도 웅변도 아닙니다. 통치는 무력입니다. 그리고 그것은 불과도 같습니다. 위험한 하인과 끔찍한 주인처럼 말입니다.</Text>
		</Row>
		<Row Tag="TXT_KEY_LEADER_WASHINGTON_QUOTE_3">
			<Text>만약 우리가 모욕을 피하고 싶다면, 우리는 이를 쫓아내야 합니다. 우리가 완전한 평화를 원한다면, 우리의 성장하는 번영의 가장 강력한 도구를 써야 합니다. 이 도구는, 잘 알려졌다시피, 언제나 전쟁에 대비하는 것입니다.</Text>
		</Row>
		<Row Tag="TXT_KEY_LEADER_WASHINGTON_TRADE_NEEDMORE_ANGRY_1">
			<Text>수락할 수 없습니다. 더 좋은 조건을 제시해야 합니다.</Text>
		</Row>
		<Row Tag="TXT_KEY_LEADER_WASHINGTON_TRADE_NEEDMORE_ANGRY_2">
			<Text>충분하지 않습니다.</Text>
		</Row>
		<Row Tag="TXT_KEY_LEADER_WASHINGTON_TRADE_NEEDMORE_ANGRY_3">
			<Text>지금보다 더 잘 해야 할 것입니다.</Text>
		</Row>
		<Row Tag="TXT_KEY_LEADER_WASHINGTON_TRADE_NEEDMORE_ANGRY_4">
			<Text>거의...</Text>
		</Row>
		<Row Tag="TXT_KEY_LEADER_WASHINGTON_TRADE_NEEDMORE_HAPPY_1">
			<Text>그 조건을 수락할 수 없어 유감입니다. 더 좋은 조건을 제시할 수 없습니까?</Text>
		</Row>
		<Row Tag="TXT_KEY_LEADER_WASHINGTON_TRADE_NEEDMORE_HAPPY_2">
			<Text>이게 당신이 최선을 다한 것입니까?</Text>
		</Row>
		<Row Tag="TXT_KEY_LEADER_WASHINGTON_TRADE_NEEDMORE_HAPPY_3">
			<Text>거의 되었습니다...</Text>
		</Row>
		<Row Tag="TXT_KEY_LEADER_WASHINGTON_TRADE_NEEDMORE_HAPPY_4">
			<Text>거의...</Text>
		</Row>
		<Row Tag="TXT_KEY_LEADER_WASHINGTON_TRADE_NEEDMORE_NEUTRAL_1">
			<Text>지금 있는 조건으로 미국의 최고의 관심을 끌지 못한다면, 이 거래를 생각하지 않겠습니다. 더 나은 조건을 제시하겠습니까?</Text>
		</Row>
		<Row Tag="TXT_KEY_LEADER_WASHINGTON_TRADE_NEEDMORE_NEUTRAL_2">
			<Text>조금 더 나은 조건을 제시할 수 없습니까?</Text>
		</Row>
		<Row Tag="TXT_KEY_LEADER_WASHINGTON_TRADE_NEEDMORE_NEUTRAL_3">
			<Text>아직 충분하지 않습니다.</Text>
		</Row>
		<Row Tag="TXT_KEY_LEADER_WASHINGTON_TRADE_NEEDMORE_NEUTRAL_4">
			<Text>거의...</Text>
		</Row>
		<Row Tag="TXT_KEY_LEADER_WASHINGTON_TRADE_NO_ANGRY">
			<Text>절대 안 됩니다. 우리는 바보가 아닙니다.</Text>
		</Row>
		<Row Tag="TXT_KEY_LEADER_WASHINGTON_TRADE_NO_HAPPY">
			<Text>최대한의 존경과 우정을 생각하면 유감이지만, 당신의 제안을 거절하겠습니다.</Text>
		</Row>
		<Row Tag="TXT_KEY_LEADER_WASHINGTON_TRADE_NO_NEUTRAL">
			<Text>당신의 제안을 거절하겠습니다. 우리의 관심을 끌지 못했습니다.</Text>
		</Row>
		<Row Tag="TXT_KEY_LEADER_WASHINGTON_TRADE_YES_ANGRY">
			<Text>동의합니다.</Text>
		</Row>
		<Row Tag="TXT_KEY_LEADER_WASHINGTON_TRADE_YES_HAPPY">
			<Text>동의하겠습니다. 감사합니다.</Text>
		</Row>
		<Row Tag="TXT_KEY_LEADER_WASHINGTON_TRADE_YES_NEUTRAL">
			<Text>미국은 당신의 제안을 승낙하였습니다.</Text>
		</Row>
		<Row Tag="TXT_KEY_LEADER_WASHINGTON_TRADEREQUEST_ANGRY">
			<Text>거래를 제안합니다. 당신의 대답은 무엇입니까?</Text>
		</Row>
		<Row Tag="TXT_KEY_LEADER_WASHINGTON_TRADEREQUEST_HAPPY">
			<Text>반갑습니다. 당신에게 거래를 제안해도 되겠습니까?</Text>
		</Row>
		<Row Tag="TXT_KEY_LEADER_WASHINGTON_TRADEREQUEST_NEUTRAL">
			<Text>이 거래가 당신에게 흥미를 끌만 합니까?</Text>
		</Row>
		<Row Tag="TXT_KEY_LEADER_WASHINGTON_TRIBUTE_NO_ANGRY">
			<Text>당신 미쳤습니까? 우리는 자유롭고 귀족적인 국민입니다! 우리는 깡패나 불한당에게 복종하지 않습니다!</Text>
		</Row>
		<Row Tag="TXT_KEY_LEADER_WASHINGTON_TRIBUTE_NO_HAPPY">
			<Text>나는 우리의 보물을 친구에게라도 건네줄 수 없습니다. 나는 폭군이 아닙니다. 나는 미국의 국민에게 말해야 할 의무가 있습니다.</Text>
		</Row>
		<Row Tag="TXT_KEY_LEADER_WASHINGTON_TRIBUTE_NO_NEUTRAL">
			<Text>당신의 요구는 우리나라에 모욕입니다. 그리고 우리는 그것을 건네줄 수 없습니다. 당신은 우리를 과소평가하고 있습니다.</Text>
		</Row>
		<Row Tag="TXT_KEY_LEADER_WASHINGTON_TRIBUTE_YES_ANGRY">
			<Text>당신의 요구에 수긍하는 수밖에 없어 보이는군요. 적어도 이 순간만큼은.</Text>
		</Row>
		<Row Tag="TXT_KEY_LEADER_WASHINGTON_TRIBUTE_YES_HAPPY">
			<Text>기쁩니다. 당신이 해야 할 일은 끝났습니다.</Text>
		</Row>
		<Row Tag="TXT_KEY_LEADER_WASHINGTON_TRIBUTE_YES_NEUTRAL">
			<Text>아주 좋습니다. 요구를 승낙하는 수밖에는 없어 보이는 것 같습니다. 하지만, 우리를 너무 압박하지 말라고 경고하겠습니다.</Text>
		</Row>
		<Row Tag="TXT_KEY_LEADER_WASHINGTON_WARBLUFF_1">
			<Text>당신은 위험한 게임을 하고 있습니다.</Text>
		</Row>
		<Row Tag="TXT_KEY_LEADER_WASHINGTON_WARBLUFF_2">
			<Text>아주 좋습니다. 앞으로 두고 봅시다!</Text>
		</Row>
		<Row Tag="TXT_KEY_LEADER_WASHINGTON_WARBLUFF_3">
			<Text>실망스럽군요.</Text>
		</Row>
		<Row Tag="TXT_KEY_LEADER_WASHINGTON_WARBLUFF_4">
			<Text>몹시 실망스럽군요.</Text>
		</Row>
		<Row Tag="TXT_KEY_LEADER_WASHINGTON_WARBLUFF_5">
			<Text>정말입니까? 당신의 짧은 생각을 후회할 시간조차 없을 것입니다.</Text>
		</Row>
		<Row Tag="TXT_KEY_LEADER_WASHINGTON_WARBLUFF_6">
			<Text>멍청해 보입니다.</Text>
		</Row>
		<Row Tag="TXT_KEY_LEADER_WASHINGTON_WINWAR_1">
			<Text>당신은 미국이 하찮지 않다는 것을 배웠다고 믿겠습니다!</Text>
		</Row>
	</Language_KO_KR>
</GameData>
