﻿<?xml version="1.0" encoding="utf-8"?>
<!-- edited with XMLSPY v2004 rel. 2 U (http://www.xmlspy.com) by Jon Shafer (Firaxis Games) -->
<!--Linked to the Civ5Diplomacy_Responses.xml file (assets\Gameplay\XML\Diplomacy). Entries that have the same key except for the number on the end may be picked randomly by the in-game diplo system (rules for this also defined in the Responses.xml file). *****NOTE**** If you want to add more response possibilities to this file you must keep the same TXT_KEY naming convention as what's here already, or else you'll have to change the Responses.xml file!!!-->
<GameData>
	<Language_KO_KR>
		<!--First Greeting from leaders that don't have their own file yet-->
		<!-- Misc stuff -->
		<Row Tag="TXT_KEY_DIPLOMACY_ANYTHING_ELSE">
			<Text>더 필요한 게 있는가?</Text>
		</Row>
		<Row Tag="TXT_KEY_DIPLOMACY_DISCUSS_WHAT">
			<Text>무엇을 논의하고 싶은가?</Text>
		</Row>
		<!-- Human repeats an action too much, gets the following responses -->
		<Row Tag="TXT_KEY_GENERIC_REPEAT_TOO_MUCH">
			<Text>...</Text>
		</Row>
		<Row Tag="TXT_KEY_GENERIC_REPEAT_TRADE_1">
			<Text>그 정도 밖에 할 수 없다니 실망이오.</Text>
		</Row>
		<Row Tag="TXT_KEY_GENERIC_REPEAT_TRADE_2">
			<Text>이런 말도 안 되는 제안은 서로에게 시간 낭비일 뿐이오.</Text>
		</Row>
		<Row Tag="TXT_KEY_GENERIC_REPEAT_TRADE_3">
			<Text>그 제안을 내가 받아들이지 않으리란 것은 잘 알고 계시겠지?</Text>
		</Row>
		<Row Tag="TXT_KEY_GENERIC_GREETING_REPEAT_1">
			<Text>또 보는군?</Text>
		</Row>
		<Row Tag="TXT_KEY_GENERIC_GREETING_REPEAT_2">
			<Text>나랑 이야기하는 것이 즐겁소?</Text>
		</Row>
		<Row Tag="TXT_KEY_GENERIC_GREETING_HOSTILE_REPEAT_1">
			<Text>허구한 날 이상한 말만 하지 말고 뭔가 실용적인 것을 제시해 보란 말이오. 그렇게 못 하겠다면 더 이상은 대화하고 싶지 않소.</Text>
		</Row>
		<Row Tag="TXT_KEY_GENERIC_GREETING_HOSTILE_REPEAT_2">
			<Text>이번엔 또 뭐요?</Text>
		</Row>
		<!-- Greetings -->
		<Row Tag="TXT_KEY_GENERIC_GREETING_POLITE_HELLO_1">
			<Text>친구여, 안녕하신가. 오늘 내 집에 무슨 일인가?</Text>
		</Row>
		<Row Tag="TXT_KEY_GENERIC_GREETING_POLITE_HELLO_2">
			<Text>자네와의 대화는 언제나 즐겁지. 무엇을 의논하면 되겠나?</Text>
		</Row>
		<Row Tag="TXT_KEY_GENERIC_GREETING_POLITE_HELLO_3">
			<Text>나의 친구여, 또 보는구려.</Text>
		</Row>
		<Row Tag="TXT_KEY_GENERIC_GREETING_POLITE_HELLO_4">
			<Text>자네를 다시 만나 반갑군. 여기엔 무슨 일인가? 새로운 소식이 있는가? 아니면 거래를 제안하러 온 건가?</Text>
		</Row>
		<Row Tag="TXT_KEY_LEADER_ALEXANDER_GREETING_POLITE_HELLO_1">
			<Text>오, 친구여, 다시 만나 반갑군! 내가 그대를 도와줄 만한 일이 있소?</Text>
		</Row>
		<Row Tag="TXT_KEY_LEADER_WASHINGTON_GREETING_POLITE_HELLO_1">
			<Text>나의 친구여, 미국에 다시 오신 걸 환영합니다.</Text>
		</Row>
		<Row Tag="TXT_KEY_LEADER_HARUN_GREETING_POLITE_HELLO_1">
			<Text>신께서 나의 벗인 그대에게 미소를 짓습니다. 무엇을 도와드릴까요?</Text>
		</Row>
		<Row Tag="TXT_KEY_LEADER_MONTEZUMA_GREETING_POLITE_HELLO_1">
			<Text>친구여, 환영한다! 흐흐흐, 이 만남을 기념하기 위해 10명의 포로를 제물로 바칠 것이다!</Text>
		</Row>
		<Row Tag="TXT_KEY_LEADER_WUZETIAN_GREETING_POLITE_HELLO_1">
			<Text>나의 친구여, 안녕하신가. 우리는 요즘 들어 불미스런 일이 일어나지 않도록 조심해야 하지. 그렇게 생각하지 않는가?</Text>
		</Row>
		<Row Tag="TXT_KEY_LEADER_RAMESSES_GREETING_POLITE_HELLO_1">
			<Text>위대한 지도자여, 환영하네. 그댄 이집트의 신과 교섭하는 것을 어떤 거라 보는가?</Text>
		</Row>
		<Row Tag="TXT_KEY_LEADER_ELIZABETH_GREETING_POLITE_HELLO_1">
			<Text>친구여, 영국에 다시 오신 걸 환영합니다. 여기까지 오느라 힘들지 않았나요?</Text>
		</Row>
		<Row Tag="TXT_KEY_LEADER_NAPOLEON_GREETING_POLITE_HELLO_1">
			<Text>오, 다시 만나 반갑군. 나의 친구여, 최근에 고민을 가진 적이 없는가?</Text>
		</Row>
		<Row Tag="TXT_KEY_LEADER_BISMARCK_GREETING_POLITE_HELLO_1">
			<Text>독일에 온 걸 환영하오. 그동안 잘 지냈소?</Text>
		</Row>
		<Row Tag="TXT_KEY_LEADER_GANDHI_GREETING_POLITE_HELLO_1">
			<Text>친애하는 친구여, 다시 만나 반갑습니다. 인도는 언제나 두 손을 벌려 당신을 환영한답니다.</Text>
		</Row>
		<Row Tag="TXT_KEY_LEADER_HIAWATHA_GREETING_POLITE_HELLO_1">
			<Text>영혼들이 당신의 도착을 예고했소. 친구여, 무엇이 당신을 여기로 이끌었소?</Text>
		</Row>
		<Row Tag="TXT_KEY_LEADER_ODA_GREETING_POLITE_HELLO_1">
			<Text>위대한 지도자여, 어서오십시오. 진심으로 당신이 건강하길 빌었습니다.</Text>
		</Row>
		<Row Tag="TXT_KEY_LEADER_SULEIMAN_GREETING_POLITE_HELLO_1">
			<Text>오, 다시 온 걸 환영하지. 오스만 제국은 언제나 그대를 대접하는 게 즐겁다네.</Text>
		</Row>
		<Row Tag="TXT_KEY_LEADER_DARIUS_GREETING_POLITE_HELLO_1">
			<Text>세상의 보물들은 우리 것이지, 우리 모두! 친구여, 이번에 무슨 일로 페르시아로 왔는가?</Text>
		</Row>
		<Row Tag="TXT_KEY_LEADER_AUGUSTUS_GREETING_POLITE_HELLO_1">
			<Text>오, 현명한 지도자여. 로마에 무슨 일로 왔는가?</Text>
		</Row>
		<Row Tag="TXT_KEY_LEADER_CATHERINE_GREETING_POLITE_HELLO_1">
			<Text>아주 좋아요. 나는 당신과 다시 만나기를 바라고 있었어요!</Text>
		</Row>
		<Row Tag="TXT_KEY_LEADER_RAMKHAMHAENG_GREETING_POLITE_HELLO_1">
			<Text>오, 안녕하십니까! 당신이 시암에 다시 오신 걸 어떻게 기념해야 하겠습니까?</Text>
		</Row>
		<Row Tag="TXT_KEY_LEADER_ASKIA_GREETING_POLITE_HELLO_1">
			<Text>나의 친구여, 신의 보살핌을 받는 땅인 송가이까지 무슨 일로 왔소?</Text>
		</Row>
		<Row Tag="TXT_KEY_GENERIC_GREETING_NEUTRAL_HELLO_1">
			<Text>안녕하신가.</Text>
		</Row>
		<Row Tag="TXT_KEY_GENERIC_GREETING_NEUTRAL_HELLO_3">
			<Text>무엇을 의논하고 싶은가?</Text>
		</Row>
		<Row Tag="TXT_KEY_GENERIC_GREETING_NEUTRAL_HELLO_4">
			<Text>오늘은 어떤 일로 온 것인가?</Text>
		</Row>
		<Row Tag="TXT_KEY_GENERIC_GREETING_NEUTRAL_HELLO_5">
			<Text>계속하게나.</Text>
		</Row>
		<Row Tag="TXT_KEY_GENERIC_GREETING_NEUTRAL_HELLO_6">
			<Text>자, 우리 시작해 보세나.</Text>
		</Row>
		<Row Tag="TXT_KEY_LEADER_ALEXANDER_GREETING_NEUTRAL_HELLO_1">
			<Text>환영이오! 내가 통치하는 인상적인 그리스 제국을 보고 가시오.</Text>
		</Row>
		<Row Tag="TXT_KEY_LEADER_WASHINGTON_GREETING_NEUTRAL_HELLO_1">
			<Text>미국에 오신 걸 환영합니다.</Text>
		</Row>
		<Row Tag="TXT_KEY_LEADER_HARUN_GREETING_NEUTRAL_HELLO_1">
			<Text>그대가 이곳에 오신 건 신의 뜻입니다.</Text>
		</Row>
		<Row Tag="TXT_KEY_LEADER_MONTEZUMA_GREETING_NEUTRAL_HELLO_1">
			<Text>당신이 원한다면, 가까이에서 나의 제단을 보게 해주지. 흐흐.</Text>
		</Row>
		<Row Tag="TXT_KEY_LEADER_WUZETIAN_GREETING_NEUTRAL_HELLO_1">
			<Text>어서 오게. 무엇이 그대를 부국강병한 중국으로 이끌었는가?</Text>
		</Row>
		<Row Tag="TXT_KEY_LEADER_RAMESSES_GREETING_NEUTRAL_HELLO_1">
			<Text>이집트의 신과 파라오의 이름으로 그대를 환영하겠노라.</Text>
		</Row>
		<Row Tag="TXT_KEY_LEADER_ELIZABETH_GREETING_NEUTRAL_HELLO_1">
			<Text>영국에 오신 걸 환영합니다.</Text>
		</Row>
		<Row Tag="TXT_KEY_LEADER_NAPOLEON_GREETING_NEUTRAL_HELLO_1">
			<Text>나의 프랑스 제국을 감탄하러 왔는가? 아니면, 나와 교섭하러 왔는가?</Text>
		</Row>
		<Row Tag="TXT_KEY_LEADER_BISMARCK_GREETING_NEUTRAL_HELLO_1">
			<Text>우리 독일은 언제나 그대와 같은 위대한 국가와 우호적인 관계를 원한다오.</Text>
		</Row>
		<Row Tag="TXT_KEY_LEADER_GANDHI_GREETING_NEUTRAL_HELLO_1">
			<Text>인도는 언제나 당신의 방문을 환영합니다.</Text>
		</Row>
		<Row Tag="TXT_KEY_LEADER_HIAWATHA_GREETING_NEUTRAL_HELLO_1">
			<Text>지도자여, 이 먼 황량한 곳에는 무슨 일이오?</Text>
		</Row>
		<Row Tag="TXT_KEY_LEADER_ODA_GREETING_NEUTRAL_HELLO_1">
			<Text>이 비루한 지도자가 자네를 환영합니다.</Text>
		</Row>
		<Row Tag="TXT_KEY_LEADER_SULEIMAN_GREETING_NEUTRAL_HELLO_1">
			<Text>고귀한 문명인 오스만에 온 걸 환영하오.</Text>
		</Row>
		<Row Tag="TXT_KEY_LEADER_DARIUS_GREETING_NEUTRAL_HELLO_1">
			<Text>무엇이 그대를 위대하고 고결한 나의 페르시아 제국으로 이끌었소?</Text>
		</Row>
		<Row Tag="TXT_KEY_LEADER_AUGUSTUS_GREETING_NEUTRAL_HELLO_1">
			<Text>계속하게. 주의해서 듣고 있소.</Text>
		</Row>
		<Row Tag="TXT_KEY_LEADER_CATHERINE_GREETING_NEUTRAL_HELLO_1">
			<Text>멋지군요. 저는 언제나 대단한 지도자와 만나는 것을 즐긴다구요!</Text>
		</Row>
		<Row Tag="TXT_KEY_LEADER_RAMKHAMHAENG_GREETING_NEUTRAL_HELLO_1">
			<Text>여기 시암에서 자네가 원하는 것을 찾길 바랍니다.</Text>
		</Row>
		<Row Tag="TXT_KEY_LEADER_ASKIA_GREETING_NEUTRAL_HELLO_1">
			<Text>위대한 지도자여, 틀림없이 신께서 자네를 송가이로 인도했을 것이오.</Text>
		</Row>
		<Row Tag="TXT_KEY_GENERIC_GREETING_HOSTILE_HELLO_1">
			<Text>무엇을 원하시오?</Text>
		</Row>
		<Row Tag="TXT_KEY_GENERIC_GREETING_HOSTILE_HELLO_2">
			<Text>왜 아직 여기 있소?</Text>
		</Row>
		<Row Tag="TXT_KEY_GENERIC_GREETING_HOSTILE_HELLO_3">
			<Text>대체 나에게 무슨 볼일이 있소?</Text>
		</Row>
		<Row Tag="TXT_KEY_GENERIC_GREETING_HOSTILE_HELLO_4">
			<Text>오 이런, 또 당신이오?</Text>
		</Row>
		<Row Tag="TXT_KEY_GENERIC_GREETING_HOSTILE_HELLO_5">
			<Text>계속하기나 하시오.</Text>
		</Row>
		<Row Tag="TXT_KEY_LEADER_ALEXANDER_GREETING_HOSTILE_HELLO_1">
			<Text>강대한 나의 그리스 제국에 어찌 감히 얼굴을 들이미는가? 꽤 용감하군.</Text>
		</Row>
		<Row Tag="TXT_KEY_LEADER_WASHINGTON_GREETING_HOSTILE_HELLO_1">
			<Text>글쎄? 당신은 미국에 볼일이 없을 텐데?</Text>
		</Row>
		<Row Tag="TXT_KEY_LEADER_HARUN_GREETING_HOSTILE_HELLO_1">
			<Text>신이 버린 자는 여기 있으면 안 되지요.</Text>
		</Row>
		<Row Tag="TXT_KEY_LEADER_MONTEZUMA_GREETING_HOSTILE_HELLO_1">
			<Text>당신은 제물을 바치러 온 것인가? 아니라고? 그렇다면 가던 길이나 빨리 가라.</Text>
		</Row>
		<Row Tag="TXT_KEY_LEADER_WUZETIAN_GREETING_HOSTILE_HELLO_1">
			<Text>이봐 친구, 강대한 중국에 목숨을 걸고 무례하게 해볼 테면 해보시오.</Text>
		</Row>
		<Row Tag="TXT_KEY_LEADER_RAMESSES_GREETING_HOSTILE_HELLO_1">
			<Text>이 순간까지도 당신을 살려둔 신성한 파라오에게 감사히 여기게.</Text>
		</Row>
		<Row Tag="TXT_KEY_LEADER_ELIZABETH_GREETING_HOSTILE_HELLO_1">
			<Text>당신에게 낭비할 시간이 없어요. 당신 일이나 신경쓰고 썩 물러나세요.</Text>
		</Row>
		<Row Tag="TXT_KEY_LEADER_NAPOLEON_GREETING_HOSTILE_HELLO_1">
			<Text>세상의 위대한 지도자 중 한 명인 나에게 당신이 무슨 볼일이오?</Text>
		</Row>
		<Row Tag="TXT_KEY_LEADER_BISMARCK_GREETING_HOSTILE_HELLO_1">
			<Text>여기 온 이유를 말하시오.</Text>
		</Row>
		<Row Tag="TXT_KEY_LEADER_GANDHI_GREETING_HOSTILE_HELLO_1">
			<Text>그대와는 대화가 하고 싶지 않군요. 그게 인도의 더 밝은 미래를 위한 것으로 생각하지요.</Text>
		</Row>
		<Row Tag="TXT_KEY_LEADER_HIAWATHA_GREETING_HOSTILE_HELLO_1">
			<Text>주위의 영혼들이 나에게 당신을 믿지 말라고 하는군. 당신한테 뭐라고 했소?</Text>
		</Row>
		<Row Tag="TXT_KEY_LEADER_ODA_GREETING_HOSTILE_HELLO_1">
			<Text>사무라이인 나는 당신한테 말할 기회를 주겠습니다. 이제 말해보십시오. 이 기회를 놓치지 말고 말입니다.</Text>
		</Row>
		<Row Tag="TXT_KEY_LEADER_SULEIMAN_GREETING_HOSTILE_HELLO_1">
			<Text>나는 오직 위대한 지도자와만 이야기하는 습관이 있지만, 딱 번의 기회를 주겠소. 빨리 말하시오.</Text>
		</Row>
		<Row Tag="TXT_KEY_LEADER_DARIUS_GREETING_HOSTILE_HELLO_1">
			<Text>당신 따위가 위대한 페르시아에 온 것이오? 무엇을 원하나?</Text>
		</Row>
		<Row Tag="TXT_KEY_LEADER_AUGUSTUS_GREETING_HOSTILE_HELLO_1">
			<Text>로마의 시간을 낭비하게 시키지 마시오. 해야 할 게 있소.</Text>
		</Row>
		<Row Tag="TXT_KEY_LEADER_CATHERINE_GREETING_HOSTILE_HELLO_1">
			<Text>내 호의를 얻고 싶어서 왔는가요? 그렇다면, 노력해야 할 거에요.</Text>
		</Row>
		<Row Tag="TXT_KEY_LEADER_RAMKHAMHAENG_GREETING_HOSTILE_HELLO_1">
			<Text>당신을 보는 건 언제나 기분 나쁘지만, 시암의 국민을 위해 희생하겠습니다.</Text>
		</Row>
		<Row Tag="TXT_KEY_LEADER_ASKIA_GREETING_HOSTILE_HELLO_1">
			<Text>당신이 원한다면 송가이 전사의 검이 얼마나 날카로운지 보여줄 수 있소... 싫다고? 그렇다면 무엇을 원하오?</Text>
		</Row>
		<Row Tag="TXT_KEY_GENERIC_GREETING_DESTRUCTION_LOOMS_1">
			<Text>우리 관계에 종말이 다가오고 있군. 무엇을 의논하고 싶소?</Text>
		</Row>
		<Row Tag="TXT_KEY_GENERIC_GREETING_DESTRUCTION_LOOMS_2">
			<Text>얼굴에 패배의 기색이 역력하군. 협상을 하러 왔소?</Text>
		</Row>
		<Row Tag="TXT_KEY_GENERIC_GREETING_AT_WAR_WANTS_PEACE_1">
			<Text>전쟁을 끝내야 하지 않겠소?</Text>
		</Row>
		<Row Tag="TXT_KEY_GENERIC_GREETING_AT_WAR_WANTS_PEACE_2">
			<Text>두 국가의 안녕을 위해, 휴전하는 것이 어떻소?</Text>
		</Row>
		<Row Tag="TXT_KEY_GENERIC_GREETING_AT_WAR_WANTS_PEACE_3">
			<Text>서로의 무기를 내려놓을 때가 온 것 같소.</Text>
		</Row>
		<Row Tag="TXT_KEY_GENERIC_GREETING_AT_WAR_HOSTILE_1">
			<Text>자비를 구하러 온 것이오?</Text>
		</Row>
		<Row Tag="TXT_KEY_GENERIC_GREETING_AT_WAR_HOSTILE_2">
			<Text>항복하러 온 것이오?</Text>
		</Row>
		<Row Tag="TXT_KEY_GENERIC_GREETING_AT_WAR_HOSTILE_3">
			<Text>뭐가 문제요? 전쟁이 지루해졌소?</Text>
		</Row>
		<Row Tag="TXT_KEY_GENERIC_GREETING_RESEARCH_AGREEMENT_1">
			<Text>안녕하신가. 공동연구는 어떻게 되어가고 있는가?</Text>
		</Row>
		<Row Tag="TXT_KEY_GENERIC_GREETING_BROKEN_MILITARY_PROMISE_1">
			<Text>명예도 모르는 당신이 나에겐 무슨 볼일이오?</Text>
		</Row>
		<Row Tag="TXT_KEY_GENERIC_GREETING_WORKING_WITH_1">
			<Text>함께 일하게 되는 건 항상 기쁘군요. 친구여, 내 집에는 무슨 일이오?</Text>
		</Row>
		<Row Tag="TXT_KEY_GENERIC_GREETING_WORKING_AGAINST_1">
			<Text>악당 {1_ThirdPlayerName:textkey}{@1: plural 1?은; 2?는;} 정말 골칫거리지. 그렇지 생각하지 않나?</Text>
		</Row>
		<Row Tag="TXT_KEY_GENERIC_GREETING_WORKING_AGAINST_2">
			<Text>안녕하신가. 난 {1_ThirdPlayerName:textkey}에게 종말을 선사해주기까지 얼마 걸리지도 않을 거로 생각하네.</Text>
		</Row>
		<Row Tag="TXT_KEY_GENERIC_GREETING_WORKING_AGAINST_3">
			<Text>{1_ThirdPlayerName:textkey}{1: plural 1?을; 2?를;} 다루는데 새로운 계획이라도 있는가?</Text>
		</Row>
		<Row Tag="TXT_KEY_GENERIC_GREETING_COOP_WAR_1">
			<Text>곧 {1_ThirdPlayerName:textkey}{@1: plural 1?과; 2?와;} 끝장을 볼 날이 올 것이네. 그런 느낌이 오는구려.</Text>
		</Row>
		<Row Tag="TXT_KEY_GENERIC_GREETING_COOP_WAR_2">
			<Text>자네가 나만큼이나 {1_ThirdPlayerName:textkey}의 멸망을 바랄 거라 믿고 있지.</Text>
		</Row>
		<Row Tag="TXT_KEY_GENERIC_GREETING_COOP_WAR_3">
			<Text>곧 {1_ThirdPlayerName:textkey}{@1: plural 1?과; 2?와;} 끝장을 볼 날이 틀림없이 올 것이오.</Text>
		</Row>
		<Row Tag="TXT_KEY_GENERIC_GREETING_HOSTILE_HUMAN_AT_WAR_1">
			<Text>보잘 것 없는 전쟁은 잘 되어가고 있소? 나는 잘되지 않길 바라오만... 무엇을 원하시오?</Text>
		</Row>
		<Row Tag="TXT_KEY_GENERIC_GREETING_HUMAN_AT_WAR_1">
			<Text>승전을 기원하오. 내가 도와줄 일이 있는가?</Text>
		</Row>
		<Row Tag="TXT_KEY_GENERIC_GREETING_HOSTILE_AGGRESSIVE_MILITARY_1">
			<Text>국경 근처에 그대의 병력이 자주 보이는군. 그것을 빌미로 나를 협박하러 오셨소? 아니면 단순히 귀찮게 하려는 것이오?</Text>
		</Row>
		<Row Tag="TXT_KEY_GENERIC_GREETING_AGGRESSIVE_MILITARY_1">
			<Text>당신의 군대 배치가 탐탁지 않구려. 평화를 바란다면 군사를 후퇴시키길 바라오. 무엇을 의논하려 오셨소?</Text>
		</Row>
		<Row Tag="TXT_KEY_GENERIC_GREETING_HOSTILE_AGGRESSIVE_EXPANSION_1">
			<Text>당신 국가의 도시와 국민이 마치 역병처럼 세상을 물들이고 있구려. 자제해주길 바라는 바이오.</Text>
		</Row>
		<Row Tag="TXT_KEY_GENERIC_GREETING_AGGRESSIVE_EXPANSION_1">
			<Text>마침 잘 오셨소. 나의 참모들이 그대 국가의 확장이 문제를 가져올 수 있다고 충고해주었소. 이제부터는 이런 일이 없도록 해 주시오. 무엇을 의논하러 오셨소?</Text>
		</Row>
		<Row Tag="TXT_KEY_GENERIC_GREETING_HOSTILE_AGGRESSIVE_PLOT_BUYING_1">
			<Text>당신이 주변의 땅을 사들이는 것을 보니 탐욕에 물든 도적이라는 말이 딱 맞는군. 그 탐욕이 장래에 그대의 발목을 잡을 것이란 것을 알고 있소?</Text>
		</Row>
		<Row Tag="TXT_KEY_GENERIC_GREETING_AGGRESSIVE_PLOT_BUYING_1">
			<Text>우리 영토 주변의 땅을 그대가 사들이는 것은 실로 우려스런 행위요. 양국의 화평을 위해 그대가 이 문제를 좀 더 신중하게 대처해 주길 바라는 바이오. 그것은 그렇고, 어떤 일로 날 찾아왔소?</Text>
		</Row>
		<Row Tag="TXT_KEY_GENERIC_GREETING_FRIENDLY_STRONG_MILITARY_1">
			<Text>자네의 위대한 군대에 대해 익히 들은 바 있지. 세상의 악당들은 그대의 힘을 두려워할 것이네.</Text>
		</Row>
		<Row Tag="TXT_KEY_GENERIC_GREETING_FRIENDLY_STRONG_ECONOMY_1">
			<Text>많은 이들이 그대 국가의 강력한 경제력에 대해서 말하고 있지. 혹시 그 비결을 이 친구에게도 좀 가르쳐 줄 수 있겠는가?</Text>
		</Row>
		<Row Tag="TXT_KEY_GENERIC_GREETING_HOSTILE_HUMAN_FEW_CITIES">
			<Text>아 볼품없는 국가의 지도자께 오셨군. 당신에 대해서 이야기하는 중이었소. 단언컨대, 좋은 내용일 것이란 기대는 하지 마시오.</Text>
		</Row>
		<Row Tag="TXT_KEY_GENERIC_GREETING_HOSTILE_HUMAN_SMALL_ARMY">
			<Text>당신과 나 사이에 하는 이야기지만, 당신의 군사력은 세상의 조롱을 받을 만하오. 하지만 그것 때문에 좌절하지 마시오. 조만간 누군가가 당신의 좌절을 구원해 드릴 테니.</Text>
		</Row>
		<Row Tag="TXT_KEY_GENERIC_GREETING_HOSTILE_HUMAN_IS_WARMONGER">
			<Text>아 피를 갈구하는 살인마께서 오셨군. 나에게 무슨 볼일이오?</Text>
		</Row>
		<Row Tag="TXT_KEY_GENERIC_GREETING_DENOUNCED_BY_AI_1">
			<Text>당신이요? 원하는 게 뭐요? 당신 같은 사람하고는 이제 거래하고 싶지 않군.</Text>
		</Row>
		<Row Tag="TXT_KEY_GENERIC_GREETING_DENOUNCED_BY_AI_2">
			<Text>지금 하는 짓에 대해 당신은 어떻게 생각하시오?</Text>
		</Row>
		<Row Tag="TXT_KEY_GENERIC_GREETING_DENOUNCED_AI_1">
			<Text>오, 그래. 지금 나랑 말을 하고 싶다는 건가?</Text>
		</Row>
		<Row Tag="TXT_KEY_GENERIC_GREETING_DENOUNCED_AI_2">
			<Text>전에 그렇게 말하고도 지금 다시 찾아온 거요? 당신을 쫒아버리기 전에 빨리 말하라.</Text>
		</Row>
		<Row Tag="TXT_KEY_GENERIC_GREETING_OUR_DOF_WITH_ENEMY_OF_AI_1">
			<Text>무슨 일이지? {1_PlayerName} 같은 자와 어울리는 자에게 허비할 시간은 없소.</Text>
		</Row>
		<Row Tag="TXT_KEY_GENERIC_GREETING_OUR_DOF_WITH_FRIEND_OF_AI_1">
			<Text>오, 안녕하신가. {1_PlayerName}의 친구와 이야기하는 건 언제나 즐겁지.</Text>
		</Row>
		<Row Tag="TXT_KEY_GENERIC_GREETING_DENOUNCED_FRIEND_OF_AI_1">
			<Text>오, 당신이군. 솔직하게 말하겠소. {1_PlayerName}{1: plural 1?을; 2?를;} 모욕하는 자와는 친하게 지낼 수 없소.</Text>
		</Row>
		<Row Tag="TXT_KEY_GENERIC_GREETING_DENOUNCED_ENEMY_OF_AI_1">
			<Text>오. 안녕하신가. 같이 {1_PlayerName}{1: plural 1?을; 2?를;} 혐오하는 다른 지도자와 이야기하는 건 언제나 즐겁지.</Text>
		</Row>
		<Row Tag="TXT_KEY_GENERIC_TOO_SOON_FOR_DOF_1">
			<Text>미안하지만, 공동선언을 하기에는 우리가 아직 서로에 대해 모르는 게 많소. 가까운 시일 내에 다시 이야기하도록 합시다.</Text>
		</Row>
		<Row Tag="TXT_KEY_GENERIC_TOO_SOON_FOR_DOF_2">
			<Text>우리 관계를 표명하는 건 아직 시기상조인 듯하군. 다음에 하도록 하지요.</Text>
		</Row>
		<Row Tag="TXT_KEY_DOF_AI_DENOUNCE_REQUEST_1">
			<Text>친구여, 심각하게 논의할 게 있소. {1_CivName}{@1: plural 1?과; 2?와;}의 관계가 악화되고 있다오. 자네가 나를 도와 그들을 비난해주길 바란다오. 어떻게 생각하는가?</Text>
		</Row>
		<Row Tag="TXT_KEY_DOF_AI_WAR_REQUEST_1">
			<Text>친구여, 지금 나는 아주 심각한 상황에 처해있소. 이제 {1_CivName}{@1: plural 1?과; 2?와;} 전쟁을 선포할 때가 온 것 같소. 그대의 도움이 필요하다네. 함께 싸우지 않겠는가? 어떻게 생각하는가? (전쟁을 즉시 선포합니다)</Text>
		</Row>
		<Row Tag="TXT_KEY_DOF_NOT_HONORED_1">
			<Text>애처롭구먼. 이제야 본색을 드러내는군. 세상은 당신의 불명예를 기억할 것이오.[NEWLINE][NEWLINE]([COLOR_WARNING_TEXT]이들은 우리를 공개적으로 비난했습니다! 참고: 전쟁선포가 아닙니다.[COLOR_XX])</Text>
		</Row>
		<Row Tag="TXT_KEY_DOF_NOT_HONORED_2">
			<Text>이것이 당신이 동맹한 목적이오? 전 세계의 다른 지도자가 당신의 배신에 대해 알게 될 것이오.[NEWLINE][NEWLINE]([COLOR_WARNING_TEXT]이들은 우리를 공개적으로 비난했습니다! 참고: 전쟁선포가 아닙니다.[COLOR_XX])</Text>
		</Row>
		<Row Tag="TXT_KEY_DENOUNCING_FRIEND_1">
			<Text>당신에 대해선 이제 충분히 알겠소. 전 세계의 다른 지도자에게 당신과 동맹하는 것은 실수라는 걸 일러줬소.[NEWLINE][NEWLINE]([COLOR_WARNING_TEXT]이들은 우리를 공개적으로 비난했습니다! 참고: 전쟁선포가 아닙니다.[COLOR_XX])</Text>
		</Row>
		<Row Tag="TXT_KEY_DENOUNCING_FRIEND_2">
			<Text>좋아, 이제 안 되겠군. 모두에게 당신의 악행을 알릴 시간이 너무 지나버린 것 같군.[NEWLINE][NEWLINE]([COLOR_WARNING_TEXT]이들은 우리를 공개적으로 비난했습니다! 참고: 전쟁선포가 아닙니다.[COLOR_XX])</Text>
		</Row>
		<Row Tag="TXT_KEY_RESPONSE_TO_BEING_DENOUNCED_1">
			<Text>고작 하고자 하는 게 이 방법이오? 아주 좋군. 이번 일은 잊지 않겠소.</Text>
		</Row>
		<Row Tag="TXT_KEY_RESPONSE_TO_BEING_DENOUNCED_2">
			<Text>당신은 어리석은 행보로 자신의 평판을 망치고 있군.</Text>
		</Row>
		<Row Tag="TXT_KEY_RESPONSE_TO_BEING_DENOUNCED_3">
			<Text>당신은 어리석은 실수를 했군. 이번 일은 잊지 않겠소.</Text>
		</Row>
		<Row Tag="TXT_KEY_RESPONSE_TO_BEING_DENOUNCED_4">
			<Text>내 시간을 당신한테 낭비한다는 기분이 들긴 했지만, 당신이 이런 식으로 나올 줄은 꿈에도 몰랐소.</Text>
		</Row>
		<Row Tag="TXT_KEY_HUMAN_DOFED_FRIEND_1">
			<Text>아아아, 자네가 {1_CivName}{@1: plural 1?과; 2?와;} 친구가 되었다는 소식을 들었지. 기쁜 일이군. 난 이미 그들과 좋은 관계를 유지하고 있다네.</Text>
		</Row>
		<Row Tag="TXT_KEY_HUMAN_DOFED_ENEMY_1">
			<Text>자네가 {1_CivName}{@1: plural 1?과; 2?와;} 가까이 지내지 말았으면 하는군. 계속 친하게 지낸다면... 우리 사이에 문제가 생길지도 모를걸세.</Text>
		</Row>
		<Row Tag="TXT_KEY_HUMAN_DENOUNCED_FRIEND_1">
			<Text>{1_CivName}{@1: plural 1?과; 2?와;} 난 과거에 함께 협력했었고, 난 그들을 최대한으로 존중한다오. 자네도 알고 있을 걸세.</Text>
		</Row>
		<Row Tag="TXT_KEY_HUMAN_DENOUNCED_ENEMY_1">
			<Text>{1_CivName}{1: plural 1?을; 2?를;} 혐오하는 다른 이가 이 세상에 있다는 게 참 기쁘군. 그들은 믿을만하지 못하다는 건 분명하지.</Text>
		</Row>
		<Row Tag="TXT_KEY_HUMAN_DOF_SO_AI_DOF_1">
			<Text>서로 좋은 관계에 있기 때문에, 자네가 {1_CivName}{@1: plural 1?과; 2?와;} 친구가 되었다는 것을 알아차리지 않을 수가 없었지. 나 역시도 같은 조치를 했네. 아마 이번 임시 동맹이 훗날 위대한 업적으로 나아갈 수도 있지 않겠는가?</Text>
		</Row>
		<Row Tag="TXT_KEY_HUMAN_DENOUNCE_SO_AI_DENOUNCE_1">
			<Text>전 세계의 문화적인 국가에게 {1_CivName}{@1: plural 1?은; 2?는;} 골칫거리에 불과하다는 그대의 확신에 공감하오. 우리가 한 공동 비난이 그들에게 아마 교훈을 줬을 것이네.</Text>
		</Row>
		<Row Tag="TXT_KEY_HUMAN_DOF_SO_AI_DENOUNCE_1">
			<Text>오 좋군, 기생충이 이제 새끼를 깔려는 모양이군. 당신과 {1_CivName}{1: plural 1?을; 2?를;} 손봐줘야 하겠지? 내가 한 수 가르쳐주지.</Text>
		</Row>
		<Row Tag="TXT_KEY_HUMAN_DENOUNCE_SO_AI_DOF_1">
			<Text>당신과 사이좋게 지내지 않는 이는 내가 친하게 지낼 가치가 있지. {1_CivName}에게 나의 호감을 보내야겠군.</Text>
		</Row>
		<!-- Generic Diplo Text -->
		<Row Tag="TXT_KEY_HOSTILE_AGGRESSIVE_MILITARY_WARNING_1">
			<Text>당신이 나의 영토 근처에 군대를 집결시키는 것이 보이더군. 전쟁을 원하면 당당히 선포하시오. 겁쟁이처럼 우물쭈물 대지 말고.</Text>
		</Row>
		<Row Tag="TXT_KEY_ALEXANDER_HOSTILE_AGGRESSIVE_MILITARY_WARNING_1">
			<Text>당신의 군대가 보이는군. 해볼 테면 해보시오. 나 같은 위대한 장군에게 싸움을 걸면 어떻게 되는지 본때를 보여주겠소.</Text>
		</Row>
		<Row Tag="TXT_KEY_WASHINGTON_HOSTILE_AGGRESSIVE_MILITARY_WARNING_1">
			<Text>우리 국경 근처의 당신의 군대 배치는 용납할 수 없습니다. 당장 철군하시오.</Text>
		</Row>
		<Row Tag="TXT_KEY_HARUN_HOSTILE_AGGRESSIVE_MILITARY_WARNING_1">
			<Text>당신은 신과 아라비아로부터 숨을 수 없습니다. 만약 싸움을 선택하겠다면, 스스로 영원한 파멸에 치닫게 될 것입니다.</Text>
		</Row>
		<Row Tag="TXT_KEY_MONTEZUMA_HOSTILE_AGGRESSIVE_MILITARY_WARNING_1">
			<Text>해볼 테면 해봐라. 어리석은 자 같으니. 네놈의 군대는 신을 위한 완벽한 산 제물이 될 것이다.</Text>
		</Row>
		<Row Tag="TXT_KEY_WUZETIAN_HOSTILE_AGGRESSIVE_MILITARY_WARNING_1">
			<Text>당신의 막대한 군대가 나의 국경을 지난다면, 모든 중국인의 분노를 사게 될 것이오.</Text>
		</Row>
		<Row Tag="TXT_KEY_RAMESSES_HOSTILE_AGGRESSIVE_MILITARY_WARNING_1">
			<Text>이집트의 신과 파라오가 당신을 부숴버릴 것이네. 틀림없이 당신의 군대는 어리석은 공격이 될 테지.</Text>
		</Row>
		<Row Tag="TXT_KEY_ELIZABETH_HOSTILE_AGGRESSIVE_MILITARY_WARNING_1">
			<Text>무력을 보이는 것으로는 영국을 위협할 수 없어요. 썩 사라지지 않으면 당신의 병사가 죽는 걸 지켜보겠어요.</Text>
		</Row>
		<Row Tag="TXT_KEY_NAPOLEON_HOSTILE_AGGRESSIVE_MILITARY_WARNING_1">
			<Text>하아! 내 국경에서 당신의 병력이 뭐하는 짓이오. 싸우길 원한다면, 이것만 알아두시오. 자네는 날 이길 수 없소.</Text>
		</Row>
		<Row Tag="TXT_KEY_BISMARCK_HOSTILE_AGGRESSIVE_MILITARY_WARNING_1">
			<Text>당신의 막대한 군대가 공격한다면, 독일의 모든 무력을 동원해 당신 국가에 보복할 거라는 걸 알아두시오.</Text>
		</Row>
		<Row Tag="TXT_KEY_GANDHI_HOSTILE_AGGRESSIVE_MILITARY_WARNING_1">
			<Text>인도는 그대의 군대가 두렵지 않습니다. 공격할 생각이라면, 그건 크나큰 실수가 될 것입니다.</Text>
		</Row>
		<Row Tag="TXT_KEY_HIAWATHA_HOSTILE_AGGRESSIVE_MILITARY_WARNING_1">
			<Text>거대한 악이 근처에 있다고 영혼들이 말하고 있소. 다른 이들을 죽임으로써, 당신 조상에 대한 기억을 욕되게 하지 마시오.</Text>
		</Row>
		<Row Tag="TXT_KEY_ODA_HOSTILE_AGGRESSIVE_MILITARY_WARNING_1">
			<Text>전쟁을 원한다면 그렇게 하십시오. 이렇게 더러운 술책을 마음과 정신으로만 쓰지 마십시오.</Text>
		</Row>
		<Row Tag="TXT_KEY_SULEIMAN_HOSTILE_AGGRESSIVE_MILITARY_WARNING_1">
			<Text>말해보시오. 위대한 오스만 제국을 공격하길 원하오? 당신의 군대 배치가 그렇게 암시하고 있소. 충고 하나 하지. 큰 실수하는 것이오.</Text>
		</Row>
		<Row Tag="TXT_KEY_DARIUS_HOSTILE_AGGRESSIVE_MILITARY_WARNING_1">
			<Text>당신의 군대가 근처에 보이는군. 당신처럼 멍청한 이는 영광스런 대 페르시아 제국에 감히 전쟁을 선포할 수 없지. 그렇지 않소?</Text>
		</Row>
		<Row Tag="TXT_KEY_AUGUSTUS_HOSTILE_AGGRESSIVE_MILITARY_WARNING_1">
			<Text>국경 근처의 당신의 군대가 최근 아주 흥분한 것처럼 보이는군. 싸우기를 고집하는 것처럼 어리석은 지도자는 없을 걸세. 그렇지 않은가?</Text>
		</Row>
		<Row Tag="TXT_KEY_CATHERINE_HOSTILE_AGGRESSIVE_MILITARY_WARNING_1">
			<Text>나, 나의... 러시아에서 당신의 군대가 무척이나 가까이 보이는군요. 지금 당장 철군하라고 말하고 싶군요.</Text>
		</Row>
		<Row Tag="TXT_KEY_RAMKHAMHAENG_HOSTILE_AGGRESSIVE_MILITARY_WARNING_1">
			<Text>시암 근처에 당신의 군대가 주둔해 있다는 사실을 용납할 수 없습니다. 즉시 철군하십시오.</Text>
		</Row>
		<Row Tag="TXT_KEY_ASKIA_HOSTILE_AGGRESSIVE_MILITARY_WARNING_1">
			<Text>나의 국경 근처의 당신의 군대가 싸우러 들어온다면, 기꺼이 박살 내 주겠소. 신의 가호가 우리와 함께하니 지지 않을 것이오.</Text>
		</Row>
		<Row Tag="TXT_KEY_AGGRESSIVE_MILITARY_WARNING_1">
			<Text>그대가 우리 국경에 다수 군사를 주둔시키는 것이 보였소. 국민이 불안해하니 다른 곳으로 이동시켜 주었으면 하오.</Text>
		</Row>
		<Row Tag="TXT_KEY_KILLED_PROTECTED_CITY_STATE_1">
			<Text>{@1_MinorCivName}{@1: plural 1?을; 2?를;} 점령한 것을 보니 그대의 약속은 하나도 믿을게 못되는군. 이 얼마나 비난을 살 일인가! 세상에 그대의 범죄가 널리 알려질 것이오.</Text>
		</Row>
		<Row Tag="TXT_KEY_ATTACKED_PROTECTED_CITY_STATE_1">
			<Text>{@1_MinorCivName}에 대한 고의적인 공격행위를 이제는 넘겨버리지 않을 것이오. 이를 중지하지 않는다면 심각한 결과를 가져오게 될 것이오.</Text>
		</Row>
		<Row Tag="TXT_KEY_EXPANSION_SERIOUS_WARNING_1">
			<Text>과도한 확장을 하는 것은 나에 대한 모욕으로 간주하겠소. 이에 합당한 조처를 할 것이오.</Text>
		</Row>
		<Row Tag="TXT_KEY_ALEXANDER_EXPANSION_SERIOUS_WARNING_1">
			<Text>이보게, 지금 나랑 싸우자는 건가? 나의 제국 근처에서 확장하는 걸 그만두시오.</Text>
		</Row>
		<Row Tag="TXT_KEY_WASHINGTON_EXPANSION_SERIOUS_WARNING_1">
			<Text>당신의 영토가 미국의 영토를 침범하고 있습니다. 당신한테 하는 마지막 경고입니다.</Text>
		</Row>
		<Row Tag="TXT_KEY_HARUN_EXPANSION_SERIOUS_WARNING_1">
			<Text>당신은 감히 신의 땅 근처에 정착하여 나에게 모욕감을 준 걸 압니까? 야만인이여, 자기 분수를 알길 바랍니다.</Text>
		</Row>
		<Row Tag="TXT_KEY_MONTEZUMA_EXPANSION_SERIOUS_WARNING_1">
			<Text>네놈의 개척자가 감히 나의 영역 근처에 확장한다면, 그들을 다음 산 제물로 만들어 버리겠다.</Text>
		</Row>
		<Row Tag="TXT_KEY_WUZETIAN_EXPANSION_SERIOUS_WARNING_1">
			<Text>중국이 번영하는 국가라는 걸 알지만, 당신이 불쑥 나타나는 건 환영하지 않지. 나의 국경 근처에서 하는 확장을 당장 그만두거라.</Text>
		</Row>
		<Row Tag="TXT_KEY_RAMESSES_EXPANSION_SERIOUS_WARNING_1">
			<Text>감히 신성한 나일 강의 땅 근처로 개척하려 하는가? 계속해보게. 내가 당신을 황천길로 보내주지.</Text>
		</Row>
		<Row Tag="TXT_KEY_ELIZABETH_EXPANSION_SERIOUS_WARNING_1">
			<Text>위대한 대영제국과 함께하고 싶다면, 그대를 환영하지요. 하지만, 합법적인 나의 영토를 탐내지 마세요. 이해했는가요?</Text>
		</Row>
		<Row Tag="TXT_KEY_NAPOLEON_EXPANSION_SERIOUS_WARNING_1">
			<Text>하아? 내가 안 보는 사이에 영토를 가로채려고 하는군. 해볼 테면 해보시오. 당신한테 값비싼 대가를 치르게 해주지.</Text>
		</Row>
		<Row Tag="TXT_KEY_BISMARCK_EXPANSION_SERIOUS_WARNING_1">
			<Text>우리는 긍지를 가진 위대한 국가라오. 독일의 합법적인 영토 근처를 개척하는 어리석음으로 독일을 모욕하지 마시오.</Text>
		</Row>
		<Row Tag="TXT_KEY_GANDHI_EXPANSION_SERIOUS_WARNING_1">
			<Text>그대의 영토 점유 때문에 인도 국민이 아우성이랍니다. 이런 무모한 행동으로 우리 관계를 갈라놓지 마십시오.</Text>
		</Row>
		<Row Tag="TXT_KEY_HIAWATHA_EXPANSION_SERIOUS_WARNING_1">
			<Text>황야는 오로지 당신만을 위해서 있는 게 아니오. 땅의 수호자로서, 당신한테 이로쿼이의 영토 근처에서 확장하는 걸 그만두길 요구하는 바요.</Text>
		</Row>
		<Row Tag="TXT_KEY_ODA_EXPANSION_SERIOUS_WARNING_1">
			<Text>철면피 깔고 닥치는 대로 영토를 집어삼킨다고 위대하고 강력한 지도자가 되는 게 아닙니다. 당신한테 행동 방식을 바꾸라고 말할 수밖에 없겠습니다.</Text>
		</Row>
		<Row Tag="TXT_KEY_SULEIMAN_EXPANSION_SERIOUS_WARNING_1">
			<Text>이보게! 무슨 생각으로 오스만 제국에 그렇게 가까이 확장을 하는가? 당장 멈추시오.</Text>
		</Row>
		<Row Tag="TXT_KEY_DARIUS_EXPANSION_SERIOUS_WARNING_1">
			<Text>페르시아는 모욕을 달가워하지 않지. 우리 국경 근처에 당신의 정착 행위가 그러하고 있어. 어찌할 텐가? 말해보시지.</Text>
		</Row>
		<Row Tag="TXT_KEY_AUGUSTUS_EXPANSION_SERIOUS_WARNING_1">
			<Text>날 화나게 할 셈이었다면, 성공한 것 같구먼. 그리고 로마 근처에 계속 확장을 한다면, 나의 분노를 보게 될 걸이오. 후회하게 하여 주겠소.</Text>
		</Row>
		<Row Tag="TXT_KEY_CATHERINE_EXPANSION_SERIOUS_WARNING_1">
			<Text>말할 게 있어요. 러시아는 자국의 영토를 아주 아껴요. 그러니 당신이 러시아 근처에 확장하는 건 직접적인 도발 행위랍니다. 이따위 행동은 그만두시죠.</Text>
		</Row>
		<Row Tag="TXT_KEY_RAMKHAMHAENG_EXPANSION_SERIOUS_WARNING_1">
			<Text>당신의 국가와 시암이 멋진 친구가 되기를 진심으로 바랬는데... 하지만, 당신이 우리 근처에 계속 확장한다면, 우리가 적이 될까 걱정이 됩니다.</Text>
		</Row>
		<Row Tag="TXT_KEY_ASKIA_EXPANSION_SERIOUS_WARNING_1">
			<Text>나를 우습게 보지 마시오. 강대한 송가이 제국 근처에 계속 도시 확장을 한다면, 도시를 정복해버리겠소. 이 검은 구경하라고 있는 게 아니오.</Text>
		</Row>
		<Row Tag="TXT_KEY_EXPANSION_WARNING_1">
			<Text>내 영토가 될 땅에 야금야금 세력을 넓혀가는 것을 이제는 두고 볼 수 없소. 다시 한 번 생각해 주기 바라오.</Text>
		</Row>
		<Row Tag="TXT_KEY_EXPANSION_WARNING_2">
			<Text>눈에 띄는 땅을 족족 영토로 삼는 행위를 내가 모를 줄 알았소? 즉시 중단하길 바라오.</Text>
		</Row>
		<Row Tag="TXT_KEY_EXPANSION_WARNING_3">
			<Text>내 영토가 될 땅에 계속 확장을 해 나간다면 앞으로 우리 사이에 친절을 기대하지 마시오.</Text>
		</Row>
		<Row Tag="TXT_KEY_EXPANSION_WARNING_4">
			<Text>우리 영토 주변에 정착하는 것을 그만두지 않으면 두 나라 사이에 긴장이 심해질 것이오.</Text>
		</Row>
		<Row Tag="TXT_KEY_EXPANSION_BROKEN_PROMISE_1">
			<Text>우리 영토 주변에 정착하지 않겠다는 약속은 거짓임이 분명하군. 합당한 대가를 치르게 해 주겠소.</Text>
		</Row>
		<Row Tag="TXT_KEY_PLOT_BUYING_SERIOUS_WARNING_1">
			<Text>우리 영토 주변의 땅을 계속 사들이는 것은 나에 대한 모욕이오. 그대와 좀 더 나은 이웃이 될 수 있겠다고 기대했는데...</Text>
		</Row>
		<Row Tag="TXT_KEY_PLOT_BUYING_WARNING_1">
			<Text>우리 영토 주변의 땅을 사들이는 것을 군사적 경고로 받아들이겠소. 상황이 악화하지 않도록 주의를 요구하는 바이오.</Text>
		</Row>
		<Row Tag="TXT_KEY_PLOT_BUYING_BROKEN_PROMISE_1">
			<Text>우리 영토 주변의 땅을 사들이지 않겠다는 약속은 거짓임이 분명하군. 이번 사태를 결코 가벼이 넘기지 않을 것이오.</Text>
		</Row>
		<Row Tag="TXT_KEY_PLOT_BUYING_BROKEN_PROMISE_2">
			<Text>우리 영토 주변의 땅을 사들이는데 계속 자금을 투자하고 있는 데 대해서 유감이오. 명예라는 것이 무엇인지 아는 지도자처럼 보였건만.</Text>
		</Row>
		<Row Tag="TXT_KEY_HOSTILE_WE_ATTACKED_YOUR_MINOR_1">
			<Text>그대의 충실한 애완견인 도시국가를 공격한 것에 대해 알려 드리러 왔소. 그 땅과 자원을 나의 영토로 하면 좋겠더군.</Text>
		</Row>
		<Row Tag="TXT_KEY_HOSTILE_WE_ATTACKED_YOUR_MINOR_2">
			<Text>이런, 실수로 그대의 보호국을 공격하게 되었소. 이런 사태에 뭘 해야 하는지 걱정되는 건가?</Text>
		</Row>
		<Row Tag="TXT_KEY_WE_ATTACKED_YOUR_MINOR_1">
			<Text>그대와 과거 친분이 있던 도시국가를 공격하게 되어 유감이오. 그대의 기분을 상하게 하려는 의도는 아니지만, 나에게 이번 전쟁은 꼭 필요하다는 것을 알아주었으면 하오.</Text>
		</Row>
		<Row Tag="TXT_KEY_WE_ATTACKED_YOUR_MINOR_2">
			<Text>그대와 친분이 있는 도시국가를 공격하게 되었소. 단언컨대 이번 공격은 절대 의도한 것이 아니며, 추후 이로 말미암아 두 나라의 관계가 악화하지 않기를 바라겠소.</Text>
		</Row>
		<Row Tag="TXT_KEY_WORK_WITH_US_1">
			<Text>이 풍진 세상에 좋은 친구를 만나기란 무척 어려운 법이지. 위대한 국가와 상호협력 협정을 맺기를 청하네. 어찌 생각하는가?</Text>
		</Row>
		<Row Tag="TXT_KEY_WORK_WITH_US_2">
			<Text>위대한 지도자여 상호협력 협정을 맺는 것이 어떤가? 지속할 수 있는 연대관계를 맺는 것이 나의 바람이네.</Text>
		</Row>
		<Row Tag="TXT_KEY_WORK_WITH_US_3">
			<Text>상호협력으로 빛나는 미래를 가꾸어 나가는 것이 어떻겠는가?</Text>
		</Row>
		<Row Tag="TXT_KEY_WORK_WITH_US_4">
			<Text>험난한 세상을 헤쳐나가는데 상호협력은 필수요. 그대는 어떻게 생각하는가?</Text>
		</Row>
		<Row Tag="TXT_KEY_DEC_FRIENDSHIP_1">
			<Text>풍진 세상에 값진 친구를 찾는다는 건 어려운 일이지. 난 우리의 유대 관계를 널리 알리는 친선관계를 공동선언하고 싶네. 어떻게 생각하는가?</Text>
		</Row>
		<Row Tag="TXT_KEY_DEC_FRIENDSHIP_2">
			<Text>위대한 지도자여, 우리의 우정을 세상에 널리 알리지 않겠는가? 나는 그대와 오래도록 변치 않는 유대 관계를 맺고 싶네.</Text>
		</Row>
		<Row Tag="TXT_KEY_DEC_FRIENDSHIP_3">
			<Text>세상을 향해 친선관계를 표명하면 우리는 희망찬 미래의 씨앗을 심을 수 있지. 어떻게 생각하는가?</Text>
		</Row>
		<Row Tag="TXT_KEY_DEC_FRIENDSHIP_4">
			<Text>세상은 잔혹한 법이지. 다른 이와의 협력을 통해 우린 극복해 나갈 수 있을 것이네. 우리 함께 세상을 향해 친선관계를 공동선언 하는 게 어떻겠는가?</Text>
		</Row>
		<Row Tag="TXT_KEY_DENOUNCE_1">
			<Text>이제 세상에 당신의 악행을 말할 때가 온 것 같소.[NEWLINE][NEWLINE]([COLOR_WARNING_TEXT]이들은 우리를 공개적으로 비난했습니다! 참고: 전쟁선포가 아닙니다.[COLOR_XX])</Text>
		</Row>
		<Row Tag="TXT_KEY_DENOUNCE_2">
			<Text>다른 지도자에게 당신에 대해 이야기했소. 그들도 당신을 신뢰해서는 안 된다는 걸 알아야 했소.[NEWLINE][NEWLINE]([COLOR_WARNING_TEXT]이들은 우리를 공개적으로 비난했습니다! 참고: 전쟁선포가 아닙니다.[COLOR_XX])</Text>
		</Row>
		<Row Tag="TXT_KEY_DENOUNCE_3">
			<Text>당신도 아는지 모르겠지만, 다른 지도자도 당신에 대한 잔혹한 진실을 알기 시작했소.[NEWLINE][NEWLINE]([COLOR_WARNING_TEXT]이들은 우리를 공개적으로 비난했습니다! 참고: 전쟁선포가 아닙니다.[COLOR_XX])</Text>
		</Row>
		<Row Tag="TXT_KEY_END_WORK_WITH_US_WARMONGER_1">
			<Text>이렇게 끝내고 싶진 않았지만, 그대와 같은 전쟁광과 함께 일할 수는 없소. 상호협력 협정은 끝이오.</Text>
		</Row>
		<Row Tag="TXT_KEY_END_WORK_WITH_US_MINORS_1">
			<Text>나의 영향력 안에 있는 도시국가와 관계를 트는 것을 이제 지켜볼 수 없소. 상호협력 협정은 끝이오.</Text>
		</Row>
		<Row Tag="TXT_KEY_END_WORK_WITH_US_LAND_1">
			<Text>가까운 국경으로 말미암은 긴장감으로 우리 관계가 악화되고 있소. 상호협력 협정은 끝이오.</Text>
		</Row>
		<Row Tag="TXT_KEY_END_WORK_WITH_US_WONDERS_1">
			<Text>세상의 모든 불가사의를 독차지하려는 그대의 탐욕을 이제는 두고 볼 수 없구려. 상호협력 협정은 끝이오.</Text>
		</Row>
		<Row Tag="TXT_KEY_END_WORK_WITH_US_VICTORY_1">
			<Text>우리가 서로 다른 방향으로 나아가고 있다는 것이 명백해 보이는군. 상호협력 협정은 끝이오.</Text>
		</Row>
		<Row Tag="TXT_KEY_END_WORK_WITH_US_DEFAULT_1">
			<Text>상황이 바뀌어 이제는 상호협력 협정은 필요 없어졌소. 이해해 주리라고 믿소.</Text>
		</Row>
		<Row Tag="TXT_KEY_END_WORK_WITH_US_DEFAULT_2">
			<Text>미안하지만 상호협력 협정을 파기할 때가 온 것 같소.</Text>
		</Row>
		<Row Tag="TXT_KEY_WORK_AGAINST_SOMEONE_1">
			<Text>우리와 {1_PlayerName:textkey}{@1: plural 1?과; 2?와;}의 관계가 악화일변도로 흐르고 있소. 이 악당을 고립시키기 위해 동료를 찾는 중이지. 서로 비밀유지 협정을 맺는 것이 어떻겠는가?[NEWLINE][NEWLINE](전쟁을 선포하는 것이 아닙니다)</Text>
		</Row>
		<Row Tag="TXT_KEY_WORK_AGAINST_SOMEONE_2">
			<Text>골칫덩이 {1_PlayerName:textkey}에 대항하기 위해 마음 맞는 동료를 찾고 있소. 서로 비밀유지 협정을 맺는 것이 어떻겠는가?[NEWLINE][NEWLINE](전쟁을 선포하는 것이 아닙니다)</Text>
		</Row>
		<Row Tag="TXT_KEY_END_WORK_AGAINST_SOMEONE_DEFAULT_1">
			<Text>{1_PlayerName:textkey}에 대항한 비밀유지 협정을 끝내야 할 때가 온 것 같소. 그동안 그대의 협력에 감사하오.</Text>
		</Row>
		<Row Tag="TXT_KEY_COOP_WAR_REQUEST_1">
			<Text>{1_PlayerName:textkey}{@1: plural 1?과; 2?와;}의 불화를 이제는 참을 수가 없어 전쟁을 선포하려 하오. 우리의 우방인 그대의 협력을 기대해도 되겠는가?</Text>
		</Row>
		<Row Tag="TXT_KEY_COOP_WAR_REQUEST_2">
			<Text>{1_PlayerName:textkey}에 대해서 진절머리가 날 지경이라오. 전쟁을 선포하기 위해 동맹을 찾고 있지. 우리와 함께 하겠는가?</Text>
		</Row>
		<Row Tag="TXT_KEY_COOP_WAR_REQUEST_3">
			<Text>세상의 평화를 해치는 악당 {1_PlayerName:textkey}{1: plural 1?을; 2?를;} 영원히 지워버릴 때가 왔군. 협력을 기대해도 되겠나?</Text>
		</Row>
		<Row Tag="TXT_KEY_COOP_WAR_TIME_1">
			<Text>{1_PlayerName:textkey}에 대해 전쟁을 선포할 때가 왔소.</Text>
		</Row>
		<Row Tag="TXT_KEY_NOW_UNFORGIVABLE_1">
			<Text>당신의 행위를 용서할 수 없소. 앞으로 이제는 양국 간의 화평을 기대하지 마시오.</Text>
		</Row>
		<Row Tag="TXT_KEY_NOW_ENEMY_1">
			<Text>현 상황부로 적인 그대에게 맞서 나의 모든 이권을 보호하기 위해 온 힘을 다할 것이오.</Text>
		</Row>
		<Row Tag="TXT_KEY_GENERIC_COMPLIMENT_1">
			<Text>나는 우리의 우정을 높게 사고 있으며 그대와 계속해서 우호관계를 이어나가길 바란다는 것을 알아주었으면 하네.</Text>
		</Row>
		<Row Tag="TXT_KEY_GENERIC_BOOT_KISSING_1">
			<Text>현명하고 위대한 지도자여. 우리나라와 같은 약소국에 자비를 베풀어 주시게나.</Text>
		</Row>
		<Row Tag="TXT_KEY_GENERIC_BOOT_KISSING_2">
			<Text>오 위대한 자여, 오랫동안 나와 같은 보잘 것 없는 이들에게 힘과 도덕을 가진 자로서 본보기가 되어 주시길!</Text>
		</Row>
		<Row Tag="TXT_KEY_GENERIC_WARMONGER_1">
			<Text>그대의 극도로 공격적인 행위를 주시하고 있소. 이런 식의 행위는 결국 그대의 몰락을 가져오게 된다는 것을 명심하시오.</Text>
		</Row>
		<Row Tag="TXT_KEY_GENERIC_WARMONGER_2">
			<Text>마치 야만인 폭력배를 보는 것 같군. 경고하는데, 그대의 행위를 주시하고 있소.</Text>
		</Row>
		<Row Tag="TXT_KEY_GENERIC_WARMONGER_3">
			<Text>전쟁에 미친 그대의 태도가 요즘 큰 화젯거리인 것을 알고 있소? 뒤통수 조심하는 게 좋을 거요.</Text>
		</Row>
		<Row Tag="TXT_KEY_GENERIC_WARMONGER_4">
			<Text>요즘 그대의 행위가 내 주의를 끌고 있소. 이는 좋은 일이 아니란 것을 말씀드리오.</Text>
		</Row>
		<Row Tag="TXT_KEY_GENERIC_MINOR_CIV_COMPETITION_1">
			<Text>요즘 도시국가 {1_MinorCivName:textkey}{@1: plural 1?과; 2?와;} 가깝게 지낸다고 들었소. 그들은 나의 영향력 내에 있고, 경고하는데 이제는 친하게 지내지 마시오.</Text>
		</Row>
		<Row Tag="TXT_KEY_GENERIC_MINOR_CIV_COMPETITION_2">
			<Text>{1_MinorCivName:textkey}{@1: plural 1?과; 2?와;}의 친선관계에 대해서 들었소. 이는 분명히 나쁜 일은 아니지만 그들의 보호자는 나란 것을 명심하길 바라오. 서로의 앞길에 방해되는 행위는 자제하는 편이 좋지 않겠소?</Text>
		</Row>
		<!--Insults-->
		<Row Tag="TXT_KEY_GENERIC_INSULT_GENERIC_1">
			<Text>구제불능이로군. 실제로 보니 내 판단을 더욱 확신하게 될 뿐이오.</Text>
		</Row>
		<Row Tag="TXT_KEY_GENERIC_INSULT_GENERIC_2">
			<Text>오, 나의 보호 아래 있는 도시국가를 만나는 것은 언제나 즐거운 일이지.</Text>
		</Row>
		<Row Tag="TXT_KEY_GENERIC_INSULT_GENERIC_3">
			<Text>그대의 얼굴을 계속 보자니 정말 지긋지긋하군. 그냥 사라져 줄 수 없소?</Text>
		</Row>
		<Row Tag="TXT_KEY_GENERIC_INSULT_GENERIC_4">
			<Text>오, 이런 당신이군. 미안하오. 가끔 때려잡아야 할 야만인과 당신이 헷갈려서 말이지.</Text>
		</Row>
		<Row Tag="TXT_KEY_GENERIC_INSULT_MILITARY_1">
			<Text>그대의 군대가 허점투성이란 것을 알고 계시오? 뒤통수 조심하는 게 좋을 거요.</Text>
		</Row>
		<Row Tag="TXT_KEY_GENERIC_INSULT_MILITARY_2">
			<Text>그렇게 허약한 군대를 가지고 어떻게 야만인들의 침략을 막아내는지 신기할 따름이오.</Text>
		</Row>
		<Row Tag="TXT_KEY_GENERIC_INSULT_NUKE_1">
            <Text>우리의 대화는 핵무기 사용을 불러온다오!</Text>
        </Row>
		<Row Tag="TXT_KEY_GENERIC_INSULT_BULLY_1">
			<Text>약자를 괴롭히는 것을 즐기는 깡패국가가 있다는 것은 참으로 유감스러운 일이오. 동의하지 않소?</Text>
		</Row>
		<Row Tag="TXT_KEY_GENERIC_INSULT_UNHAPPINESS_1">
			<Text>그대 국가의 불행한 국민의 통곡소리가 나에게도 들리는 듯하오. 이를 해결하지 않으면 조만간 모두 우리나라로 건너올지도 모르지.</Text>
		</Row>
		<Row Tag="TXT_KEY_GENERIC_INSULT_UNHAPPINESS_2">
			<Text>그렇게나 불행한데 국민이 그대를 지도자 자리에서 끌어내리지 않는 것이 신기할 따름이오.</Text>
		</Row>
		<Row Tag="TXT_KEY_GENERIC_INSULT_CITIES_1">
			<Text>쥐구멍만 한 나라를 보는 것 같군. 영토를 확장하는 것을 잊어버린 것이오. 아니면 거기에 무슨 문제라도 있소?</Text>
		</Row>
		<Row Tag="TXT_KEY_GENERIC_INSULT_POPULATION_1">
			<Text>여행자로부터 그대의 볼품없는 경제력에 대해서 들었소. 나한테 애원하면 한 푼 기부해 줄 수도 있지. 그래도 실제로 와서 구걸하진 마시오. 그냥 해보는 소리니까.</Text>
		</Row>
		<Row Tag="TXT_KEY_GENERIC_INSULT_CULTURE_1">
			<Text>이 얼마나 비루한 문화를 가진 국가인가! 당신네 국민은 대체 무엇을 하는 거요? 단체로 모여서 돌이나 쪼고 있소?</Text>
		</Row>
		<Row Tag="TXT_KEY_GENERIC_INSULT_CULTURE_2">
			<Text>그대의 문화는 너무나 비참해서 야만인조차도 피해 간다는데, 사실이오?</Text>
		</Row>
		<!--Public Declarations-->
		<Row Tag="TXT_KEY_GENERIC_DECLARATION_PROTECT_CITY_STATE_1">
			<Text>{2_MajorCivName:textkey}{2: plural 1?은; 2?는;} 지금부터 {1_MinorCivName:textkey}{1: plural 1?을; 2?를;} 보호하겠다고 선언하였습니다. 이 도시국가를 공격하면 심각한 외교 관계의 악화를 가져올 것이며 전쟁이 발발할 수도 있습니다.</Text>
		</Row>
		<Row Tag="TXT_KEY_GENERIC_DECLARATION_ABANDON_CITY_STATE_1">
			<Text>{1_MinorCivName:textkey}{@1: plural 1?은; 2?는;} 이제 {2_MajorCivName:textkey}의 보호국이 아닙니다.</Text>
		</Row>
		<!--Human is asking the AI for something-->
		<Row Tag="TXT_KEY_GENERIC_REPEAT_NO_1">
			<Text>전에도 말했지만, 나의 대답은 여전히 "아니오" 이거지.</Text>
		</Row>
		<Row Tag="TXT_KEY_GENERIC_DONT_SETTLE_YES_1">
			<Text>어쩔 수 없군. 당분간 그대의 영토 근처에 확장하는 것을 자제하도록 하겠소. 앞으론 좀 더 이웃을 생각하는 지도자가 되었으면 좋겠군.</Text>
		</Row>
		<Row Tag="TXT_KEY_GENERIC_DONT_SETTLE_YES_2">
			<Text>알겠소. 그대의 영토 근처에 확장하지 않도록 하지. 확실히 그대는 같이 협력해 나갈 지도자는 아닌 것 같소.</Text>
		</Row>
		<Row Tag="TXT_KEY_GENERIC_DONT_SETTLE_NO_1">
			<Text>불가하오. 이 땅에서의 주권은 내가 가지고 있으며 우리 국민은 원하는 곳에 정착할 자유가 있소. 이 모욕은 잊어버리지 않겠소.</Text>
		</Row>
		<Row Tag="TXT_KEY_GENERIC_DONT_SETTLE_NO_2">
			<Text>그런 식으로 나를 모욕하다니! 잊지 않을 것이오.</Text>
		</Row>
		<Row Tag="TXT_KEY_GENERIC_DONT_SETTLE_NO_3">
			<Text>어찌 감히! 나를 의지박약 한 지도자로 생각하지 마시오.</Text>
		</Row>
		<Row Tag="TXT_KEY_GENERIC_DONT_SETTLE_NO_4">
			<Text>불가하오. 그대는 외교에 적합한 인물이 아니군.</Text>
		</Row>
		<Row Tag="TXT_KEY_GENERIC_WORK_WITH_US_YES_1">
			<Text>그것으로 되었군. 굳건한 우정이 우리의 앞날을 밝게 비출 거라네.</Text>
		</Row>
		<Row Tag="TXT_KEY_GENERIC_WORK_WITH_US_YES_2">
			<Text>훌륭한 생각이군. 세상이 부러워할 동맹을 만들어 보세.</Text>
		</Row>
		<Row Tag="TXT_KEY_GENERIC_WORK_WITH_US_YES_3">
			<Text>받아들이게 되어서 기쁘군. 우리의 우정 속에 밝은 미래가 함께하기를!</Text>
		</Row>
		<Row Tag="TXT_KEY_GENERIC_DECLINE_1">
			<Text>거절해야만 하겠소.</Text>
		</Row>
		<Row Tag="TXT_KEY_GENERIC_DECLINE_2">
			<Text>미안하지만 안 되겠소. 기회가 된다면 다음에 의논해 보도록 하지요.</Text>
		</Row>
		<Row Tag="TXT_KEY_GENERIC_DECLINE_3">
			<Text>그 제안은 나의 이익이 되지 않는구려. 따라서 거절하겠소.</Text>
		</Row>
		<Row Tag="TXT_KEY_GENERIC_WORK_AGAINST_SOMEONE_YES_1">
			<Text>동의하겠소. 필요한 조처를 하도록 하세.</Text>
		</Row>
		<Row Tag="TXT_KEY_GENERIC_COOP_WAR_YES_1">
			<Text>현명한 선택이군. 전장에서 다시 만나세.</Text>
		</Row>
		<Row Tag="TXT_KEY_GENERIC_COOP_WAR_SOON_1">
			<Text>매력적인 제안이군. 수락하겠소. 하지만 아직 우린 준비가 안 되어 10 턴의 시간이 필요하오. 준비가 끝나는 대로 그대에게 가도록 하지.</Text>
		</Row>
		<Row Tag="TXT_KEY_GENERIC_HUMAN_DEMAND_YES_1">
			<Text>좋소. 우리나라의 평화를 지킬 수 있다면 만족하오.</Text>
		</Row>
		<Row Tag="TXT_KEY_GENERIC_HUMAN_DEMAND_YES_2">
			<Text>평화를 지킬 수 있는 조처를 할 것이오.</Text>
		</Row>
		<Row Tag="TXT_KEY_GENERIC_HUMAN_DEMAND_YES_3">
			<Text>알겠소. 하지만, 이 때문에 언젠가 그대에게 도움이 될 수 있는 명망을 잃어버렸다는 것을 명심하시오.</Text>
		</Row>
		<Row Tag="TXT_KEY_GENERIC_HUMAN_DEMAND_REFUSE_WEAK_1">
			<Text>거부하겠소. 자신이 그러한 요구를 할 자격이 있다고 생각하시오?</Text>
		</Row>
		<Row Tag="TXT_KEY_GENERIC_HUMAN_DEMAND_REFUSE_WEAK_2">
			<Text>그런 협박을 사용할 자격이 있는 강대국이 아니란 것을 잘 알고 계실 텐데?</Text>
		</Row>
		<Row Tag="TXT_KEY_GENERIC_HUMAN_DEMAND_REFUSE_WEAK_3">
			<Text>나를 협박하려 들지 마시오. 그대가 전혀 두렵지 않으니.</Text>
		</Row>
		<Row Tag="TXT_KEY_GENERIC_HUMAN_DEMAND_REFUSE_WEAK_4">
			<Text>하하! 웃기지도 않는군. 그런 요구를 할 만큼 그대가 강대국이라고 생각하는 것이오?</Text>
		</Row>
		<Row Tag="TXT_KEY_GENERIC_HUMAN_DEMAND_REFUSE_HOSTILE_1">
			<Text>감히 그런 식으로 나를 모욕하다니! 그렇게 원한다면 빼앗아 가 보시오. 단 온 힘을 다해야 할 것이오.</Text>
		</Row>
		<Row Tag="TXT_KEY_GENERIC_HUMAN_DEMAND_REFUSE_HOSTILE_2">
			<Text>하늘이 두 쪽이 나도 안되오.</Text>
		</Row>
		<Row Tag="TXT_KEY_GENERIC_HUMAN_DEMAND_REFUSE_HOSTILE_3">
			<Text>그걸 원한다면 빼앗아 가 보시오.</Text>
		</Row>
		<Row Tag="TXT_KEY_GENERIC_HUMAN_DEMAND_REFUSE_HOSTILE_4">
			<Text>받아들일 수 없소.</Text>
		</Row>
		<Row Tag="TXT_KEY_GENERIC_HUMAN_DEMAND_REFUSE_HOSTILE_5">
			<Text>헛소리하지 마시오.</Text>
		</Row>
		<Row Tag="TXT_KEY_GENERIC_HUMAN_DEMAND_REFUSE_TOO_MUCH_1">
			<Text>너무 많이 달라고 요구하는군. 우리나라의 자원을 쓸어가는 그대의 탐욕스런 요구 조건을 내가 수용하리라고 보시오?</Text>
		</Row>
		<Row Tag="TXT_KEY_GENERIC_HUMAN_DEMAND_REFUSE_TOO_MUCH_2">
			<Text>안되오. 나도 자존심이 있지 그렇게 많은 양을 넘겨줄 순 없소.</Text>
		</Row>
		<Row Tag="TXT_KEY_GENERIC_HUMAN_DEMAND_REFUSE_TOO_MUCH_3">
			<Text>내 땅에서 나는 모든 것을 빼앗아 가려는 그대의 요구에 진절머리가 나는군. 너무 많은 것을 바라지 마시오.</Text>
		</Row>
		<Row Tag="TXT_KEY_GENERIC_HUMAN_DEMAND_REFUSE_TOO_SOON_1">
			<Text>언제 빼앗아 갔다고 그새 다시 온 것이오? 우리나라는 탐욕스런 짐승 같은 그대의 요구를 거절하오.</Text>
		</Row>
		<Row Tag="TXT_KEY_GENERIC_HUMAN_DEMAND_REFUSE_TOO_SOON_2">
			<Text>그새 다시 요구하는 것이오? 위대한 지도자여... 탐욕은 악이라는 것을 명심하였으면 하오.</Text>
		</Row>
		<Row Tag="TXT_KEY_GENERIC_HUMAN_DEMAND_REFUSE_TOO_SOON_3">
			<Text>또다시 타인이 일구어낸 노동의 결실을 날로 먹으려고 하는 것을 보니 그대의 욕망은 끝이 없군. 우리는 굴복하지 않을 것이오.</Text>
		</Row>
		<!--Deal Offers and related-->
		<Row Tag="TXT_KEY_GENERIC_DOT_DOT_DOT">
			<Text>...</Text>
		</Row>
		<Row Tag="TXT_KEY_GENERIC_LETS_HEAR_IT_1">
			<Text>당신의 제안을 들어보겠소.</Text>
		</Row>
		<Row Tag="TXT_KEY_GENERIC_LETS_HEAR_IT_2">
			<Text>그대의 제안은 무엇인가?</Text>
		</Row>
		<Row Tag="TXT_KEY_GENERIC_PEACE_OFFER_1">
			<Text>전쟁을 끝낼 때가 왔소. 이 제안에 대해 어떻게 생각하시오?</Text>
		</Row>
		<Row Tag="TXT_KEY_GENERIC_PEACE_OFFER_2">
			<Text>이 전쟁을 계속하는 것은 서로에게 이득이 없소. 평화를 제안하는 바요.</Text>
		</Row>
		<Row Tag="TXT_KEY_GENERIC_PEACE_OFFER_3">
			<Text>전쟁이 서로의 본질까지 변하게 해서는 안 되오. 평화를 제안하는 바요.</Text>
		</Row>
		<Row Tag="TXT_KEY_GENERIC_DEMAND_1">
			<Text>그대는 내가 원하는 것을 가지고 있군. 순순히 내놓지 않는다면 힘으로 빼앗아 갈 수밖에 없소.</Text>
		</Row>
		<Row Tag="TXT_KEY_GENERIC_REQUEST_ITEM_1">
			<Text>불행하게도 현재 나의 사정은 매우 나쁘오. 친구에게 도움의 손길을 줄 수 없겠나? 은혜는 형편이 나아지면 꼭 갚도록 하겠소.</Text>
		</Row>
		<Row Tag="TXT_KEY_GENERIC_REQUEST_ITEM_2">
			<Text>이런 부탁을 하게 되어 정말 면목없지만, 그대의 도움이 필요하네. 친구여.</Text>
		</Row>
		<Row Tag="TXT_KEY_GENERIC_REQUEST_ITEM_3">
			<Text>그대의 강력한 힘은 다른 모든 나라의 모범이 되고 있소. 우리에게 관용을 베풀어주기를 바라오.</Text>
		</Row>
		<Row Tag="TXT_KEY_LEADER_ALEXANDER_RESPONSE_REQUEST_1">
			<Text>우리는 상당기간 좋은 친구였소이다. 그렇지 않소? 그런 내게 손을 빌려줄 수가 있소?</Text>
		</Row>
		<Row Tag="TXT_KEY_LEADER_WASHINGTON_RESPONSE_REQUEST_1">
			<Text>미국을 도와준다면, 이 은혜는 잊지 않겠습니다.</Text>
		</Row>
		<Row Tag="TXT_KEY_LEADER_HARUN_RESPONSE_REQUEST_1">
			<Text>친구여, 도움이 필요한 때입니다. 다른 이에게 아량 넓은 이는 신의 가호가 있을 겁니다.</Text>
		</Row>
		<Row Tag="TXT_KEY_LEADER_MONTEZUMA_RESPONSE_REQUEST_1">
			<Text>기부해준다면, 다음번에 당신의 명성에 걸맞게 10명의 제물을 위한 바치겠다!</Text>
		</Row>
		<Row Tag="TXT_KEY_LEADER_WUZETIAN_RESPONSE_REQUEST_1">
			<Text>이런 식으로 중국의 자부심을 희생양으로 삼는 것은 매우 고통스럽지만, 당신의 도움이 절실하오.</Text>
		</Row>
		<Row Tag="TXT_KEY_LEADER_RAMESSES_RESPONSE_REQUEST_1">
			<Text>신의 땅인 이집트를 위해 도움을 주겠나? 난 그대가 수 세대 동안 풍부한 수확물을 얻었다고 확신하고 있지.</Text>
		</Row>
		<Row Tag="TXT_KEY_LEADER_ELIZABETH_RESPONSE_REQUEST_1">
			<Text>우리를 도와주고 싶지 않은가요? 영국과의 유대관계에 투자한다고 생각하세요.</Text>
		</Row>
		<Row Tag="TXT_KEY_LEADER_NAPOLEON_RESPONSE_REQUEST_1">
			<Text>프랑스도 시련을 겪을 때가 있다네. 내게 기부를 한다면, 조속한 시일 내로 이 은혜는 갚도록 하지.</Text>
		</Row>
		<Row Tag="TXT_KEY_LEADER_BISMARCK_RESPONSE_REQUEST_1">
			<Text>독일의 국운이 기울 때 도와준다면, 자네의 국가 위급상황 시에 든든한 동맹국이 될 거라 걸 보증하겠소.</Text>
		</Row>
		<Row Tag="TXT_KEY_LEADER_GANDHI_RESPONSE_REQUEST_1">
			<Text>친애하는 나의 친구여, 인도를 위해 뭔가 나누어 주시겠습니까?</Text>
		</Row>
		<Row Tag="TXT_KEY_LEADER_HIAWATHA_RESPONSE_REQUEST_1">
			<Text>앞길에 놓인 역경에 대해 영혼들이 말하고 있소. 당신의 관대한 지원으로 무사히 헤쳐나갈 수 있게 되길 바라겠소.</Text>
		</Row>
		<Row Tag="TXT_KEY_LEADER_ODA_RESPONSE_REQUEST_1">
			<Text>미천한 전사가 고개 숙여 부탁합니다. 아량을 베풀어 주지 않겠습니까?</Text>
		</Row>
		<Row Tag="TXT_KEY_LEADER_SULEIMAN_RESPONSE_REQUEST_1">
			<Text>오스만 제국은 지금 고초를 겪고 있소. 좋은 친구에게 도움을 청해도 되겠는가?</Text>
		</Row>
		<Row Tag="TXT_KEY_LEADER_DARIUS_RESPONSE_REQUEST_1">
			<Text>위대한 페르시아 제국이 지금 역경을 맞이하고 있소. 그대의 투자는 우리를 밝은 미래로 이끌어 준다는 걸 확신한다오.</Text>
		</Row>
		<Row Tag="TXT_KEY_LEADER_AUGUSTUS_RESPONSE_REQUEST_1">
			<Text>심지어 위대한 로마도 이따금 문제를 겪을 때가 있소. 친절을 바라도 되겠나?</Text>
		</Row>
		<Row Tag="TXT_KEY_LEADER_CATHERINE_RESPONSE_REQUEST_1">
			<Text>오오! 누군가 했더니 그대였군요. 당신을 간절히 원했어요. 러시아는 지금 경제적 위기에 처해있어요. 좀 도와줄 수 있나요?</Text>
		</Row>
		<Row Tag="TXT_KEY_LEADER_RAMKHAMHAENG_RESPONSE_REQUEST_1">
			<Text>이 선물을 준다면, 의심할 여지 없이 전 세계의 국가에 당신의 위대함에 대해 칭송하겠습니다.</Text>
		</Row>
		<Row Tag="TXT_KEY_LEADER_ASKIA_RESPONSE_REQUEST_1">
			<Text>친구여, 최근 주변 환경이 송가이에게 가혹하구려. 아마 신께서 혼자서는 승리를 하기 어렵다는 것을 가르치고 싶은가 보오.</Text>
		</Row>
		<Row Tag="TXT_KEY_GENERIC_GIFT_ITEM_1">
			<Text>위대한 지도자여, 우리의 우정이 영원히 지속하길 바라는 마음으로 이 선물을 당신께 주겠소.</Text>
		</Row>
		<Row Tag="TXT_KEY_GENERIC_GIFT_ITEM_2">
			<Text>위대한 지도자여, 세상의 다른 경쟁자를 뛰어넘기 위해서는 모름지기 친구들은 협력해야 하는 법이지. 이 선물을 받아주시게.</Text>
		</Row>
		<Row Tag="TXT_KEY_GENERIC_LUXURY_TRADE_1">
			<Text>우리에게 필요한 사치 자원을 그대가 가지고 있군. 이 제안에 대해서 어떻게 생각하시오?</Text>
		</Row>
		<Row Tag="TXT_KEY_LEADER_ALEXANDER_LUXURY_TRADE_1">
			<Text>국가의 지도자란 참으로 힘든 일이지. 친구와 거래하는 것은 그걸 조금 더 수월하게 해줄 것이오.</Text>
		</Row>
		<Row Tag="TXT_KEY_LEADER_WASHINGTON_LUXURY_TRADE_1">
			<Text>나는 거래를 통해서 미국과 당신의 위대한 제국이 서로 더 가까워지길 바랍니다.</Text>
		</Row>
		<Row Tag="TXT_KEY_LEADER_HARUN_LUXURY_TRADE_1">
			<Text>우리가 동료와 협력을 하고 거래를 할 수 있는 것은 신의 뜻일 것입니다.</Text>
		</Row>
		<Row Tag="TXT_KEY_LEADER_MONTEZUMA_LUXURY_TRADE_1">
			<Text>왔는가. 우리 거래를 해보도록 하지. 사치 자원의 거래는 성난 촌민을 진정시키는 데 도와줄 것이다.</Text>
		</Row>
		<Row Tag="TXT_KEY_LEADER_WUZETIAN_LUXURY_TRADE_1">
			<Text>중국에는 희귀하고 값진 물건이 많지. 우리 거래해보세.</Text>
		</Row>
		<Row Tag="TXT_KEY_LEADER_RAMESSES_LUXURY_TRADE_1">
			<Text>그대에게 나일 강의 산물을 줄테니, 그에 상응한 것을 주게나.</Text>
		</Row>
		<Row Tag="TXT_KEY_LEADER_ELIZABETH_LUXURY_TRADE_1">
			<Text>거래를 통해 부를 축적하는 것은 문화적인 모든 국가의 의무랍니다.</Text>
		</Row>
		<Row Tag="TXT_KEY_LEADER_NAPOLEON_LUXURY_TRADE_1">
			<Text>오, 서로에게 이득이 될만한 것을 가지고 있는 것처럼 보이는군. 거래해보겠나?</Text>
		</Row>
		<Row Tag="TXT_KEY_LEADER_BISMARCK_LUXURY_TRADE_1">
			<Text>거래는 국가를 부강하게 하는 많은 방법 가운데 하나라오. 이 제안을 어떻게 생각하시오?</Text>
		</Row>
		<Row Tag="TXT_KEY_LEADER_GANDHI_LUXURY_TRADE_1">
			<Text>오, 나의 친구여, 안녕하십니까? 서로 간에 유익한 거래를 할 수 있을 것 같습니다. 당신의 생각은 어떻습니까?</Text>
		</Row>
		<Row Tag="TXT_KEY_LEADER_HIAWATHA_LUXURY_TRADE_1">
			<Text>자연의 산물은 서로 나누라고 있는 것이오.</Text>
		</Row>
		<Row Tag="TXT_KEY_LEADER_ODA_LUXURY_TRADE_1">
			<Text>주제넘을 생각은 없습니다. 다만, 이 거래가 서로 간에 유익하다는 걸로 생각합니다.</Text>
		</Row>
		<Row Tag="TXT_KEY_LEADER_SULEIMAN_LUXURY_TRADE_1">
			<Text>자네가 나와 같은 의향이 있다면, 내 재산 일부를 그대와 나누고 싶소!</Text>
		</Row>
		<Row Tag="TXT_KEY_LEADER_DARIUS_LUXURY_TRADE_1">
			<Text>거래는 모든 제국의 활력소이자 생명의 근원이지. 페르시아 역시 다르지가 않소. 이 거래를 어떻게 생각하시오?</Text>
		</Row>
		<Row Tag="TXT_KEY_LEADER_AUGUSTUS_LUXURY_TRADE_1">
			<Text>많은 사치 자원을 보유하는 건 필수적이지. 그런 점에서 이 거래가 양국에 이득이 될 거로 생각하네.</Text>
		</Row>
		<Row Tag="TXT_KEY_LEADER_CATHERINE_LUXURY_TRADE_1">
			<Text>오, 안녕하신가요! 이 제안이 그대에게도 흥미로울 거로 생각합니다. 어떻게 생각하는가요?</Text>
		</Row>
		<Row Tag="TXT_KEY_LEADER_RAMKHAMHAENG_LUXURY_TRADE_1">
			<Text>거래는 위대한 두 국가가 만들어낸 우정의 산물이랍니다. 나의 친구여, 이 제안에 대해 어떻게 생각합니까?</Text>
		</Row>
		<Row Tag="TXT_KEY_LEADER_ASKIA_LUXURY_TRADE_1">
			<Text>신은 우리에게 서로 배우고 존중하라고 가르친다오. 거래를 통해, 서로 더 잘 이해할 수 있을 것 같다는 느낌이 드는군.</Text>
		</Row>
		<Row Tag="TXT_KEY_GENERIC_OPEN_BORDERS_EXCHANGE_1">
			<Text>서로 간 국경개방 조약을 맺는 것은 위대한 양국 모두에게 이득이 되리라 생각하네.</Text>
		</Row>
		<Row Tag="TXT_KEY_GENERIC_OPEN_BORDERS_EXCHANGE_2">
			<Text>국경개방 조약을 통해 더욱 확고한 우정을 쌓을 수 있지.</Text>
		</Row>
		<Row Tag="TXT_KEY_LEADER_ALEXANDER_OPEN_BORDERS_EXCHANGE_1">
			<Text>서로에게 국경을 개방하는 건 제국을 방어하는 데 확실히 큰 도움이 될 것이오. 그렇게 생각하지 않소?</Text>
		</Row>
		<Row Tag="TXT_KEY_LEADER_WASHINGTON_OPEN_BORDERS_EXCHANGE_1">
			<Text>미국은 양국 간의 국경개방 조약이 우리의 우정을 더욱 돈독하게 하는데 도움을 줄 거로 생각합니다.</Text>
		</Row>
		<Row Tag="TXT_KEY_LEADER_HARUN_OPEN_BORDERS_EXCHANGE_1">
			<Text>국경개방 조약은 양국이 진보한 문명이라는 것을 신에게 확실하게 보여줄 것입니다.</Text>
		</Row>
		<Row Tag="TXT_KEY_LEADER_MONTEZUMA_OPEN_BORDERS_EXCHANGE_1">
			<Text>국경개방 조약은 나의 제단에 제물을 가져다 놓는 것을 더욱 손쉽게 할 것이다. 그게 당신에게도 도움이 될 거로 확신한다!</Text>
		</Row>
		<Row Tag="TXT_KEY_LEADER_WUZETIAN_OPEN_BORDERS_EXCHANGE_1">
			<Text>국경개방 조약이 두 나라의 문화와 예술이 번창하는 데에 크게 이바지하리라고 확신하오.</Text>
		</Row>
		<Row Tag="TXT_KEY_LEADER_RAMESSES_OPEN_BORDERS_EXCHANGE_1">
			<Text>자네가 같은 걸 원한다면, 이집트는 신성한 땅을 기꺼이 개방하겠노라.</Text>
		</Row>
		<Row Tag="TXT_KEY_LEADER_ELIZABETH_OPEN_BORDERS_EXCHANGE_1">
			<Text>서로의 국경을 개방하는 것은 상업적 기회를 무한히 확대해줄 것이랍니다. 이점에 동의하지 않는가요?</Text>
		</Row>
		<Row Tag="TXT_KEY_LEADER_NAPOLEON_OPEN_BORDERS_EXCHANGE_1">
			<Text>국경개방 조약으로 군대의 움직임이 훨씬 자유로워질 것이오. 이는 분명히 필수적인 일이라지. 자네는 어떻게 생각하는가?</Text>
		</Row>
		<Row Tag="TXT_KEY_LEADER_BISMARCK_OPEN_BORDERS_EXCHANGE_1">
			<Text>독일은 강하고 적절한 동맹을 찾고 있소. 서로 간 국경을 개방하는 것이 양국의 국방을 튼튼하게 하는데 도움을 줄 것이오.</Text>
		</Row>
		<Row Tag="TXT_KEY_LEADER_GANDHI_OPEN_BORDERS_EXCHANGE_1">
			<Text>인도는 우리를 갈라놓은 인위적인 장애물을 제거하여, 서로의 우정을 더욱 돈독하게 하고 싶습니다.</Text>
		</Row>
		<Row Tag="TXT_KEY_LEADER_HIAWATHA_OPEN_BORDERS_EXCHANGE_1">
			<Text>대지는 인류가 갈라놓은 경계에서 자유로워하고 싶어한다오. 우리 두 국가 간의 경계를 허물고 싶은데 어떻게 생각하시오?</Text>
		</Row>
		<Row Tag="TXT_KEY_LEADER_ODA_OPEN_BORDERS_EXCHANGE_1">
			<Text>상호 존중의 표시로서, 양국 간에 자유롭게 다닐 수 있도록 하고 싶습니다.</Text>
		</Row>
		<Row Tag="TXT_KEY_LEADER_SULEIMAN_OPEN_BORDERS_EXCHANGE_1">
			<Text>존재에 대해 더 잘 아는 유일한 방법은 더 많은 것을 보는 것 뿐이라오. 서로 간의 국경을 개방하고 한계를 넓힘으로써, 세상에 대해 더 배울 수 있을 것이오.</Text>
		</Row>
		<Row Tag="TXT_KEY_LEADER_DARIUS_OPEN_BORDERS_EXCHANGE_1">
			<Text>페르시아는 지식과 기회를 대지의 모든 곳곳에서 추구한다오. 이와 같은 목표를 위해 서로 간 국경개방 조약을 맺지 않겠소?</Text>
		</Row>
		<Row Tag="TXT_KEY_LEADER_AUGUSTUS_OPEN_BORDERS_EXCHANGE_1">
			<Text>지금 국경개방 조약을 맺는 것은 아주 좋아 보이는군. 동의하는가?</Text>
		</Row>
		<Row Tag="TXT_KEY_LEADER_CATHERINE_OPEN_BORDERS_EXCHANGE_1">
			<Text>서로에 대해 더 많이 알아가는 유일한 방법은 서로 간의 경계를 허무는 것뿐이에요. 우리 국경개방 조약을 맺지 않겠어요?</Text>
		</Row>
		<Row Tag="TXT_KEY_LEADER_RAMKHAMHAENG_OPEN_BORDERS_EXCHANGE_1">
			<Text>진실한 지도자는 문명의 진보가 공동의 협력을 통해서만 이루어진다는 사실을 알고 있습니다. 우리 함께 국경을 개방하여, 양국 간에 자유로운 통행을 허용하는 게 어떻습니까?</Text>
		</Row>
		<Row Tag="TXT_KEY_LEADER_ASKIA_OPEN_BORDERS_EXCHANGE_1">
			<Text>나는 신의 땅으로의 순례 여행을 위해 새로운 길을 찾고 있소. 나의 영토에 들어올 수 있는 게 자네에게도 이득이 되리라고 생각하오. 우리 서로 국경을 개방하지 않겠소?</Text>
		</Row>
		<Row Tag="TXT_KEY_GENERIC_OPEN_BORDERS_OFFER_1">
			<Text>나는 그대의 국경 통행권에 대해 협상하고 싶소.</Text>
		</Row>
		<Row Tag="TXT_KEY_GENERIC_PLAN_RESEARCH_AGREEMENT_1">
			<Text>나는 위대한 국가와 공동연구 계획을 세우고 싶소. 그렇게 하기 위해서는 150[ICON_GOLD]골드가 들 것이오. 어떻게 생각하는가?[NEWLINE][NEWLINE](동의하더라도 당장 연구 협정을 맺는 것은 아닙니다)</Text>
		</Row>
		<Row Tag="TXT_KEY_GENERIC_RESEARCH_AGREEMENT_OFFER_1">
			<Text>연구 협정을 통해 양국 모두 이득을 볼 수 있으며, 서로 간의 우정도 견고히 할 수 있다고 생각하지.</Text>
		</Row>
		   <Row Tag="TXT_KEY_GENERIC_RENEW_DEAL_1">
      <Text>이 협정은 양국의 국력을 신장시켰고 우의를 다지게 했습니다. 이 협정을 갱신하시겠습니까?</Text>
    </Row>
    <Row Tag="TXT_KEY_GENERIC_WANT_MORE_RENEW_DEAL_1">
	   <Text>이 협정은 우리에게 별로 도움이 되지 않는 것 같습니다. 이 협정을 갱신하려면 그쪽에서 더 나은 조건을 제시해야 합니다.</Text>
    </Row>
		<!--Trade Dialogue-->
		<Row Tag="TXT_KEY_GENERIC_TRADE_ACCEPT_GENEROUS_1">
			<Text>군침이 도는 제안이로군. 승낙하겠소.</Text>
		</Row>
		<Row Tag="TXT_KEY_GENERIC_TRADE_ACCEPT_GENEROUS_2">
			<Text>정중하게 거래를 승낙하겠소.</Text>
		</Row>
		<Row Tag="TXT_KEY_GENERIC_TRADE_ACCEPT_GENEROUS_3">
			<Text>받아들일 수 밖에 없는 조건이로군.</Text>
		</Row>
		<Row Tag="TXT_KEY_GENERIC_TRADE_ACCEPT_ACCEPTABLE_1">
			<Text>제안을 받아들이겠소.</Text>
		</Row>
		<Row Tag="TXT_KEY_GENERIC_TRADE_ACCEPT_ACCEPTABLE_2">
			<Text>그걸로 되었소.</Text>
		</Row>
		<Row Tag="TXT_KEY_GENERIC_TRADE_ACCEPT_ACCEPTABLE_3">
			<Text>매우 좋군.</Text>
		</Row>
		<Row Tag="TXT_KEY_GENERIC_TRADE_ACCEPT_AI_DEMAND_1">
			<Text>그대와의 거래는 즐거웠네.</Text>
		</Row>
		<Row Tag="TXT_KEY_GENERIC_TRADE_ACCEPT_AI_DEMAND_2">
			<Text>이웃 간 친목을 쌓는 것은 좋은 것이지.</Text>
		</Row>
		<Row Tag="TXT_KEY_GENERIC_TRADE_ACCEPT_HUMAN_CONCESSIONS_1">
			<Text>거래는 성립되었소. 이로써 우리의 관계가 개선되길 바라겠소.</Text>
		</Row>
		<Row Tag="TXT_KEY_GENERIC_TRADE_ACCEPT_HUMAN_CONCESSIONS_2">
			<Text>그대의 관용에 감사하오.</Text>
		</Row>
		<Row Tag="TXT_KEY_GENERIC_TRADE_REJECT_UNACCEPTABLE_1">
			<Text>유감이지만 그것보단 더 주셔야겠소.</Text>
		</Row>
		<Row Tag="TXT_KEY_GENERIC_TRADE_REJECT_UNACCEPTABLE_2">
			<Text>미안하지만 그 제안에는 흥미가 없구려.</Text>
		</Row>
		<Row Tag="TXT_KEY_GENERIC_TRADE_REJECT_UNACCEPTABLE_3">
			<Text>그 제안에 만족할 수 없소.</Text>
		</Row>
		<Row Tag="TXT_KEY_GENERIC_TRADE_REJECT_INSULTING_1">
			<Text>이걸 거래라고 하는 것이오? 합의를 보고 싶다면 공정한 제안을 하도록 하시오.</Text>
		</Row>
		<Row Tag="TXT_KEY_GENERIC_TRADE_REJECT_INSULTING_2">
			<Text>받아들일 수 없소.</Text>
		</Row>
		<Row Tag="TXT_KEY_GENERIC_TRADE_REJECT_INSULTING_3">
			<Text>공정한 거래와는 거리가 멀구려.</Text>
		</Row>
		<Row Tag="TXT_KEY_GENERIC_TRADE_DEAL_UNCHANGED_1">
			<Text>오로지 지금 제시한 조건으로만 거래를 받아들일 수 있소.</Text>
		</Row>
		<Row Tag="TXT_KEY_GENERIC_TRADE_DEAL_UNCHANGED_2">
			<Text>나에겐 괜찮아 보이는 데 문제라도 있소?</Text>
		</Row>
		<Row Tag="TXT_KEY_GENERIC_TRADE_DEAL_UNCHANGED_3">
			<Text>나에겐 괜찮아 보이는데.</Text>
		</Row>
		<Row Tag="TXT_KEY_GENERIC_TRADE_AI_MAKES_OFFER_1">
			<Text>이 제안을 어떻게 생각하는가?</Text>
		</Row>
		<Row Tag="TXT_KEY_GENERIC_TRADE_AI_MAKES_OFFER_2">
			<Text>거래하겠나?</Text>
		</Row>
		<Row Tag="TXT_KEY_GENERIC_TRADE_AI_MAKES_OFFER_3">
			<Text>우리 거래해보세.</Text>
		</Row>
		<Row Tag="TXT_KEY_GENERIC_TRADE_NO_DEAL_POSSIBLE_1">
			<Text>협상이 결렬되어 유감스럽군.</Text>
		</Row>
		<Row Tag="TXT_KEY_GENERIC_TRADE_NO_DEAL_POSSIBLE_2">
			<Text>전혀 가능성이 없는 협상이군.</Text>
		</Row>
		<!-- AI Attacked by another player -->
		<Row Tag="TXT_KEY_GENERIC_ATTACKED_HOSTILE_1">
			<Text>어리석은 자여. 그대의 실수를 깨닫게 해 주겠소.</Text>
		</Row>
		<Row Tag="TXT_KEY_GENERIC_ATTACKED_HOSTILE_2">
			<Text>정말 구제불능이로군. 그대의 행위는 이제 놀랍지도 않소.</Text>
		</Row>
		<Row Tag="TXT_KEY_GENERIC_ATTACKED_HOSTILE_3">
			<Text>마치 미개한 야만인을 보는 듯하군.</Text>
		</Row>
		<Row Tag="TXT_KEY_GENERIC_ATTACKED_HOSTILE_4">
			<Text>그대는 가장 볼품없는 국가의 지도자조차 될 자격이 없는 자요.</Text>
		</Row>
		<Row Tag="TXT_KEY_GENERIC_ATTACKED_HOSTILE_5">
			<Text>심판의 날이 그대에게 다가올 것이오.</Text>
		</Row>
		<Row Tag="TXT_KEY_GENERIC_ATTACKED_WEAK_HOSTILE_1">
			<Text>그대의 사악함에 무릎을 꿇을 지라도 온 힘을 다해 저항하겠소.</Text>
		</Row>
		<Row Tag="TXT_KEY_GENERIC_ATTACKED_WEAK_HOSTILE_2">
			<Text>현 상황을 볼 때 그대를 파멸시키는 것이 나의 승리를 더 빛나게 할 것이오.</Text>
		</Row>
		<Row Tag="TXT_KEY_GENERIC_ATTACKED_WEAK_HOSTILE_3">
			<Text>할 수 있다면 멸망시켜 보시오. 단언컨대 쉽진 않을 거요.</Text>
		</Row>
		<Row Tag="TXT_KEY_GENERIC_ATTACKED_WEAK_HOSTILE_4">
			<Text>알겠소. 우리의 군대는 죽을 각오로 그대의 사악함과 맞서 싸울 것이오.</Text>
		</Row>
		<Row Tag="TXT_KEY_GENERIC_ATTACKED_WEAK_HOSTILE_5">
			<Text>사람들은 영원히 그대를 약자를 괴롭히는 악당으로 기억할 것이오.</Text>
		</Row>
		<Row Tag="TXT_KEY_GENERIC_ATTACKED_STRONG_HOSTILE_1">
			<Text>지금 나를 이겨보겠다고 생각하는 것이오? 어리석은 자여 좋소. 장난 같은 전쟁을 시작해 보지.</Text>
		</Row>
		<Row Tag="TXT_KEY_GENERIC_ATTACKED_STRONG_HOSTILE_2">
			<Text>파멸과 죽음만이 당신의 군대를 반길 것이오.</Text>
		</Row>
		<Row Tag="TXT_KEY_GENERIC_ATTACKED_STRONG_HOSTILE_3">
			<Text>나를 공격한 것은 실수였다는 것을 곧 각인시켜주지.</Text>
		</Row>
		<Row Tag="TXT_KEY_GENERIC_ATTACKED_STRONG_HOSTILE_4">
			<Text>선전포고를 하다니 참으로 어리석은 선택이오. 전력을 다해 후회하도록 만들어 드리겠소.</Text>
		</Row>
		<Row Tag="TXT_KEY_GENERIC_ATTACKED_STRONG_HOSTILE_5">
			<Text>친히 그대의 어리석은 행동을 징죄할 것이오.</Text>
		</Row>
		<Row Tag="TXT_KEY_GENERIC_ATTACKED_STRONG_HOSTILE_6">
			<Text>좋소. 어디 한번 붙어봅시다. 드디어 눈엣가시를 없애버릴 기회가 왔군.</Text>
		</Row>
		<Row Tag="TXT_KEY_GENERIC_ATTACKED_STRONG_HOSTILE_7">
			<Text>구제할 길 없는 어리석은 자여. 자비심 없는 파괴를 맛보도록 하시오.</Text>
		</Row>
		<Row Tag="TXT_KEY_GENERIC_ATTACKED_EXCITED_1">
			<Text>전쟁을 원한다면 그렇게 해주지.</Text>
		</Row>
		<Row Tag="TXT_KEY_GENERIC_ATTACKED_EXCITED_2">
			<Text>그대와 공방을 주고받게 되어서 기쁘오. 이 악물고 단단히 각오하시오.</Text>
		</Row>
		<Row Tag="TXT_KEY_GENERIC_ATTACKED_EXCITED_3">
			<Text>정말 재미있겠군. 그대를 파괴하는 매 순간순간을 즐기고 싶소.</Text>
		</Row>
		<Row Tag="TXT_KEY_GENERIC_ATTACKED_EXCITED_4">
			<Text>좋소. 죽음의 소용돌이가 우리 모두를 집어삼키리라!</Text>
		</Row>
		<Row Tag="TXT_KEY_GENERIC_ATTACKED_WEAK_EXCITED_1">
			<Text>전쟁을 벌이기에 좋은 시기는 아니지만, 그대를 쓰러뜨리기 위한 기회를 놓칠 수야 없지.</Text>
		</Row>
		<Row Tag="TXT_KEY_GENERIC_ATTACKED_STRONG_EXCITED_1">
			<Text>하하. 판단에 토를 달지 않겠지만, 그대는 큰 실수를 한 것 같소.</Text>
		</Row>
		<Row Tag="TXT_KEY_GENERIC_ATTACKED_SAD_1">
			<Text>날 공격하다니 비통함을 감출 수 없군. 지옥에나 떨어지시오.</Text>
		</Row>
		<Row Tag="TXT_KEY_GENERIC_ATTACKED_SAD_2">
			<Text>그런 식으로 나를 공격하다니. 그대의 오만은 끝이 없군. 언젠가 그대도 심판을 받을 날이 올 것이오!</Text>
		</Row>
		<Row Tag="TXT_KEY_GENERIC_ATTACKED_SAD_3">
			<Text>승리를 위해 꼭 약점을 파고들 필요는 없지 않소. 더 나은 수단이 있을 텐데?</Text>
		</Row>
		<Row Tag="TXT_KEY_GENERIC_ATTACKED_SAD_4">
			<Text>어떻게 그럴 수 있소? 사라지시오. 꼴도 보기 싫소. 사악한 자여.</Text>
		</Row>
		<Row Tag="TXT_KEY_GENERIC_ATTACKED_BETRAYED_1">
			<Text>누군가의 신용을 악용한다는 것은 비열한 짓이오. 그대의 배신을 모든 이들이 알게 되리라!</Text>
		</Row>
		<!-- AI Declaring War-->
		<Row Tag="TXT_KEY_GENERIC_DOW_GENERIC_1">
			<Text>더는 말이 통하지 않는군. 전쟁터에서 보도록 하지.</Text>
		</Row>
		<Row Tag="TXT_KEY_GENERIC_DOW_GENERIC_2">
			<Text>전부터 이렇게 되리란 예감이 들었지. 이제 누가 승리할지 전쟁을 시작해 보도록 합시다.</Text>
		</Row>
		<Row Tag="TXT_KEY_GENERIC_DOW_GENERIC_3">
			<Text>선전포고를 하는 바이오. 하늘만이 누가 승리할지 알겠지.</Text>
		</Row>
		<Row Tag="TXT_KEY_GENERIC_ATTACKED_MILITARY_PROMISE_BROKEN_1">
			<Text>약속을 지키지 않았군. 단언컨대 세상이 그대의 배신을 처벌할 것이오.</Text>
		</Row>
		<Row Tag="TXT_KEY_GENERIC_DOW_LAND_1">
			<Text>서로 인접함으로 말미암은 갈등으로 이젠 적이 되었구려. 이 땅에서 살아남을 자가 누구인지 결정하도록 합시다.</Text>
		</Row>
		<Row Tag="TXT_KEY_GENERIC_DOW_LAND_2">
			<Text>그대는 너무 가까이 있소. 우리는 살 공간을 원한단 말이오!</Text>
		</Row>
		<Row Tag="TXT_KEY_GENERIC_DOW_LAND_3">
			<Text>그대의 땅을 내 땅에 더하면 딱 좋겠군.</Text>
		</Row>
		<Row Tag="TXT_KEY_GENERIC_DOW_WORLD_CONQUEST_1">
			<Text>세상은 오로지 나의 것. 이제 그 말의 의미를 보여 드리겠소.</Text>
		</Row>
		<Row Tag="TXT_KEY_GENERIC_DOW_WORLD_CONQUEST_2">
			<Text>운명이, 난세를 평정할 자로 나를 선택했소.</Text>
		</Row>
		<Row Tag="TXT_KEY_GENERIC_DOW_WORLD_CONQUEST_3">
			<Text>나를 둘러싸고 있는 그대와 같은 해충들을 모조리 괴멸시킨다면 역사는 나를 승자로 기록하겠지.</Text>
		</Row>
		<Row Tag="TXT_KEY_GENERIC_DOW_WORLD_CONQUEST_4">
			<Text>솔직하게 말하겠소. 그대를 포함한 모든 이를 파멸시키러 왔소.</Text>
		</Row>
		<Row Tag="TXT_KEY_GENERIC_DOW_WORLD_CONQUEST_5">
			<Text>그대는 나의 세계정복을 위한 하나의 발판에 지나지 않소.</Text>
		</Row>
		<Row Tag="TXT_KEY_GENERIC_DOW_WORLD_CONQUEST_6">
			<Text>이제 원대한 계획을 실행할 때가 왔군. 다른 머저리들처럼 죽여주마.</Text>
		</Row>
		<Row Tag="TXT_KEY_GENERIC_DOW_OPPORTUNITY_1">
			<Text>기회는 나의 것! 목 닦고 기다리시오.</Text>
		</Row>
		<Row Tag="TXT_KEY_GENERIC_DOW_OPPORTUNITY_2">
			<Text>충분히 오래 기다렸소. 방어의 틈을 발견했기에 이제 그대를 공격하겠소.</Text>
		</Row>
		<Row Tag="TXT_KEY_GENERIC_DOW_OPPORTUNITY_3">
			<Text>오늘 같은 날이 오기만을 기다려왔소. 내 골칫거리를 한번에 날려버린 절호의 기회지.</Text>
		</Row>
		<Row Tag="TXT_KEY_GENERIC_DOW_OPPORTUNITY_4">
			<Text>때가 되었군. 그대를 멸망시킴으로써 승리에 한 발짝 더 가까이 다가갈 것이오.</Text>
		</Row>
		<Row Tag="TXT_KEY_GENERIC_DOW_OPPORTUNITY_5">
			<Text>운명은 그대의 편이 아니란 걸 모르는군. 그 정도의 힘으로 감히 나의 앞길을 막아서다니 후회하게 될 것이오.</Text>
		</Row>
		<Row Tag="TXT_KEY_GENERIC_DOW_OPPORTUNITY_6">
			<Text>현재 상황을 이제는 간과할 수 없군. 지금이 아니면 기회는 없겠지.</Text>
		</Row>
		<Row Tag="TXT_KEY_GENERIC_DOW_OPPORTUNITY_7">
			<Text>미래에 큰 위협이 될 경쟁자를 제거할 절호의 기회를 놓칠 수 없군.</Text>
		</Row>
		<Row Tag="TXT_KEY_GENERIC_DOW_OPPORTUNITY_8">
			<Text>미안하지만 그대의 약점을 보니 참을 수가 없구려.</Text>
		</Row>
		<Row Tag="TXT_KEY_GENERIC_DOW_DESPERATE_1">
			<Text>비록 불가능하겠지만, 나의 생존을 위해 그대를 물리치는데 온 힘을 다하겠소. 이래 죽으나 저래 죽으나...</Text>
		</Row>
		<Row Tag="TXT_KEY_GENERIC_DOW_DESPERATE_2">
			<Text>그대가 강국임에는 분명하지만, 분명 물리칠 방도를 찾아낼 것이오.</Text>
		</Row>
		<Row Tag="TXT_KEY_GENERIC_DOW_DESPERATE_3">
			<Text>고금제일의 악당 같으니라고! 내 모든 힘을 동원해 그대를 물리칠 것이오.</Text>
		</Row>
		<Row Tag="TXT_KEY_GENERIC_DOW_DESPERATE_4">
			<Text>그대는 세상의 일인자이지만 물리칠 방도가 없진 않을 것이오.</Text>
		</Row>
		<Row Tag="TXT_KEY_GENERIC_DOW_DESPERATE_5">
			<Text>이젠 결단을 내려야 할 때오. 나에게 불리한 전쟁이지만 승리할 방도가 있으리라 믿소.</Text>
		</Row>
		<Row Tag="TXT_KEY_GENERIC_DOW_DESPERATE_6">
			<Text>비록 그대의 힘은 무시무시하지만 승리할 방도를 찾을 것이오. 운명의 여신이 나와 함께하기를.</Text>
		</Row>
		<Row Tag="TXT_KEY_GENERIC_DOW_DESPERATE_7">
			<Text>바라진 않지만 이시기를 놓치면 영영 그대를 물리치지 못할 것 같군. 전장에서 뵙겠소.</Text>
		</Row>
		<Row Tag="TXT_KEY_GENERIC_DOW_DESPERATE_8">
			<Text>나를 기다리는 것이 파멸뿐이라도 물러서지 않겠소. 이래죽으나 저래죽으나...</Text>
		</Row>
		<Row Tag="TXT_KEY_GENERIC_DOW_BETRAYAL_1">
			<Text>비록 정당한 수단은 아니지만, 역사를 보면 약자를 괴롭히며 이득을 취한 사례가 종종 있지. 고통 없이 신속히 보내드리겠소.</Text>
		</Row>
		<Row Tag="TXT_KEY_GENERIC_DOW_BETRAYAL_2">
			<Text>그대의 약점은 절호의 기회! 나를 믿다니 둘도 없는 실수를 하셨구려.</Text>
		</Row>
		<Row Tag="TXT_KEY_GENERIC_DOW_BETRAYAL_3">
			<Text>때가 왔군. 유리한 상황은 아니지만 내 운을 시험해 보기로 했소. 누가 승리자일지 두고 봅시다.</Text>
		</Row>
		<Row Tag="TXT_KEY_GENERIC_DOW_BETRAYAL_4">
			<Text>솔직히 말하겠소. 그대는 항상 내 마음에 들지 않았소. 내색 안 하느라 진땀 좀 뺐지. 이제 너저분한 이야기 따윈 집어치우고 그대를 멸망시키도록 하겠소.</Text>
		</Row>
		<Row Tag="TXT_KEY_GENERIC_DOW_WEAK_BETRAYAL_1">
			<Text>확실히 불리하지만 다른 대안이 없군. 훗날 이 배신이 나의 발목을 잡지 않았으면 좋으련만...</Text>
		</Row>
		<Row Tag="TXT_KEY_GENERIC_DOW_REGRET_1">
			<Text>다른 생에 만났더라면 우린 친구가 될 수 있었겠지만, 지금은 아니오. 그대의 전운을 기원하오.</Text>
		</Row>
		<Row Tag="TXT_KEY_GENERIC_DOW_REGRET_2">
			<Text>친구여, 그대와 마주 잡았던 손을 뿌리치고 칼을 빼어들 때가 온 것 같소. 당장은 힘들겠지만 언젠가 나를 용서해주었으면 하오.</Text>
		</Row>
		<Row Tag="TXT_KEY_GENERIC_DOW_REGRET_3">
			<Text>사태가 이 지경에 이르다니 믿을 수 없군. 하지만, 올 것은 오는 법. 우리의 우정이 끝났다는 것을 비통한 마음으로 통보하는 바이오.</Text>
		</Row>
		<Row Tag="TXT_KEY_WAR_DEMAND_REFUSED_1">
			<Text>좋군. 군대로 빼앗아 가야겠군.</Text>
		</Row>
		<Row Tag="TXT_KEY_WAR_DEMAND_REFUSED_2">
			<Text>그렇담 전쟁이오.</Text>
		</Row>
		<!--AI Responses to a human peace offer-->
		<Row Tag="TXT_KEY_GENERIC_PEACE_WHAT_WILL_HUMAN_OFFER_1">
			<Text>그대의 제안은 무엇이오?</Text>
		</Row>
		<Row Tag="TXT_KEY_GENERIC_PEACE_WHAT_WILL_HUMAN_OFFER_2">
			<Text>그대는 무엇을 제안할 것이오?</Text>
		</Row>
		<Row Tag="TXT_KEY_GENERIC_PEACE_WHAT_WILL_HUMAN_OFFER_3">
			<Text>평화의 대가는 무엇이오?</Text>
		</Row>
		<Row Tag="TXT_KEY_GENERIC_PEACE_MADE_BY_HUMAN_GRACIOUS_1">
			<Text>이 분쟁의 끝을 볼 수 있어 기쁘오.</Text>
		</Row>
		<Row Tag="TXT_KEY_GENERIC_PEACE_MADE_BY_HUMAN_GRACIOUS_2">
			<Text>이 끔찍한 전쟁을 끝낼 수 있어 기쁘오.</Text>
		</Row>
		<Row Tag="TXT_KEY_GENERIC_NO_PEACE_1">
			<Text>평화는 없소. 나중에 다시 와 보시구려.</Text>
		</Row>
		<Row Tag="TXT_KEY_GENERIC_NO_PEACE_2">
			<Text>협상 따위나 할 때가 아니지.</Text>
		</Row>
		<Row Tag="TXT_KEY_GENERIC_NO_PEACE_3">
			<Text>아직 그대와 해결하지 못한 문제가 남아 있소.</Text>
		</Row>
		<Row Tag="TXT_KEY_GENERIC_TOO_SOON_NO_PEACE_1">
			<Text>지금 농담하는 거요?</Text>
		</Row>
		<!--AI Responses to a discussion mode topics-->
		<Row Tag="TXT_KEY_GENERIC_HUMAN_RESPONSE_PLEASED_1">
			<Text>멋지군.</Text>
		</Row>
		<Row Tag="TXT_KEY_GENERIC_HUMAN_RESPONSE_PLEASED_2">
			<Text>아주 멋지군.</Text>
		</Row>
		<Row Tag="TXT_KEY_GENERIC_HUMAN_RESPONSE_PLEASED_3">
			<Text>그 말을 듣게 되어 기쁘군.</Text>
		</Row>
		<Row Tag="TXT_KEY_GENERIC_HUMAN_RESPONSE_PLEASED_4">
			<Text>반가운 소리군.</Text>
		</Row>
		<Row Tag="TXT_KEY_GENERIC_HUMAN_RESPONSE_THANKFUL_1">
			<Text>나의 고마움을 받아주게.</Text>
		</Row>
		<Row Tag="TXT_KEY_GENERIC_HUMAN_RESPONSE_THANKFUL_2">
			<Text>그대는 진정으로 위대한 지도자라네.</Text>
		</Row>
		<Row Tag="TXT_KEY_GENERIC_HUMAN_RESPONSE_THANKFUL_3">
			<Text>역사는 그대의 위대한 선행을 오랫동안 기억할 것이네.</Text>
		</Row>
		<Row Tag="TXT_KEY_GENERIC_HUMAN_RESPONSE_DISAPPOINTED_1">
			<Text>유감이군.</Text>
		</Row>
		<Row Tag="TXT_KEY_GENERIC_HUMAN_RESPONSE_DISAPPOINTED_2">
			<Text>그럼 다음 기회에.</Text>
		</Row>
		<Row Tag="TXT_KEY_GENERIC_HUMAN_RESPONSE_DISAPPOINTED_3">
			<Text>실망스럽군.</Text>
		</Row>
		<Row Tag="TXT_KEY_GENERIC_SO_BE_IT_1">
			<Text>그렇다면 좋소.</Text>
		</Row>
		<Row Tag="TXT_KEY_GENERIC_SO_BE_IT_2">
			<Text>그렇다면 결과에 대한 책임을 져야 할 것이오.</Text>
		</Row>
		<Row Tag="TXT_KEY_GENERIC_SO_BE_IT_3">
			<Text>후회할텐데.</Text>
		</Row>
		<Row Tag="TXT_KEY_GENERIC_RETURNED_CIVILIAN_1">
			<Text>포로를 해방하다니... 나의 고마움을 받아주게.</Text>
		</Row>
		<Row Tag="TXT_KEY_GENERIC_RETURNED_CIVILIAN_2">
			<Text>전 포로를 해방해 준 당신에게 국민을 대신해 감사를 표하겠소.</Text>
		</Row>
		<Row Tag="TXT_KEY_GENERIC_RETURNED_CIVILIAN_3">
			<Text>고맙소. 이 역사적인 순간으로 두 나라의 관계가 더욱 가까워지기를 바라는 바요.</Text>
		</Row>
		<Row Tag="TXT_KEY_GENERIC_CULTURE_BOMBED_1">
			<Text>어찌 감히! 대가를 치르게 해 주겠소.</Text>
		</Row>
		<Row Tag="TXT_KEY_GENERIC_CULTURE_BOMBED_2">
			<Text>전쟁을 원한다는 의미로 받아들이겠소.</Text>
		</Row>
		<Row Tag="TXT_KEY_GENERIC_HOSTILE_AGGRESSIVE_MILITARY_WARNING_BAD_1">
			<Text>솔직한 건 좋지만, 그대의 장점은 그것밖에 없는 것 같군.</Text>
		</Row>
		<Row Tag="TXT_KEY_GENERIC_HOSTILE_AGGRESSIVE_MILITARY_WARNING_GOOD_1">
			<Text>그럴싸한 이야기로군.</Text>
		</Row>
		<Row Tag="TXT_KEY_GENERIC_AGGRESSIVE_MILITARY_WARNING_BAD_1">
			<Text>바로 그것이 내가 우려한 점이오.</Text>
		</Row>
		<Row Tag="TXT_KEY_GENERIC_AGGRESSIVE_MILITARY_WARNING_GOOD_1">
			<Text>그것이 사실이기를 바랄 뿐이오.</Text>
		</Row>
		<Row Tag="TXT_KEY_GENERIC_HOSTILE_WE_ATTACKED_MINOR_BAD_1">
			<Text>두고 봅시다.</Text>
		</Row>
		<Row Tag="TXT_KEY_GENERIC_HOSTILE_WE_ATTACKED_MINOR_GOOD_1">
			<Text>그래, 그것이 옳소.</Text>
		</Row>
		<Row Tag="TXT_KEY_GENERIC_WE_ATTACKED_MINOR_BAD_1">
			<Text>이 선택이 우리 국민과 국가를 위해 옳은 것이라고 믿고 있소.</Text>
		</Row>
		<Row Tag="TXT_KEY_GENERIC_HUMAN_RESPONSE_BAD_1">
			<Text>이성이라곤 찾아볼 수 없는 작자로군. 부끄러운 줄 아시오.</Text>
		</Row>
		<Row Tag="TXT_KEY_GENERIC_HUMAN_RESPONSE_BAD_2">
			<Text>그럼 그대와의 거래는 이것으로 끝이오.</Text>
		</Row>
		<Row Tag="TXT_KEY_GENERIC_HUMAN_RESPONSE_BAD_3">
			<Text>날 실망하게 하는구려.</Text>
		</Row>
		<Row Tag="TXT_KEY_GENERIC_HUMAN_RESPONSE_BAD_4">
			<Text>이것은 두 국가 사이에 긴장만 가져올 뿐이오.</Text>
		</Row>
		<Row Tag="TXT_KEY_GENERIC_HUMAN_ATTACKED_MINOR_GOOD_1">
			<Text>아주 좋소. 상황을 주시하고 있겠소.</Text>
		</Row>
		<Row Tag="TXT_KEY_GENERIC_HUMAN_KILLED_MINOR_GOOD_1">
			<Text>그리고... 무엇을 제안하고 싶소?</Text>
		</Row>
		<Row Tag="TXT_KEY_GENERIC_HUMAN_SERIOUS_EXPANSION_WARNING_GOOD_1">
			<Text>그리고... 무엇을 제안하고 싶소?</Text>
		</Row>
		<Row Tag="TXT_KEY_GENERIC_HUMAN_EXPANSION_WARNING_GOOD_1">
			<Text>아주 좋군. 앞으로도 우리가 계속 공통점을 찾을 수 있기를 바라는 바요.</Text>
		</Row>
		<Row Tag="TXT_KEY_GENERIC_HUMAN_SERIOUS_PLOT_BUYING_WARNING_GOOD_1">
			<Text>그리고... 무엇을 제안하고 싶소?</Text>
		</Row>
		<Row Tag="TXT_KEY_GENERIC_HUMAN_PLOT_BUYING_WARNING_GOOD_1">
			<Text>아주 좋군. 앞으로도 우리가 계속 공통점을 찾을 수 있기를 바라는 바요.</Text>
		</Row>
		<Row Tag="TXT_KEY_GENERIC_OUR_WORDS_ARE_BACKED">
            <Text>우리의 대화는 핵무기 사용을 불러온다오!</Text>
        </Row>
	</Language_KO_KR>
</GameData>
