<?xml version="1.0" encoding="utf-8"?>
<GameData>
	<Language_KO_KR>
		<Row Tag="TXT_KEY_LEADER_ASKIA_AGREE_SHORT_1">
			<Text>아주 좋군.</Text>
		</Row>
		<Row Tag="TXT_KEY_LEADER_ASKIA_AGREE_SHORT_2">
			<Text>그러시오.</Text>
		</Row>
		<Row Tag="TXT_KEY_LEADER_ASKIA_AGREE_SHORT_3">
			<Text>물론이오.</Text>
		</Row>
		<Row Tag="TXT_KEY_LEADER_ASKIA_AGREE_SHORT_4">
			<Text>동의하오.</Text>
		</Row>
		<Row Tag="TXT_KEY_LEADER_ASKIA_AGREE_SHORT_5">
			<Text>오, 그러시오.</Text>
		</Row>
		<Row Tag="TXT_KEY_LEADER_ASKIA_AGREE_SHORT_6">
			<Text>당연하오.</Text>
		</Row>
		<Row Tag="TXT_KEY_LEADER_ASKIA_AGREE_SHORT_7">
			<Text>훌륭하오.</Text>
		</Row>
		<Row Tag="TXT_KEY_LEADER_ASKIA_ATTACKED_1">
			<Text>네놈은 내게 불태워 질 것이오. 맹세하지.</Text>
		</Row>
		<Row Tag="TXT_KEY_LEADER_ASKIA_ATTACKED_2">
			<Text>멍청하군. 네놈은 화재와 파괴로 사람들을 파멸시켰군.</Text>
		</Row>
		<Row Tag="TXT_KEY_LEADER_ASKIA_ATTACKED_3">
			<Text>비열한 악당! 댓가를 치뤄라!</Text>
		</Row>
		<Row Tag="TXT_KEY_LEADER_ASKIA_DECLAREWAR_1">
			<Text>이런 악마 놈! 네놈은 땅과 하늘의 실패작이군. 사라져라!</Text>
		</Row>
		<Row Tag="TXT_KEY_LEADER_ASKIA_DECLAREWAR_2">
			<Text>나는 네놈과 네놈의 야만인을 저주한다. 우리는 정의로운 정화의 불과 함께 지구를 청소해야 하니까!</Text>
		</Row>
		<Row Tag="TXT_KEY_LEADER_ASKIA_DECLAREWAR_3">
			<Text>이런 무지한 야만인 같으니라고. 네놈은 파괴될 것이야.</Text>
		</Row>
		<Row Tag="TXT_KEY_LEADER_ASKIA_DEFEATED_1">
			<Text>야만족에 의해 이 위대한 국가가 파괴되겠군. 우리에겐 어두운 밤이 찾아왔어.</Text>
		</Row>
		<Row Tag="TXT_KEY_LEADER_ASKIA_DEFEATED_2">
			<Text>나의 분노와 증오의 불이 꺼져버렸군. 충분히 승리를 즐기도록 해라. 곧 큰 대가를 치러야 할 것이야!</Text>
		</Row>
		<Row Tag="TXT_KEY_LEADER_ASKIA_DEMANDTRIBUTE_ANGRY">
			<Text>우리가 원하는 걸 주지 않으면, 네 나라에 정의의 불꽃이 떨어지게 될 것이야.</Text>
		</Row>
		<Row Tag="TXT_KEY_LEADER_ASKIA_DEMANDTRIBUTE_HAPPY">
			<Text>송가이는 이단과 지구의 쓰레기를 처리하는 데에는 언제라도 도움을 줄 수 있소.</Text>
		</Row>
		<Row Tag="TXT_KEY_LEADER_ASKIA_DEMANDTRIBUTE_NEUTRAL">
			<Text>우리가 원하는 걸 먼저 내놓으시오.</Text>
		</Row>
		<Row Tag="TXT_KEY_LEADER_ASKIA_DISAGREE_SHORT_1">
			<Text>안되오.</Text>
		</Row>
		<Row Tag="TXT_KEY_LEADER_ASKIA_DISAGREE_SHORT_2">
			<Text>절대 안되오.</Text>
		</Row>
		<Row Tag="TXT_KEY_LEADER_ASKIA_DISAGREE_SHORT_3">
			<Text>거절하오.</Text>
		</Row>
		<Row Tag="TXT_KEY_LEADER_ASKIA_DISAGREE_SHORT_4">
			<Text>당연히 안되오.</Text>
		</Row>
		<Row Tag="TXT_KEY_LEADER_ASKIA_DISAGREE_SHORT_5">
			<Text>수락할 수 없군.</Text>
		</Row>
		<Row Tag="TXT_KEY_LEADER_ASKIA_DISAGREE_SHORT_6">
			<Text>농담이겠지!</Text>
		</Row>
		<Row Tag="TXT_KEY_LEADER_ASKIA_DISAGREE_SHORT_7">
			<Text>뭐라고?</Text>
		</Row>
		<Row Tag="TXT_KEY_LEADER_ASKIA_FIRSTGREETING_1">
			<Text>반갑군. 나는 송가이의 아스키아라고 하지. 우리는 공정한 사람들이라, 철저한 복수를 하는 편이오. 과거에 다른 사람들이 범한 실수를 하지 않는 게 좋을 것이오.</Text>
		</Row>
		<Row Tag="TXT_KEY_LEADER_ASKIA_FIRSTGREETING_2">
			<Text>신의 가호가 있기를. 나는 송가이의 아스키아라고 하지. 나는 모두와 평화롭게 지내고 싶지만, 전쟁에서까지 그러하진 않소. 살고 싶다면, 전쟁은 하지 않는 게 좋을 것이오.</Text>
		</Row>
		<Row Tag="TXT_KEY_LEADER_ASKIA_FIRSTGREETING_3">
			<Text>안녕하시오. 나는 송가이의 왕인 아스키아라고 하지. 우리는 평화로운 교류와 지식의 공유를 추구하는 사람들이오. 하지만, 필요할 때에는 언제나 싸울 준비가 되어 있소.</Text>
		</Row>
		<Row Tag="TXT_KEY_LEADER_ASKIA_FIRSTGREETING_4">
			<Text>안녕하시오. 나는 송가이의 아스키아라고 하지. 우리는 모두와 평화롭게 지내고 싶소. 만약 날 걱정시킬 작정이라면, 다른 곳에서 알아보시오.</Text>
		</Row>
		<Row Tag="TXT_KEY_LEADER_ASKIA_GOODBYE_1">
			<Text>좋은 하루 되길.</Text>
		</Row>
		<Row Tag="TXT_KEY_LEADER_ASKIA_GOODBYE_2">
			<Text>안녕히 가시오.</Text>
		</Row>
		<Row Tag="TXT_KEY_LEADER_ASKIA_GOODBYE_3">
			<Text>잘가시오.</Text>
		</Row>
		<Row Tag="TXT_KEY_LEADER_ASKIA_GOODBYE_4">
			<Text>다음에 또 만나기를.</Text>
		</Row>
		<Row Tag="TXT_KEY_LEADER_ASKIA_GOODBYE_5">
			<Text>그럼 이만 가보시오.</Text>
		</Row>
		<Row Tag="TXT_KEY_LEADER_ASKIA_GOODBYE_6">
			<Text>끝인 것 같군.</Text>
		</Row>
		<Row Tag="TXT_KEY_LEADER_ASKIA_GOODBYE_7">
			<Text>용건은 마쳤소.</Text>
		</Row>
		<Row Tag="TXT_KEY_LEADER_ASKIA_GREETING_1">
			<Text>어서오시오.</Text>
		</Row>
		<Row Tag="TXT_KEY_LEADER_ASKIA_GREETING_2">
			<Text>안녕하시오.</Text>
		</Row>
		<Row Tag="TXT_KEY_LEADER_ASKIA_GREETING_3">
			<Text>환영하오.</Text>
		</Row>
		<Row Tag="TXT_KEY_LEADER_ASKIA_GREETING_4">
			<Text>좋은 날이오.</Text>
		</Row>
		<Row Tag="TXT_KEY_LEADER_ASKIA_GREETING_5">
			<Text>오, 그대로군.</Text>
		</Row>
		<Row Tag="TXT_KEY_LEADER_ASKIA_GREETING_6">
			<Text>오셨소?</Text>
		</Row>
		<Row Tag="TXT_KEY_LEADER_ASKIA_GREETING_7">
			<Text>무엇을 원하오?</Text>
		</Row>
		<Row Tag="TXT_KEY_LEADER_ASKIA_LETSHEARIT_1">
			<Text>일단 들어보겠소.</Text>
		</Row>
		<Row Tag="TXT_KEY_LEADER_ASKIA_LETSHEARIT_2">
			<Text>얘기하시오.</Text>
		</Row>
		<Row Tag="TXT_KEY_LEADER_ASKIA_LETSHEARIT_3">
			<Text>말하시오.</Text>
		</Row>
		<Row Tag="TXT_KEY_LEADER_ASKIA_LETSHEARIT_4">
			<Text>듣고 있소.</Text>
		</Row>
		<Row Tag="TXT_KEY_LEADER_ASKIA_LETSHEARIT_5">
			<Text>무엇이오?</Text>
		</Row>
		<Row Tag="TXT_KEY_LEADER_ASKIA_LETSHEARIT_6">
			<Text>그래서?</Text>
		</Row>
		<Row Tag="TXT_KEY_LEADER_ASKIA_LETSHEARIT_7">
			<Text>그리고?</Text>
		</Row>
		<Row Tag="TXT_KEY_LEADER_ASKIA_LOSEWAR_1">
			<Text>이 무의미한 전쟁을 끝내줘서 고맙군.</Text>
		</Row>
		<Row Tag="TXT_KEY_LEADER_ASKIA_TRADE_NEEDMORE_ANGRY_1">
			<Text>날 화나게 하지 마라. 좀 더 나은 걸 들고 와봐!</Text>
		</Row>
		<Row Tag="TXT_KEY_LEADER_ASKIA_TRADE_NEEDMORE_ANGRY_2">
			<Text>좋지 않아.</Text>
		</Row>
		<Row Tag="TXT_KEY_LEADER_ASKIA_TRADE_NEEDMORE_ANGRY_3">
			<Text>좀 더 나은 걸 들고 와.</Text>
		</Row>
		<Row Tag="TXT_KEY_LEADER_ASKIA_TRADE_NEEDMORE_HAPPY_1">
			<Text>말도 안 되는군. 다시 한 번 생각해보지 않겠소?</Text>
		</Row>
		<Row Tag="TXT_KEY_LEADER_ASKIA_TRADE_NEEDMORE_HAPPY_2">
			<Text>그게 최선인가?</Text>
		</Row>
		<Row Tag="TXT_KEY_LEADER_ASKIA_TRADE_NEEDMORE_HAPPY_3">
			<Text>음...</Text>
		</Row>
		<Row Tag="TXT_KEY_LEADER_ASKIA_TRADE_NEEDMORE_NEUTRAL_1">
			<Text>어디의 누가 이런 제안을 승낙하겠소? 좀 더 나은 제안을 가져오시오.</Text>
		</Row>
		<Row Tag="TXT_KEY_LEADER_ASKIA_TRADE_NEEDMORE_NEUTRAL_2">
			<Text>더 나은 조건은 없소?</Text>
		</Row>
		<Row Tag="TXT_KEY_LEADER_ASKIA_TRADE_NEEDMORE_NEUTRAL_3">
			<Text>충분하지 못하군.</Text>
		</Row>
		<Row Tag="TXT_KEY_LEADER_ASKIA_TRADE_NEEDMORE_NEUTRAL_4">
			<Text>음...</Text>
		</Row>
		<Row Tag="TXT_KEY_LEADER_ASKIA_TRADE_NO_ANGRY">
			<Text>우리를 바보로 아는군? 오만한 네놈을 죽이겠다. 지금이 마지막 기회다. 꺼져.</Text>
		</Row>
		<Row Tag="TXT_KEY_LEADER_ASKIA_TRADE_NO_HAPPY">
			<Text>그대의 제안엔 동의할 수 없소. 송가이에 불리한 제안이라오.</Text>
		</Row>
		<Row Tag="TXT_KEY_LEADER_ASKIA_TRADE_NO_NEUTRAL">
			<Text>그 제안은 받아들일 수 없소. 아니면 우리에 대한 모욕인가?</Text>
		</Row>
		<Row Tag="TXT_KEY_LEADER_ASKIA_TRADE_YES_ANGRY">
			<Text>너의 외교력은 그나마 봐줄 만 하군.</Text>
		</Row>
		<Row Tag="TXT_KEY_LEADER_ASKIA_TRADE_YES_HAPPY">
			<Text>공정하고 공평한 것 같군. 알았소.</Text>
		</Row>
		<Row Tag="TXT_KEY_LEADER_ASKIA_TRADE_YES_NEUTRAL">
			<Text>만족할 만하군.</Text>
		</Row>
		<Row Tag="TXT_KEY_LEADER_ASKIA_TRADEREQUEST_ANGRY">
			<Text>우리 군대를 출진시키기 전에 당장 더 나은 조건을 내놓거라.</Text>
		</Row>
		<Row Tag="TXT_KEY_LEADER_ASKIA_TRADEREQUEST_HAPPY">
			<Text>내가 이 거래에 흥미를 느끼게 해줬으면 좋겠군.</Text>
		</Row>
		<Row Tag="TXT_KEY_LEADER_ASKIA_TRADEREQUEST_NEUTRAL">
			<Text>공정한 거래일 때에만 동의 할 것이오.</Text>
		</Row>
		<Row Tag="TXT_KEY_LEADER_ASKIA_TRIBUTE_NO_ANGRY">
			<Text>무식한 놈! 네놈의 무례함이 네놈을 이 땅에서 태워버릴 것이야!</Text>
		</Row>
		<Row Tag="TXT_KEY_LEADER_ASKIA_TRIBUTE_NO_HAPPY">
			<Text>우리에게 무리한 부탁을 안 하는 게 좋을 것이오. 참는데에도 한계가 있소.</Text>
		</Row>
		<Row Tag="TXT_KEY_LEADER_ASKIA_TRIBUTE_NO_NEUTRAL">
			<Text>지금 나를 협박하는 건가? 네가 드디어 미쳤군! 나를 향한 도전인가?</Text>
		</Row>
		<Row Tag="TXT_KEY_LEADER_ASKIA_TRIBUTE_YES_ANGRY">
			<Text>좋아. 그대가 원하는 대로 하시오. 하지만, 언젠가 그대는 대가를 지불해야 할 것이오. 잊지 않겠소!</Text>
		</Row>
		<Row Tag="TXT_KEY_LEADER_ASKIA_TRIBUTE_YES_HAPPY">
			<Text>우리의 확고한 동맹과 영원한 친구를 위하여!</Text>
		</Row>
		<Row Tag="TXT_KEY_LEADER_ASKIA_TRIBUTE_YES_NEUTRAL">
			<Text>남은 선택지가 그대의 요구에 응하는 것밖에 남지 않았군. 하지만, 언젠가는 심판이 내려질 것이오!</Text>
		</Row>
		<Row Tag="TXT_KEY_LEADER_ASKIA_WARBLUFF_1">
			<Text>이 모욕에 대해서는 천 배로 돌려주겠소!</Text>
		</Row>
		<Row Tag="TXT_KEY_LEADER_ASKIA_WARBLUFF_2">
			<Text>하늘과 땅이 두렵지 않은가?</Text>
		</Row>
		<Row Tag="TXT_KEY_LEADER_ASKIA_WARBLUFF_3">
			<Text>그래 좋군. 다음에 볼 때 두고 보자구!</Text>
		</Row>
		<Row Tag="TXT_KEY_LEADER_ASKIA_WARBLUFF_4">
			<Text>실망스럽군.</Text>
		</Row>
		<Row Tag="TXT_KEY_LEADER_ASKIA_WARBLUFF_5">
			<Text>유감이군.</Text>
		</Row>
		<Row Tag="TXT_KEY_LEADER_ASKIA_WARBLUFF_6">
			<Text>흠? 네가 그 정도로 식견이 짧을 줄은 몰랐군.</Text>
		</Row>
		<Row Tag="TXT_KEY_LEADER_ASKIA_WARBLUFF_7">
			<Text>멍청한 놈.</Text>
		</Row>
		<Row Tag="TXT_KEY_LEADER_ASKIA_WINWAR_1">
			<Text>아직도 네놈 목이 붙어 있는 것에 감사하거라. 이제는 우리에게 덤비지 마라!</Text>
		</Row>
	</Language_KO_KR>
</GameData>