<?xml version="1.0" encoding="utf-8"?>
<GameData>
	<Language_KO_KR>
		<Row Tag="TXT_KEY_LEADER_MONTEZUMA_AGREE_SHORT_1">
			<Text>아주 좋다.</Text>
		</Row>
		<Row Tag="TXT_KEY_LEADER_MONTEZUMA_AGREE_SHORT_2">
			<Text>좋다.</Text>
		</Row>
		<Row Tag="TXT_KEY_LEADER_MONTEZUMA_AGREE_SHORT_3">
			<Text>물론이다.</Text>
		</Row>
		<Row Tag="TXT_KEY_LEADER_MONTEZUMA_AGREE_SHORT_4">
			<Text>동의한다.</Text>
		</Row>
		<Row Tag="TXT_KEY_LEADER_MONTEZUMA_AGREE_SHORT_5">
			<Text>오, 아주 좋다.</Text>
		</Row>
		<Row Tag="TXT_KEY_LEADER_MONTEZUMA_AGREE_SHORT_6">
			<Text>꼭 하겠다.</Text>
		</Row>
		<Row Tag="TXT_KEY_LEADER_MONTEZUMA_AGREE_SHORT_7">
			<Text>최고다.</Text>
		</Row>
		<Row Tag="TXT_KEY_LEADER_MONTEZUMA_ATTACKED_1">
			<Text>내가 너를 파멸시켜 버리겠다!</Text>
		</Row>
		<Row Tag="TXT_KEY_LEADER_MONTEZUMA_ATTACKED_2">
			<Text>훌륭해! 크하하, 미친 듯이 피를 쏟아내 보자!</Text>
		</Row>
		<Row Tag="TXT_KEY_LEADER_MONTEZUMA_ATTACKED_3">
			<Text>어리석은 놈! 온 세상을 너의 병사들 피로 물들일 것이다!</Text>
		</Row>
		<Row Tag="TXT_KEY_LEADER_MONTEZUMA_DECLAREWAR_1">
			<Text>너희 포로들을 대부분 다 제물로 바쳐 버렸다. 이제 너의 시민이 거기에 아주 적당할 것이다. 이 칼을 적시러 가겠다!</Text>
		</Row>
		<Row Tag="TXT_KEY_LEADER_MONTEZUMA_DECLAREWAR_2">
			<Text>너만 보면 구역질이 난다! 이제 너의 세계를 완전히 없애 버릴 것이다. 피의 잔치를 벌이러 가겠다!</Text>
		</Row>
		<Row Tag="TXT_KEY_LEADER_MONTEZUMA_DECLAREWAR_3">
			<Text>죽여, 죽여, 다 죽여 버려!</Text>
		</Row>
		<Row Tag="TXT_KEY_LEADER_MONTEZUMA_DEFEATED_1">
			<Text>내 병사들이 나약하고 쓸모없음이 입증됐다. 네가 그 쓸모없는 놈들을 다 치워버려서 고맙게 생각한다!</Text>
		</Row>
		<Row Tag="TXT_KEY_LEADER_MONTEZUMA_DEFEATED_2">
			<Text>괴물 같은 놈! 내 위대함을 파괴 시키는 너는 어떤 존재냐?</Text>
		</Row>
		<Row Tag="TXT_KEY_LEADER_MONTEZUMA_DEFEATED_3">
			<Text>나의 모든 것을 쏟아 부었는데도 불구하고 네가 나를 정복했다. 아마도 이제 나는 평화와 안식을 누릴 수 있을 것이다.</Text>
		</Row>
		<Row Tag="TXT_KEY_LEADER_MONTEZUMA_DEMANDTRIBUTE_ANGRY">
			<Text>네가 가진 것들을 가져와야겠다. 일단 이것들부터 내놔라!</Text>
		</Row>
		<Row Tag="TXT_KEY_LEADER_MONTEZUMA_DEMANDTRIBUTE_HAPPY">
			<Text>이것들이 필요하다. 친구여, 그대가 이것들을 가지고 있다. 날 실망 시키지 말았으면 하는군!</Text>
		</Row>
		<Row Tag="TXT_KEY_LEADER_MONTEZUMA_DEMANDTRIBUTE_NEUTRAL">
			<Text>내가 원하는 것들을 내놓지 않으면 다 죽여버리겠다!</Text>
		</Row>
		<Row Tag="TXT_KEY_LEADER_MONTEZUMA_DISAGREE_SHORT_1">
			<Text>싫다.</Text>
		</Row>
		<Row Tag="TXT_KEY_LEADER_MONTEZUMA_DISAGREE_SHORT_2">
			<Text>웃기지 마라.</Text>
		</Row>
		<Row Tag="TXT_KEY_LEADER_MONTEZUMA_DISAGREE_SHORT_3">
			<Text>우리는 그것을 거절한다.</Text>
		</Row>
		<Row Tag="TXT_KEY_LEADER_MONTEZUMA_DISAGREE_SHORT_4">
			<Text>당연히 거절한다.</Text>
		</Row>
		<Row Tag="TXT_KEY_LEADER_MONTEZUMA_DISAGREE_SHORT_5">
			<Text>용납할 수 없다.</Text>
		</Row>
		<Row Tag="TXT_KEY_LEADER_MONTEZUMA_DISAGREE_SHORT_6">
			<Text>장난은 피를 부른다!</Text>
		</Row>
		<Row Tag="TXT_KEY_LEADER_MONTEZUMA_DISAGREE_SHORT_7">
			<Text>뭐라고?</Text>
		</Row>
		<Row Tag="TXT_KEY_LEADER_MONTEZUMA_FIRSTGREETING_1">
			<Text>반갑다. 이방인, 나의 거대한 힘과 위엄이 그리 놀라우냐! 입이 다물어지지 않는구나.</Text>
		</Row>
		<Row Tag="TXT_KEY_LEADER_MONTEZUMA_FIRSTGREETING_2">
			<Text>지금 내 앞에 뭐가 보이는지 아느냐? 아마도... 내 의식의 불꽃을 위한 살아 있는 심장?</Text>
		</Row>
		<Row Tag="TXT_KEY_LEADER_MONTEZUMA_FIRSTGREETING_3">
			<Text>나는 아즈텍의 황제인 몬테수마다! 넌 어떤 존재인가?</Text>
		</Row>
		<Row Tag="TXT_KEY_LEADER_MONTEZUMA_FIRSTGREETING_4">
			<Text>멈춰! 감히 위대한 나의 앞까지 당도한 자는 누구인가?</Text>
		</Row>
		<Row Tag="TXT_KEY_LEADER_MONTEZUMA_GOODBYE_1">
			<Text>잘 가거라.</Text>
		</Row>
		<Row Tag="TXT_KEY_LEADER_MONTEZUMA_GOODBYE_2">
			<Text>여기서 꺼져.</Text>
		</Row>
		<Row Tag="TXT_KEY_LEADER_MONTEZUMA_GOODBYE_3">
			<Text>또 볼 것이다.</Text>
		</Row>
		<Row Tag="TXT_KEY_LEADER_MONTEZUMA_GOODBYE_4">
			<Text>당장 꺼져.</Text>
		</Row>
		<Row Tag="TXT_KEY_LEADER_MONTEZUMA_GOODBYE_5">
			<Text>다 끝났다.</Text>
		</Row>
		<Row Tag="TXT_KEY_LEADER_MONTEZUMA_GOODBYE_6">
			<Text>이제 너와 볼 일이 없다.</Text>
		</Row>
		<Row Tag="TXT_KEY_LEADER_MONTEZUMA_GREETING_1">
			<Text>오거라.</Text>
		</Row>
		<Row Tag="TXT_KEY_LEADER_MONTEZUMA_GREETING_2">
			<Text>그래.</Text>
		</Row>
		<Row Tag="TXT_KEY_LEADER_MONTEZUMA_GREETING_3">
			<Text>반갑다.</Text>
		</Row>
		<Row Tag="TXT_KEY_LEADER_MONTEZUMA_GREETING_4">
			<Text>그래, 네놈이냐.</Text>
		</Row>
		<Row Tag="TXT_KEY_LEADER_MONTEZUMA_GREETING_5">
			<Text>어때?</Text>
		</Row>
		<Row Tag="TXT_KEY_LEADER_MONTEZUMA_GREETING_6">
			<Text>원하는 게 뭐냐?</Text>
		</Row>
		<Row Tag="TXT_KEY_LEADER_MONTEZUMA_GREETING_7">
			<Text>제물용 칼을 다 갈 때까지 기다리고 있어라.</Text>
		</Row>
		<Row Tag="TXT_KEY_LEADER_MONTEZUMA_LETSHEARIT_1">
			<Text>그래서.</Text>
		</Row>
		<Row Tag="TXT_KEY_LEADER_MONTEZUMA_LETSHEARIT_2">
			<Text>계속해라.</Text>
		</Row>
		<Row Tag="TXT_KEY_LEADER_MONTEZUMA_LETSHEARIT_3">
			<Text>듣고있다.</Text>
		</Row>
		<Row Tag="TXT_KEY_LEADER_MONTEZUMA_LETSHEARIT_4">
			<Text>뭐?</Text>
		</Row>
		<Row Tag="TXT_KEY_LEADER_MONTEZUMA_LETSHEARIT_5">
			<Text>뭐라고?</Text>
		</Row>
		<Row Tag="TXT_KEY_LEADER_MONTEZUMA_LETSHEARIT_6">
			<Text>그 다음엔?</Text>
		</Row>
		<Row Tag="TXT_KEY_LEADER_MONTEZUMA_LETSHEARIT_7">
			<Text>더 해봐.</Text>
		</Row>
		<Row Tag="TXT_KEY_LEADER_MONTEZUMA_LOSEWAR_1">
			<Text>이건 저주다! 이 굴욕감을 씻어내기 위해 만 명의 시민을 제물로 바칠 것이다!</Text>
		</Row>
		<Row Tag="TXT_KEY_LEADER_MONTEZUMA_TRADE_NEEDMORE_ANGRY_1">
			<Text>하, 하, 하! 장난치나? 부족하다. 더 올려라. 그렇지 않으면 너의 파멸을 맹세하겠다!</Text>
		</Row>
		<Row Tag="TXT_KEY_LEADER_MONTEZUMA_TRADE_NEEDMORE_ANGRY_2">
			<Text>부족하다.</Text>
		</Row>
		<Row Tag="TXT_KEY_LEADER_MONTEZUMA_TRADE_NEEDMORE_ANGRY_3">
			<Text>이보단 더 성의를 보여야만 한다.</Text>
		</Row>
		<Row Tag="TXT_KEY_LEADER_MONTEZUMA_TRADE_NEEDMORE_HAPPY_1">
			<Text>어리석은 자여! 나의 우정을 시험 치 말라! 이보다는 더 줘야 할 것이다!</Text>
		</Row>
		<Row Tag="TXT_KEY_LEADER_MONTEZUMA_TRADE_NEEDMORE_HAPPY_2">
			<Text>이게 우리 우정의 최선인가?</Text>
		</Row>
		<Row Tag="TXT_KEY_LEADER_MONTEZUMA_TRADE_NEEDMORE_HAPPY_3">
			<Text>조금만 더.</Text>
		</Row>
		<Row Tag="TXT_KEY_LEADER_MONTEZUMA_TRADE_NEEDMORE_NEUTRAL_1">
			<Text>부족해! 더! 알겠나? 더 올려!</Text>
		</Row>
		<Row Tag="TXT_KEY_LEADER_MONTEZUMA_TRADE_NEEDMORE_NEUTRAL_2">
			<Text>더 없어?!</Text>
		</Row>
		<Row Tag="TXT_KEY_LEADER_MONTEZUMA_TRADE_NEEDMORE_NEUTRAL_3">
			<Text>아직도 부족해.</Text>
		</Row>
		<Row Tag="TXT_KEY_LEADER_MONTEZUMA_TRADE_NEEDMORE_NEUTRAL_4">
			<Text>더.</Text>
		</Row>
		<Row Tag="TXT_KEY_LEADER_MONTEZUMA_TRADE_NO_ANGRY">
			<Text>싫다. 네 제안을 받아들일 바에는 달군 쇠꼬챙이로 내 창자에 구멍을 뚫는 편이 나을 것이다!</Text>
		</Row>
		<Row Tag="TXT_KEY_LEADER_MONTEZUMA_TRADE_NO_HAPPY">
			<Text>고맙지만 어렵다. 그 무가치한 것들은 도대체 어디다 써먹나?</Text>
		</Row>
		<Row Tag="TXT_KEY_LEADER_MONTEZUMA_TRADE_NO_NEUTRAL">
			<Text>눈뜬장님 같은 놈! 나는 그 자질구레한 것들보다 더 많이 갖고 있다.</Text>
		</Row>
		<Row Tag="TXT_KEY_LEADER_MONTEZUMA_TRADE_YES_ANGRY">
			<Text>알겠다. 내가 이성을 잃어 네놈을 이구아나의 밥으로 던져 버리기 전에 그 시체와 다름없는 불쾌한 몸뚱이를 끌고 꺼져라!</Text>
		</Row>
		<Row Tag="TXT_KEY_LEADER_MONTEZUMA_TRADE_YES_HAPPY">
			<Text>훌륭하다! 우리의 합의를 축하하기 위해 50명의 포로를 제물로 삼겠다!</Text>
		</Row>
		<Row Tag="TXT_KEY_LEADER_MONTEZUMA_TRADE_YES_NEUTRAL">
			<Text>알았다. 알았어. 무슨 소린지 알겠으니까, 다른 더 할 말이 있나?</Text>
		</Row>
		<Row Tag="TXT_KEY_LEADER_MONTEZUMA_TRADEREQUEST_ANGRY">
			<Text>이 조건들을 받아들이지 않는다면 너의 사람들이 고통에 몸부림치게 될 것이다.</Text>
		</Row>
		<Row Tag="TXT_KEY_LEADER_MONTEZUMA_TRADEREQUEST_HAPPY">
			<Text>이게 나의 조건이다. 이것을 거절하는 것은 친구에 대한 예의가 아닐 것이다.</Text>
		</Row>
		<Row Tag="TXT_KEY_LEADER_MONTEZUMA_TRADEREQUEST_NEUTRAL">
			<Text>이 제안을 받아들이지 않으면 결과가 고통스러울 것이다.</Text>
		</Row>
		<Row Tag="TXT_KEY_LEADER_MONTEZUMA_TRIBUTE_NO_ANGRY">
			<Text>뭐?! 안돼! 안돼! 안돼! 싫다 이 망할 자식아! 당장 내 도끼를 가지고 와라!</Text>
		</Row>
		<Row Tag="TXT_KEY_LEADER_MONTEZUMA_TRIBUTE_NO_HAPPY">
			<Text>지금 바로 떠나 주면 좋겠다. 너의 어리석음에 낭비할 시간은 없다.</Text>
		</Row>
		<Row Tag="TXT_KEY_LEADER_MONTEZUMA_TRIBUTE_NO_NEUTRAL">
			<Text>이런 하찮은 미물이! 그 말도 안 되는 소리에 침이나 뱉겠다! 캬악 퉤!</Text>
		</Row>
		<Row Tag="TXT_KEY_LEADER_MONTEZUMA_TRIBUTE_YES_ANGRY">
			<Text>알겠다. 그러나 그것으로는 안전치 못할 것이다. 이 일로 머지않아 너의 피를 보게 것이다!</Text>
		</Row>
		<Row Tag="TXT_KEY_LEADER_MONTEZUMA_TRIBUTE_YES_HAPPY">
			<Text>이런 이런, 너의 이 처량하고, 불쌍하기 짝이 없는 요청을 들어주게 되어 기쁘게 생각한다.</Text>
		</Row>
		<Row Tag="TXT_KEY_LEADER_MONTEZUMA_TRIBUTE_YES_NEUTRAL">
			<Text>뭐?! 안돼! 감히 있을 수 없는 소리다! 잠깐 생각이 바뀌었다. 그렇게 하도록 하지.</Text>
		</Row>
		<Row Tag="TXT_KEY_LEADER_MONTEZUMA_WARBLUFF_1">
			<Text>너는 지금 이런 날 상대로 위험한 놀이를 하고 있다.</Text>
		</Row>
		<Row Tag="TXT_KEY_LEADER_MONTEZUMA_WARBLUFF_2">
			<Text>좋아. 그러나 다음번에는 이렇게 편하게 끝나지 않는다!</Text>
		</Row>
		<Row Tag="TXT_KEY_LEADER_MONTEZUMA_WARBLUFF_3">
			<Text>실망스럽다.</Text>
		</Row>
		<Row Tag="TXT_KEY_LEADER_MONTEZUMA_WARBLUFF_4">
			<Text>아주 실망스럽다.</Text>
		</Row>
		<Row Tag="TXT_KEY_LEADER_MONTEZUMA_WARBLUFF_5">
			<Text>진심인가? 너의 근시안적인 결정을 후회하지 않을 것이라 믿는다.</Text>
		</Row>
		<Row Tag="TXT_KEY_LEADER_MONTEZUMA_WARBLUFF_6">
			<Text>이렇게 어리석을 수가.</Text>
		</Row>
		<Row Tag="TXT_KEY_LEADER_MONTEZUMA_WINWAR_1">
			<Text>으흐흐, 의식을 위한 제물용 포로들이 충분하니 모자를 때까지는 평화롭게 지내 보도록 하자!</Text>
		</Row>
	</Language_KO_KR>
</GameData>