<?xml version="1.0" encoding="utf-8"?>
<GameData>
	<Language_KO_KR>
		<Row Tag="TXT_KEY_LEADER_RAMESSES_AGREE_SHORT_1">
			<Text>좋구나.</Text>
		</Row>
		<Row Tag="TXT_KEY_LEADER_RAMESSES_AGREE_SHORT_2">
			<Text>괜찮군.</Text>
		</Row>
		<Row Tag="TXT_KEY_LEADER_RAMESSES_AGREE_SHORT_3">
			<Text>물론이지.</Text>
		</Row>
		<Row Tag="TXT_KEY_LEADER_RAMESSES_AGREE_SHORT_4">
			<Text>동의하겠네.</Text>
		</Row>
		<Row Tag="TXT_KEY_LEADER_RAMESSES_AGREE_SHORT_5">
			<Text>음, 좋군.</Text>
		</Row>
		<Row Tag="TXT_KEY_LEADER_RAMESSES_AGREE_SHORT_6">
			<Text>그러는 편이 옳겠구나.</Text>
		</Row>
		<Row Tag="TXT_KEY_LEADER_RAMESSES_AGREE_SHORT_7">
			<Text>훌륭하군.</Text>
		</Row>
		<Row Tag="TXT_KEY_LEADER_RAMESSES_ATTACKED_1">
			<Text>사악하고 어리석은 자여! 오늘 일을 후회하게 되리라!</Text>
		</Row>
		<Row Tag="TXT_KEY_LEADER_RAMESSES_ATTACKED_2">
			<Text>악당 같으니! 나의 신성한 분노를 맞을 준비를 하라!</Text>
		</Row>
		<Row Tag="TXT_KEY_LEADER_RAMESSES_ATTACKED_3">
			<Text>한심하고 어리석은 자여. 그대는 스스로와 그대의 불쌍한 문명을 파멸시켰도다.</Text>
		</Row>
		<Row Tag="TXT_KEY_LEADER_RAMESSES_DECLAREWAR_1">
			<Text>그대는 지구 위의 전염병이라. 죽을 준비를 하라.</Text>
		</Row>
		<Row Tag="TXT_KEY_LEADER_RAMESSES_DECLAREWAR_2">
			<Text>그대의 야만스러운 문명이 내 눈에 거슬리는구나. 전쟁에 대비하거라.</Text>
		</Row>
		<Row Tag="TXT_KEY_LEADER_RAMESSES_DECLAREWAR_3">
			<Text>별들이 나에게 말해주었으니, 나는 그대를 짓밟아야 하겠노라.</Text>
		</Row>
		<Row Tag="TXT_KEY_LEADER_RAMESSES_DEFEATED_1">
			<Text>어리석구나! 신은 패배하지 않는다! 나의 신성한 힘이 곧 그대를 부숴버리리라! 나는 확신하노라!</Text>
		</Row>
		<Row Tag="TXT_KEY_LEADER_RAMESSES_DEFEATED_2">
			<Text>그대는 아무것도 얻지 못했다. 나를 쓰러뜨리면 나의 영혼이 그대의 영혼을 지옥 밑바닥에 처박으리라!</Text>
		</Row>
		<Row Tag="TXT_KEY_LEADER_RAMESSES_DEFEATED_3">
			<Text>흥미롭구나. 비록 신이라도 패배할 수 있단 말인가. 그대의 승리를 축하하노라.</Text>
		</Row>
		<Row Tag="TXT_KEY_LEADER_RAMESSES_DEMANDTRIBUTE_ANGRY">
			<Text>우리의 요구를 들어주지 않는다면, 나의 신성한 분노에 직면케 되리라!</Text>
		</Row>
		<Row Tag="TXT_KEY_LEADER_RAMESSES_DEMANDTRIBUTE_HAPPY">
			<Text>나의 친우여, 이집트는 그대의 관대한 선물을 기쁘게 받아들이겠노라!</Text>
		</Row>
		<Row Tag="TXT_KEY_LEADER_RAMESSES_DEMANDTRIBUTE_NEUTRAL">
			<Text>그대가 살아남고 싶다면, 아래의 품목을 바쳐야 할 것이다.</Text>
		</Row>
		<Row Tag="TXT_KEY_LEADER_RAMESSES_DISAGREE_SHORT_1">
			<Text>안되네.</Text>
		</Row>
		<Row Tag="TXT_KEY_LEADER_RAMESSES_DISAGREE_SHORT_2">
			<Text>물론 안되네.</Text>
		</Row>
		<Row Tag="TXT_KEY_LEADER_RAMESSES_DISAGREE_SHORT_3">
			<Text>거절하도록 하지.</Text>
		</Row>
		<Row Tag="TXT_KEY_LEADER_RAMESSES_DISAGREE_SHORT_4">
			<Text>그럴 수는 없지.</Text>
		</Row>
		<Row Tag="TXT_KEY_LEADER_RAMESSES_DISAGREE_SHORT_5">
			<Text>받아들일 수 없군.</Text>
		</Row>
		<Row Tag="TXT_KEY_LEADER_RAMESSES_DISAGREE_SHORT_6">
			<Text>지금 장난하자는 건가?</Text>
		</Row>
		<Row Tag="TXT_KEY_LEADER_RAMESSES_DISAGREE_SHORT_7">
			<Text>다시 한 번 말해주겠나?</Text>
		</Row>
		<Row Tag="TXT_KEY_LEADER_RAMESSES_FIRSTGREETING_1">
			<Text>환영하네. 나는 위대한 이집트의 지배자이자, 신이기도 한 람세스라네. 그대는 내게 다가올 만큼 대담한 용기를 지녔군.</Text>
		</Row>
		<Row Tag="TXT_KEY_LEADER_RAMESSES_FIRSTGREETING_2">
			<Text>어서 오게. 나는 이집트의 람세스라고 한다네. 별들이 그대의 방문을 예언해두었지.</Text>
		</Row>
		<Row Tag="TXT_KEY_LEADER_RAMESSES_FIRSTGREETING_3">
			<Text>환영하네. 나는 이집트의 살아 있는 화신이자 모든 문명의 근원인 신, 람세스라네.</Text>
		</Row>
		<Row Tag="TXT_KEY_LEADER_RAMESSES_GOODBYE_1">
			<Text>좋은 하루가 되길.</Text>
		</Row>
		<Row Tag="TXT_KEY_LEADER_RAMESSES_GOODBYE_2">
			<Text>잘 가길 바라네.</Text>
		</Row>
		<Row Tag="TXT_KEY_LEADER_RAMESSES_GOODBYE_3">
			<Text>안녕히.</Text>
		</Row>
		<Row Tag="TXT_KEY_LEADER_RAMESSES_GOODBYE_4">
			<Text>다시 만날 때까지 잘 있도록.</Text>
		</Row>
		<Row Tag="TXT_KEY_LEADER_RAMESSES_GOODBYE_5">
			<Text>이만 떠나도록.</Text>
		</Row>
        <Row Tag="TXT_KEY_LEADER_RAMESSES_GOODBYE_6">
            <Text>이제 끝났군.</Text>
        </Row>
        <Row Tag="TXT_KEY_LEADER_RAMESSES_GOODBYE_7">
            <Text>더 이상은 볼일이 없네.</Text>
        </Row>
		<Row Tag="TXT_KEY_LEADER_RAMESSES_GREETING_1">
			<Text>환영하노라.</Text>
		</Row>
		<Row Tag="TXT_KEY_LEADER_RAMESSES_GREETING_2">
			<Text>안녕한가.</Text>
		</Row>
		<Row Tag="TXT_KEY_LEADER_RAMESSES_GREETING_3">
			<Text>어서 오게.</Text>
		</Row>
		<Row Tag="TXT_KEY_LEADER_RAMESSES_GREETING_4">
			<Text>날씨가 좋군.</Text>
		</Row>
		<Row Tag="TXT_KEY_LEADER_RAMESSES_GREETING_5">
			<Text>음, 그대인가.</Text>
		</Row>
		<Row Tag="TXT_KEY_LEADER_RAMESSES_GREETING_6">
			<Text>무슨 일인가?</Text>
		</Row>
        <Row Tag="TXT_KEY_LEADER_RAMESSES_GREETING_7">
            <Text>원하는 바가 무엇인가?</Text>
        </Row>
		<Row Tag="TXT_KEY_LEADER_RAMESSES_LETSHEARIT_1">
			<Text>말하라.</Text>
		</Row>
		<Row Tag="TXT_KEY_LEADER_RAMESSES_LETSHEARIT_2">
			<Text>계속하라.</Text>
		</Row>
		<Row Tag="TXT_KEY_LEADER_RAMESSES_LETSHEARIT_3">
			<Text>듣고 있네.</Text>
		</Row>
		<Row Tag="TXT_KEY_LEADER_RAMESSES_LETSHEARIT_4">
			<Text>그래?</Text>
		</Row>
		<Row Tag="TXT_KEY_LEADER_RAMESSES_LETSHEARIT_5">
			<Text>말하고 있었나?</Text>
		</Row>
		<Row Tag="TXT_KEY_LEADER_RAMESSES_LETSHEARIT_6">
			<Text>그래서?</Text>
		</Row>
		<Row Tag="TXT_KEY_LEADER_RAMESSES_LETSHEARIT_7">
			<Text>말해 보라.</Text>
		</Row>
		<Row Tag="TXT_KEY_LEADER_RAMESSES_LOSEWAR_1">
			<Text>나는 그대가 알다시피, 그대를 쓰러뜨릴 수 있었네만, 오늘은 그럴 기분이 들지 않더군.</Text>
		</Row>
		<Row Tag="TXT_KEY_LEADER_RAMESSES_TRADE_NEEDMORE_ANGRY_1">
			<Text>그것이 그대의 제안인가? 그보다 못한 자들은 번개를 맞고 불타버렸지. 더 분발해보게나.</Text>
		</Row>
		<Row Tag="TXT_KEY_LEADER_RAMESSES_TRADE_NEEDMORE_ANGRY_2">
			<Text>그 정도론 부족하군.</Text>
		</Row>
		<Row Tag="TXT_KEY_LEADER_RAMESSES_TRADE_NEEDMORE_ANGRY_3">
			<Text>더 제시해야 할 것이네.</Text>
		</Row>
		<Row Tag="TXT_KEY_LEADER_RAMESSES_TRADE_NEEDMORE_HAPPY_1">
			<Text>이러지 말게. 그대에겐 더 많은 것을 기대하였다네. 그대의 제안이 불공평함은 잘 알고 있을 터. 더 제시해주겠나?</Text>
		</Row>
		<Row Tag="TXT_KEY_LEADER_RAMESSES_TRADE_NEEDMORE_HAPPY_2">
			<Text>이것이 그대가 내놓을 수 있는 최선인가?</Text>
		</Row>
		<Row Tag="TXT_KEY_LEADER_RAMESSES_TRADE_NEEDMORE_HAPPY_3">
			<Text>조금만 더 내놓아 보게.</Text>
		</Row>
		<Row Tag="TXT_KEY_LEADER_RAMESSES_TRADE_NEEDMORE_NEUTRAL_1">
			<Text>자네도 알다시피 신에게도 돈이 필요하지. 더 내놓아야 할 것이노라.</Text>
		</Row>
		<Row Tag="TXT_KEY_LEADER_RAMESSES_TRADE_NEEDMORE_NEUTRAL_2">
			<Text>조금 더 내줄 수 있겠나?</Text>
		</Row>
		<Row Tag="TXT_KEY_LEADER_RAMESSES_TRADE_NEEDMORE_NEUTRAL_3">
			<Text>그 정도로는 한참 모자라네.</Text>
		</Row>
		<Row Tag="TXT_KEY_LEADER_RAMESSES_TRADE_NEEDMORE_NEUTRAL_4">
			<Text>조금만 더...</Text>
		</Row>
		<Row Tag="TXT_KEY_LEADER_RAMESSES_TRADE_NO_ANGRY">
			<Text>내가 왜 그대와의 거래를 원하겠나? 그대는 손에 닿는 모든 것을 타락시키지 않는가.</Text>
		</Row>
		<Row Tag="TXT_KEY_LEADER_RAMESSES_TRADE_NO_HAPPY">
			<Text>친구여, 그대의 제안은 고맙네만 거절하겠네. 하늘이 우리에게 필요한 모든 것을 제공해주네.</Text>
		</Row>
		<Row Tag="TXT_KEY_LEADER_RAMESSES_TRADE_NO_NEUTRAL">
			<Text>나는 신일세. 내게 어찌 그대에게 바랄 것이 있겠는가?</Text>
		</Row>
		<Row Tag="TXT_KEY_LEADER_RAMESSES_TRADE_YES_ANGRY">
			<Text>아주 좋아. 약속한걸세.</Text>
		</Row>
		<Row Tag="TXT_KEY_LEADER_RAMESSES_TRADE_YES_HAPPY">
			<Text>그대의 제안이 날 기쁘게 하는군. 훌륭하네."</Text>
		</Row>
		<Row Tag="TXT_KEY_LEADER_RAMESSES_TRADE_YES_NEUTRAL">
			<Text>그대의 제안은 받아들일 만 하군. 그대에게 나의 축복이 있기를.</Text>
		</Row>
		<Row Tag="TXT_KEY_LEADER_RAMESSES_TRADEREQUEST_ANGRY">
			<Text>이집트가 그대에게 조약을 제의하겠네. 거절하면 위험에 빠질 것이네.</Text>
		</Row>
		<Row Tag="TXT_KEY_LEADER_RAMESSES_TRADEREQUEST_HAPPY">
			<Text>모든 것을 꿰뚫어보는 나 람세스는 이 조약이 그대의 입맛에 맞으리란 걸 알고 있네.</Text>
		</Row>
		<Row Tag="TXT_KEY_LEADER_RAMESSES_TRADEREQUEST_NEUTRAL">
			<Text>자비로운 이집트가 그대에게 다음과 같은 거래를 제안해주지.</Text>
		</Row>
		<Row Tag="TXT_KEY_LEADER_RAMESSES_TRIBUTE_NO_ANGRY">
			<Text>내가 그대와 그대의 혈족에게 아홉대 동안의 저주를 내리기 전에 눈앞에서 사라져라!</Text>
		</Row>
		<Row Tag="TXT_KEY_LEADER_RAMESSES_TRIBUTE_NO_HAPPY">
			<Text>별들의 이야기에 따르면, 오늘은 실력을 행사하기에 적합한 날이 아니구나. 하지만 내일은...</Text>
		</Row>
		<Row Tag="TXT_KEY_LEADER_RAMESSES_TRIBUTE_NO_NEUTRAL">
			<Text>미친개의 자식 같으니라고! 어찌 감히 그딴 방식으로 위대한 이집트를 모욕하느냐!</Text>
		</Row>
		<Row Tag="TXT_KEY_LEADER_RAMESSES_TRIBUTE_YES_ANGRY">
			<Text>아, 그래. 신은 가장 저급한 짐승에게도 자비를 베풀곤 하지.</Text>
		</Row>
		<Row Tag="TXT_KEY_LEADER_RAMESSES_TRIBUTE_YES_HAPPY">
			<Text>내 그대의 기도에 응답하여 주리라, 나의 가장 믿음직한 친구여!</Text>
		</Row>
		<Row Tag="TXT_KEY_LEADER_RAMESSES_TRIBUTE_YES_NEUTRAL">
			<Text>안될 게 뭔가. 충성스런 하인에게 기쁜 마음으로 보상을 내려주지.</Text>
		</Row>
		<Row Tag="TXT_KEY_LEADER_RAMESSES_WARBLUFF_1">
			<Text>그대는 위험한 장난을 즐기는구나.</Text>
		</Row>
		<Row Tag="TXT_KEY_LEADER_RAMESSES_WARBLUFF_2">
			<Text>좋네. 내 앞으로는 그대에게 예를 지키지 않으리라!</Text>
		</Row>
		<Row Tag="TXT_KEY_LEADER_RAMESSES_WARBLUFF_3">
			<Text>실망스럽구나.</Text>
		</Row>
		<Row Tag="TXT_KEY_LEADER_RAMESSES_WARBLUFF_4">
			<Text>이 어찌 실망스럽다 하지 아니할 수 있겠느냐!</Text>
		</Row>
		<Row Tag="TXT_KEY_LEADER_RAMESSES_WARBLUFF_5">
			<Text>그러한가? 내 그대 스스로 짧은 식견을 후회할 때까지 그대가 살아남지 못할 것임을 확신하노라.</Text>
		</Row>
		<Row Tag="TXT_KEY_LEADER_RAMESSES_WARBLUFF_6">
			<Text>그대는 어리석기 짝이 없구나.</Text>
		</Row>
		<Row Tag="TXT_KEY_LEADER_RAMESSES_WINWAR_1">
			<Text>나에게 거역지 말라! 다음번에는 그대가 아무리 비참이 자비를 구하더라도 봐주지 아니하리라!</Text>
		</Row>
	</Language_KO_KR>
</GameData>